0;0;0;0;land;false;unknown;0
1;241;4;1;land;false;plains;7
2;225;24;1;land;false;hills;7
3;234;8;1;land;false;plains;7
4;227;64;1;land;false;hills;7
5;201;27;1;land;false;plains;7
6;223;20;1;land;false;hills;7
7;253;39;1;land;false;mountain;7
8;250;1;1;land;false;plains;7
9;220;62;1;land;false;hills;7
10;190;26;1;land;false;hills;7
11;208;11;1;land;false;hills;7
12;198;23;1;land;false;plains;7
13;221;28;1;land;false;plains;7
14;227;0;1;land;false;hills;7
15;193;4;1;land;false;plains;7
16;203;11;1;land;false;plains;7
17;202;22;1;land;false;plains;7
18;233;41;1;land;false;desert;7
19;249;62;1;land;false;plains;7
20;195;48;1;land;false;hills;7
21;196;20;1;land;false;hills;7
22;206;24;1;land;false;plains;7
23;202;19;1;land;false;hills;7
24;245;72;1;land;false;hills;7
25;23;57;1;land;false;jungle;7
26;0;87;1;land;false;plains;7
27;0;37;1;land;false;jungle;7
28;2;27;1;land;false;plains;7
29;15;76;1;land;false;hills;7
30;5;38;1;land;false;plains;7
31;25;41;1;land;false;forest;7
32;39;66;1;land;false;hills;7
33;115;167;1;land;false;hills;7
34;136;181;1;land;false;hills;7
35;98;119;1;land;false;hills;7
36;164;156;1;land;false;hills;7
37;100;173;1;land;false;plains;7
38;146;187;1;land;false;hills;7
39;145;123;1;land;false;plains;7
40;148;115;1;land;false;hills;7
41;161;123;1;land;false;hills;7
42;97;180;1;land;false;hills;7
43;146;159;1;land;false;hills;7
44;102;10;1;land;true;mountain;7
45;136;18;1;land;true;plains;7
46;155;36;1;land;true;mountain;7
47;148;6;1;land;false;mountain;7
48;149;8;1;land;false;mountain;7
49;103;41;1;land;false;hills;7
50;120;42;1;land;false;hills;7
51;162;44;1;land;false;hills;7
52;111;32;1;land;false;mountain;7
53;135;3;1;land;true;mountain;7
54;153;200;1;land;false;mountain;7
55;181;128;1;land;false;hills;7
56;207;199;1;land;false;hills;7
57;148;191;1;land;false;hills;7
58;134;148;1;land;false;hills;7
59;189;133;1;land;false;plains;7
60;185;151;1;land;false;plains;7
61;145;189;1;land;false;mountain;7
62;200;148;1;land;false;mountain;7
63;158;169;1;land;false;plains;7
64;169;171;1;land;false;hills;7
65;154;150;1;land;false;plains;7
66;200;36;1;land;false;forest;7
67;192;4;1;land;false;plains;7
68;165;6;1;land;false;hills;7
69;141;26;1;land;false;hills;7
70;185;3;1;land;false;hills;7
71;204;1;1;land;false;hills;7
72;185;22;1;land;false;mountain;7
73;162;35;1;land;false;forest;7
74;209;2;1;land;false;hills;7
75;174;52;1;land;false;forest;7
76;182;24;1;land;false;hills;7
77;207;47;1;land;false;hills;7
78;180;26;1;land;false;hills;7
79;77;84;1;land;false;hills;7
80;23;143;1;land;false;plains;7
81;64;101;1;land;false;hills;7
82;26;106;1;land;false;mountain;7
83;70;129;1;land;false;hills;7
84;36;157;1;land;true;hills;7
85;15;135;1;land;false;plains;7
86;68;89;1;land;true;mountain;7
87;35;117;1;land;false;hills;7
88;9;91;1;land;false;hills;7
89;45;143;1;land;false;plains;7
90;30;150;1;land;false;hills;7
91;29;89;1;land;false;hills;7
92;69;153;1;land;false;hills;7
93;42;97;1;land;false;mountain;7
94;6;104;1;land;false;mountain;7
95;44;106;1;land;false;plains;7
96;70;136;1;land;false;hills;7
97;80;151;1;land;true;mountain;7
98;8;149;1;land;false;hills;7
99;75;146;1;land;false;hills;7
100;75;93;1;land;false;hills;7
101;20;94;1;land;false;hills;7
102;44;97;1;land;false;hills;7
103;8;125;1;land;false;plains;7
104;23;124;1;land;false;hills;7
105;67;143;1;land;false;hills;7
106;65;175;1;land;false;mountain;7
107;96;149;1;land;false;hills;7
108;68;173;1;land;false;mountain;7
109;94;155;1;land;false;hills;7
110;124;107;1;land;false;hills;7
111;99;114;1;land;false;mountain;7
112;57;108;1;land;false;hills;7
113;102;151;1;land;false;mountain;7
114;63;101;1;land;false;plains;7
115;78;130;1;land;true;mountain;7
116;51;166;1;land;false;hills;7
117;100;215;1;land;false;hills;7
118;81;239;1;land;false;plains;7
119;98;253;1;land;false;plains;7
120;111;212;1;land;false;plains;7
121;95;221;1;land;false;plains;7
122;123;224;1;land;false;hills;7
123;78;110;1;land;false;hills;7
124;94;121;1;land;false;desert;7
125;83;169;1;land;false;hills;7
126;96;100;1;land;false;hills;7
127;61;96;1;land;false;hills;7
128;57;91;1;land;false;desert;7
129;74;253;1;land;false;plains;7
130;49;227;1;land;false;plains;7
131;54;211;1;land;false;plains;7
132;48;229;1;land;false;hills;7
133;66;221;1;land;true;hills;7
134;111;225;1;land;false;plains;7
135;83;234;1;land;false;plains;7
136;122;251;1;land;false;hills;7
137;92;209;1;land;false;hills;7
138;58;230;1;land;false;plains;7
139;70;234;1;land;false;hills;7
140;51;239;1;land;false;plains;7
141;115;220;1;land;false;plains;7
142;74;212;1;land;false;plains;7
143;74;218;1;land;true;plains;7
144;78;212;1;land;false;plains;7
145;95;244;1;land;true;plains;7
146;97;208;1;land;false;plains;7
147;54;247;1;land;true;plains;7
148;53;222;1;land;true;hills;7
149;118;236;1;land;false;plains;7
150;91;245;1;land;false;plains;7
151;106;233;1;land;true;plains;7
152;99;219;1;land;false;plains;7
153;93;232;1;land;false;hills;7
154;66;235;1;land;true;plains;7
155;53;254;1;land;false;hills;7
156;93;248;1;land;false;plains;7
157;91;236;1;land;false;plains;7
158;54;238;1;land;false;plains;7
159;50;245;1;land;false;plains;7
160;55;240;1;land;true;hills;7
161;75;238;1;land;false;plains;7
162;97;235;1;land;false;hills;7
163;60;249;1;land;false;plains;7
164;91;207;1;land;false;plains;7
165;49;220;1;land;false;hills;7
166;69;243;1;land;false;plains;7
167;54;249;1;land;false;plains;7
168;77;252;1;land;false;plains;7
169;115;234;1;land;false;plains;7
170;122;243;1;land;false;hills;7
171;79;207;1;land;true;plains;7
172;99;225;1;land;false;hills;7
173;85;215;1;land;false;plains;7
174;121;233;1;land;false;hills;7
175;154;181;1;land;false;hills;7
176;140;147;1;land;false;hills;7
177;110;176;1;land;true;hills;7
178;87;157;1;land;false;hills;7
179;95;153;1;land;false;mountain;7
180;122;122;1;land;false;hills;7
181;113;150;1;land;false;hills;7
182;108;143;1;land;false;forest;7
183;106;117;1;land;false;hills;7
184;137;117;1;land;false;plains;7
185;113;177;1;land;false;forest;7
186;101;161;1;land;true;hills;7
187;99;141;1;land;false;forest;7
188;127;158;1;land;false;hills;7
189;96;122;1;land;false;hills;7
190;97;174;1;land;false;forest;7
191;94;5;1;land;true;hills;7
192;137;27;1;land;true;hills;7
193;130;31;1;land;true;hills;7
194;156;19;1;land;false;plains;7
195;92;12;1;land;false;hills;7
196;103;35;1;land;false;forest;7
197;163;30;1;land;true;hills;7
198;108;30;1;land;false;mountain;7
199;123;19;1;land;false;plains;7
200;105;9;1;land;false;hills;7
201;133;8;1;land;false;hills;7
202;152;29;1;land;true;hills;7
203;108;21;1;land;false;hills;7
204;32;80;1;land;true;mountain;7
205;57;84;1;land;true;plains;7
206;64;120;1;land;true;plains;7
207;13;95;1;land;true;hills;7
208;21;138;1;land;true;forest;7
209;186;165;1;land;false;plains;7
210;172;191;1;land;false;plains;7
211;203;212;1;land;false;hills;7
212;187;171;1;land;false;plains;7
213;156;211;1;land;false;hills;7
214;242;100;1;land;false;hills;7
215;170;69;1;land;false;hills;7
216;229;126;1;land;false;hills;7
217;204;111;1;land;false;plains;7
218;207;50;1;land;false;plains;7
219;200;64;1;land;false;hills;7
220;179;56;1;land;false;hills;7
221;225;101;1;land;false;hills;7
222;233;104;1;land;false;hills;7
223;180;60;1;land;false;hills;7
224;179;106;1;land;false;hills;7
225;207;127;1;land;false;plains;7
226;112;124;1;land;true;desert;7
227;118;146;1;land;true;plains;7
228;99;164;1;land;true;plains;7
229;98;139;1;land;false;plains;7
230;68;155;1;land;false;desert;7
231;118;184;1;land;true;plains;7
232;137;36;1;land;false;hills;7
233;146;181;1;land;false;plains;7
234;144;185;1;land;false;plains;7
235;109;217;1;land;false;plains;7
236;166;142;1;land;false;hills;7
237;134;199;1;land;false;hills;7
238;156;162;1;land;false;plains;7
239;124;214;1;land;false;forest;7
240;143;207;1;land;false;plains;7
241;170;158;1;land;false;hills;7
242;122;159;1;land;false;hills;7
243;140;146;1;land;false;forest;7
244;131;139;1;land;false;plains;7
245;127;168;1;land;false;forest;7
246;163;192;1;land;false;plains;7
247;125;183;1;land;false;hills;7
248;174;191;1;land;false;hills;7
249;135;138;1;land;false;mountain;7
250;121;204;1;land;false;hills;7
251;157;149;1;land;false;hills;7
252;124;201;1;land;false;hills;7
253;129;195;1;land;false;hills;7
254;157;165;1;land;false;hills;7
255;132;210;1;land;false;hills;7
256;154;166;1;land;false;plains;7
257;99;165;1;land;false;plains;7
258;140;188;1;land;false;plains;7
259;104;210;1;land;false;hills;7
260;103;203;1;land;false;forest;7
261;157;205;1;land;false;hills;7
262;174;168;1;land;false;hills;7
263;127;178;1;land;false;hills;7
264;158;194;1;land;false;forest;7
265;125;143;1;land;false;plains;7
266;98;158;1;land;false;plains;7
267;122;148;1;land;false;mountain;7
268;134;139;1;land;false;hills;7
269;146;199;1;land;false;forest;7
270;107;198;1;land;false;plains;7
271;97;172;1;land;false;plains;7
272;154;183;1;land;false;hills;7
273;181;242;1;land;false;hills;7
274;158;226;1;land;false;mountain;7
275;137;238;1;land;false;hills;7
276;139;209;1;land;false;hills;7
277;148;242;1;land;false;plains;7
278;177;208;1;land;false;hills;7
279;116;240;1;land;false;hills;7
280;159;243;1;land;true;hills;7
281;110;224;1;land;false;hills;7
282;179;212;1;land;false;desert;7
283;148;228;1;land;false;hills;7
284;144;217;1;land;true;hills;7
285;179;251;1;land;false;hills;7
286;142;204;1;land;true;hills;7
287;144;223;1;land;true;hills;7
288;135;201;1;land;false;plains;7
289;162;227;1;land;false;desert;7
290;107;232;1;land;false;hills;7
291;132;245;1;land;false;hills;7
292;159;129;1;land;true;hills;7
293;188;63;1;land;true;plains;7
294;196;127;1;land;true;hills;7
295;197;65;1;land;false;plains;7
296;180;115;1;land;false;plains;7
297;134;74;1;land;true;hills;7
298;145;110;1;land;false;plains;7
299;139;64;1;land;false;hills;7
300;148;76;1;land;false;hills;7
301;128;90;1;land;false;hills;7
302;164;110;1;land;false;hills;7
303;165;97;1;land;false;hills;7
304;193;241;1;land;false;mountain;7
305;178;232;1;land;false;hills;7
306;149;233;1;land;false;mountain;7
307;185;221;1;land;false;mountain;7
308;176;247;1;land;true;plains;7
309;227;250;1;land;true;plains;7
310;233;100;1;land;false;mountain;7
311;177;125;1;land;false;hills;7
312;78;248;1;land;true;plains;7
313;41;206;1;land;false;plains;7
314;72;183;1;land;true;plains;7
315;80;212;1;land;false;hills;7
316;145;224;1;land;true;mountain;7
317;108;229;1;land;false;hills;7
318;144;241;1;land;false;hills;7
319;130;204;1;land;true;hills;7
320;93;226;1;land;true;hills;7
321;137;195;1;land;true;hills;7
322;89;189;1;land;true;hills;7
323;139;231;1;land;true;forest;7
324;84;226;1;land;false;hills;7
325;111;222;1;land;true;forest;7
326;72;187;1;land;false;hills;7
327;143;197;1;land;true;mountain;7
328;95;81;1;land;false;plains;7
329;115;78;1;land;false;plains;7
330;110;59;1;land;false;plains;7
331;157;98;1;land;false;plains;7
332;118;47;1;land;false;plains;7
333;102;61;1;land;false;plains;7
334;107;118;1;land;false;hills;7
335;111;65;1;land;false;plains;7
336;151;68;1;land;false;plains;7
337;139;85;1;land;false;plains;7
338;141;92;1;land;false;plains;7
339;141;107;1;land;false;plains;7
340;116;52;1;land;false;plains;7
341;117;125;1;land;false;plains;7
342;152;68;1;land;false;plains;7
343;124;120;1;land;false;plains;7
344;121;105;1;land;false;plains;7
345;107;86;1;land;false;hills;7
346;144;58;1;land;false;plains;7
347;86;74;1;land;false;plains;7
348;246;158;1;land;false;hills;7
349;247;177;1;land;true;hills;7
350;208;184;1;land;true;mountain;7
351;237;189;1;land;false;mountain;7
352;242;184;1;land;true;mountain;7
353;208;152;1;land;true;forest;7
354;228;187;1;land;true;mountain;7
355;212;164;1;land;true;hills;7
356;246;195;1;land;true;plains;7
357;216;179;1;land;true;plains;7
358;211;187;1;land;true;hills;7
359;220;159;1;land;false;hills;7
360;243;150;1;land;true;plains;7
361;233;76;1;land;false;plains;7
362;229;53;1;land;false;hills;7
363;235;23;1;land;false;plains;7
364;230;42;1;land;false;plains;7
365;219;65;1;land;false;plains;7
366;231;19;1;land;false;hills;7
367;242;78;1;land;false;plains;7
368;230;82;1;land;false;plains;7
369;224;38;1;land;false;plains;7
370;250;56;1;land;false;plains;7
371;216;30;1;land;false;plains;7
372;241;31;1;land;false;plains;7
373;239;56;1;land;false;plains;7
374;216;39;1;land;false;plains;7
375;237;80;1;land;false;plains;7
376;220;32;1;land;false;hills;7
377;218;44;1;land;false;plains;7
378;121;187;1;land;false;hills;7
379;153;184;1;land;false;mountain;7
380;156;175;1;land;false;mountain;7
381;164;3;1;land;false;hills;7
382;130;18;1;land;false;hills;7
383;161;38;1;land;false;hills;7
384;130;50;1;land;false;hills;7
385;163;183;1;land;false;hills;7
386;172;149;1;land;false;hills;7
387;221;137;1;land;false;hills;7
388;214;132;1;land;false;hills;7
389;230;205;1;land;false;mountain;7
390;32;26;1;land;false;hills;7
391;28;18;1;land;false;hills;7
392;61;19;1;land;false;hills;7
393;8;39;1;land;false;hills;7
394;0;46;1;land;false;hills;7
395;43;56;1;land;false;hills;7
396;43;28;1;land;false;hills;7
397;55;1;1;land;false;hills;7
398;46;47;1;land;false;desert;7
399;49;6;1;land;false;hills;7
400;41;17;1;land;false;mountain;7
401;56;8;1;land;false;hills;7
402;59;31;1;land;false;mountain;7
403;30;33;1;land;false;hills;7
404;48;14;1;land;false;hills;7
405;26;6;1;land;false;hills;7
406;2;61;1;land;false;mountain;7
407;35;52;1;land;false;hills;7
408;7;30;1;land;false;hills;7
409;8;60;1;land;false;desert;7
410;32;3;1;land;false;mountain;7
411;27;169;1;land;false;hills;7
412;26;122;1;land;false;desert;7
413;62;170;1;land;false;mountain;7
414;59;111;1;land;false;hills;7
415;33;115;1;land;false;hills;7
416;64;104;1;land;false;hills;7
417;60;142;1;land;false;hills;7
418;44;175;1;land;false;hills;7
419;74;66;1;land;false;hills;7
420;92;35;1;land;false;hills;7
421;86;16;1;land;false;mountain;7
422;86;11;1;land;false;hills;7
423;96;44;1;land;false;hills;7
424;52;11;1;land;false;hills;7
425;92;51;1;land;false;hills;7
426;32;44;1;land;true;hills;7
427;23;52;1;land;false;hills;7
428;52;7;1;land;true;mountain;7
429;45;68;1;land;true;mountain;7
430;187;138;1;land;false;hills;7
431;194;150;1;land;false;hills;7
432;206;73;1;land;false;hills;7
433;233;75;1;land;false;mountain;7
434;173;140;1;land;false;hills;7
435;216;92;1;land;false;hills;7
436;242;151;1;land;false;hills;7
437;234;133;1;land;true;mountain;7
438;177;126;1;land;false;forest;7
439;200;143;1;land;true;mountain;7
440;217;77;1;land;true;mountain;7
441;203;122;1;land;true;mountain;7
442;231;92;1;land;true;mountain;7
443;223;150;1;land;true;mountain;7
444;242;137;1;land;true;hills;7
445;240;72;1;land;false;hills;7
446;216;110;1;land;true;hills;7
447;220;124;1;land;false;hills;7
448;202;105;1;land;false;mountain;7
449;196;142;1;land;false;mountain;7
450;214;125;1;land;true;mountain;7
451;224;151;1;land;false;hills;7
452;236;163;1;land;false;hills;7
453;218;133;1;land;false;hills;7
454;254;97;1;land;false;plains;7
455;231;147;1;land;false;hills;7
456;209;94;1;land;false;plains;7
457;210;150;1;land;false;hills;7
458;230;115;1;land;false;hills;7
459;246;122;1;land;false;plains;7
460;134;218;1;land;false;plains;7
461;149;198;1;land;true;hills;7
462;106;196;1;land;true;hills;7
463;111;234;1;land;false;hills;7
464;78;188;1;land;false;hills;7
465;99;194;1;land;false;hills;7
466;82;252;1;land;false;hills;7
467;124;230;1;land;false;hills;7
468;124;233;1;land;false;hills;7
469;129;189;1;land;false;plains;7
470;102;244;1;land;true;plains;7
471;138;194;1;land;false;mountain;7
472;136;199;1;land;false;hills;7
473;133;191;1;land;false;plains;7
474;114;250;1;land;false;hills;7
475;101;250;1;land;true;hills;7
476;81;218;1;land;false;plains;7
477;134;253;1;land;false;hills;7
478;105;217;1;land;false;hills;7
479;84;244;1;land;false;hills;7
480;111;232;1;land;false;hills;7
481;103;193;1;land;false;hills;7
482;116;197;1;land;false;hills;7
483;140;100;1;land;false;hills;7
484;94;81;1;land;true;hills;7
485;128;67;1;land;false;mountain;7
486;125;112;1;land;false;hills;7
487;122;120;1;land;true;mountain;7
488;156;205;1;land;false;mountain;7
489;121;248;1;land;false;mountain;7
490;122;224;1;land;false;mountain;7
491;170;230;1;land;false;hills;7
492;127;249;1;land;false;hills;7
493;153;228;1;land;false;mountain;7
494;128;214;1;land;false;mountain;7
495;152;218;1;land;false;plains;7
496;159;83;1;land;false;plains;7
497;156;85;1;land;false;hills;7
498;186;112;1;land;false;forest;7
499;158;71;1;land;false;hills;7
500;11;206;1;land;true;forest;7
501;70;158;1;land;true;mountain;7
502;56;157;1;land;true;forest;7
503;20;193;1;land;false;mountain;7
504;26;178;1;land;true;plains;7
505;26;228;1;land;false;mountain;7
506;69;209;1;land;true;forest;7
507;57;54;1;land;false;plains;7
508;53;76;1;land;false;mountain;7
509;64;26;1;land;true;hills;7
510;3;34;1;land;true;hills;7
511;77;72;1;land;false;plains;7
512;54;28;1;land;false;hills;7
513;60;87;1;land;true;hills;7
514;76;73;1;land;true;hills;7
515;54;72;1;land;false;hills;7
516;35;24;1;land;false;hills;7
517;62;38;1;land;false;plains;7
518;64;27;1;land;true;plains;7
519;72;72;1;land;false;hills;7
520;35;65;1;land;false;hills;7
521;65;39;1;land;false;hills;7
522;40;85;1;land;false;mountain;7
523;74;59;1;land;false;hills;7
524;23;30;1;land;true;hills;7
525;50;83;1;land;false;mountain;7
526;67;85;1;land;false;hills;7
527;12;71;1;land;false;hills;7
528;5;90;1;land;false;plains;7
529;73;20;1;land;false;hills;7
530;14;53;1;land;false;hills;7
531;48;202;1;land;false;hills;7
532;53;241;1;land;false;hills;7
533;36;171;1;land;false;forest;7
534;43;203;1;land;false;hills;7
535;111;187;1;land;false;forest;7
536;93;243;1;land;false;plains;7
537;104;225;1;land;false;hills;7
538;52;240;1;land;false;plains;7
539;107;208;1;land;false;hills;7
540;32;244;1;land;false;hills;7
541;96;226;1;land;false;hills;7
542;111;221;1;land;false;plains;7
543;96;196;1;land;false;forest;7
544;67;209;1;land;false;hills;7
545;58;180;1;land;false;mountain;7
546;65;248;1;land;false;plains;7
547;67;227;1;land;false;forest;7
548;60;72;1;land;false;hills;7
549;104;42;1;land;false;hills;7
550;72;101;1;land;false;plains;7
551;89;105;1;land;false;hills;7
552;38;121;1;land;false;hills;7
553;27;121;1;land;false;plains;7
554;89;126;1;land;false;hills;7
555;39;136;1;land;false;hills;7
556;33;124;1;land;false;hills;7
557;65;111;1;land;false;hills;7
558;63;154;1;land;false;hills;7
559;21;139;1;land;false;plains;7
560;16;133;1;land;false;hills;7
561;83;118;1;land;false;hills;7
562;26;129;1;land;false;hills;7
563;27;119;1;land;false;hills;7
564;53;114;1;land;false;hills;7
565;38;89;1;land;false;hills;7
566;19;129;1;land;false;hills;7
567;41;80;1;land;false;hills;7
568;51;127;1;land;false;plains;7
569;49;158;1;land;false;mountain;7
570;20;117;1;land;false;hills;7
571;13;126;1;land;false;hills;7
572;30;149;1;land;false;hills;7
573;43;112;1;land;false;hills;7
574;35;137;1;land;false;mountain;7
575;71;114;1;land;false;hills;7
576;85;144;1;land;false;mountain;7
577;51;113;1;land;false;plains;7
578;53;202;1;land;false;plains;7
579;95;201;1;land;false;plains;7
580;97;203;1;land;false;plains;7
581;103;238;1;land;false;plains;7
582;45;220;1;land;false;plains;7
583;60;245;1;land;false;hills;7
584;103;249;1;land;false;plains;7
585;33;229;1;land;false;plains;7
586;48;222;1;land;false;plains;7
587;210;41;1;land;false;hills;7
588;211;54;1;land;false;plains;7
589;223;102;1;land;false;desert;7
590;177;116;1;land;false;plains;7
591;151;76;1;land;false;plains;7
592;169;46;1;land;false;plains;7
593;175;40;1;land;false;plains;7
594;153;95;1;land;false;plains;7
595;173;50;1;land;false;forest;7
596;225;102;1;land;false;plains;7
597;196;63;1;land;false;plains;7
598;199;49;1;land;false;plains;7
599;215;109;1;land;false;plains;7
600;198;95;1;land;false;hills;7
601;207;54;1;land;false;plains;7
602;176;96;1;land;false;plains;7
603;173;230;1;land;true;mountain;7
604;192;176;1;land;true;mountain;7
605;212;170;1;land;true;desert;7
606;181;205;1;land;true;mountain;7
607;160;156;1;land;false;mountain;7
608;168;158;1;land;false;mountain;7
609;175;226;1;land;true;mountain;7
610;158;154;1;land;false;mountain;7
611;175;164;1;land;true;mountain;7
612;175;169;1;land;false;hills;7
613;161;205;1;land;true;plains;7
614;231;169;1;land;true;plains;7
615;234;188;1;land;true;plains;7
616;223;159;1;land;true;mountain;7
617;191;225;1;land;false;mountain;7
618;209;168;1;land;false;hills;7
619;210;158;1;land;false;mountain;7
620;219;77;1;land;false;plains;7
621;246;69;1;land;false;hills;7
622;253;96;1;land;false;hills;7
623;219;61;1;land;false;plains;7
624;206;123;1;land;false;plains;7
625;212;64;1;land;false;hills;7
626;227;74;1;land;false;plains;7
627;226;124;1;land;false;plains;7
628;123;16;1;land;true;hills;7
629;103;33;1;land;true;hills;7
630;131;48;1;land;false;plains;7
631;122;15;1;land;true;hills;7
632;147;218;1;land;true;hills;7
633;118;218;1;land;true;hills;7
634;156;176;1;land;true;mountain;7
635;149;170;1;land;true;plains;7
636;191;148;1;land;false;hills;7
637;152;148;1;land;true;hills;7
638;168;141;1;land;true;plains;7
639;175;141;1;land;false;hills;7
640;183;170;1;land;false;mountain;7
641;124;188;1;land;false;plains;7
642;155;151;1;land;false;hills;7
643;108;207;1;land;true;hills;7
644;149;143;1;land;false;mountain;7
645;137;78;1;land;true;forest;7
646;182;49;1;land;true;forest;7
647;162;109;1;land;true;forest;7
648;210;70;1;land;true;hills;7
649;207;60;1;land;true;hills;7
650;202;59;1;land;true;forest;7
651;148;51;1;land;true;hills;7
652;163;62;1;land;true;hills;7
653;205;65;1;land;true;hills;7
654;210;50;1;land;true;forest;7
655;165;47;1;land;false;forest;7
656;206;44;1;land;true;hills;7
657;165;101;1;land;true;hills;7
658;53;45;1;land;false;plains;7
659;64;71;1;land;false;plains;7
660;71;46;1;land;false;plains;7
661;106;41;1;land;false;plains;7
662;101;44;1;land;false;plains;7
663;75;29;1;land;false;hills;7
664;91;21;1;land;false;plains;7
665;68;59;1;land;false;plains;7
666;58;13;1;land;false;hills;7
667;60;40;1;land;false;plains;7
668;106;40;1;land;false;plains;7
669;107;29;1;land;false;plains;7
670;104;8;1;land;false;desert;7
671;80;172;1;land;false;forest;7
672;72;132;1;land;false;forest;7
673;99;128;1;land;false;hills;7
674;132;185;1;land;false;forest;7
675;116;172;1;land;false;forest;7
676;115;153;1;land;false;hills;7
677;89;185;1;land;false;plains;7
678;215;29;1;land;false;hills;7
679;242;39;1;land;false;mountain;7
680;242;21;1;land;false;mountain;7
681;191;26;1;land;true;mountain;7
682;190;34;1;land;false;hills;7
683;226;20;1;land;true;mountain;7
684;203;39;1;land;true;hills;7
685;200;35;1;land;false;hills;7
686;239;29;1;land;false;mountain;7
687;229;0;1;land;false;hills;7
688;243;2;1;land;false;hills;7
689;192;9;1;land;false;mountain;7
690;233;43;1;land;false;hills;7
691;242;22;1;land;false;mountain;7
692;242;8;1;land;false;hills;7
693;197;38;1;land;true;plains;7
694;189;21;1;land;false;hills;7
695;224;7;1;land;false;mountain;7
696;194;21;1;land;false;mountain;7
697;246;7;1;land;false;hills;7
698;223;31;1;land;false;hills;7
699;196;24;1;land;true;plains;7
700;252;25;1;land;false;mountain;7
701;207;35;1;land;false;hills;7
702;186;8;1;land;false;mountain;7
703;246;33;1;land;false;mountain;7
704;235;2;1;land;false;mountain;7
705;205;13;1;land;false;mountain;7
706;219;129;1;land;true;plains;7
707;228;94;1;land;false;mountain;7
708;201;140;1;land;true;mountain;7
709;212;152;1;land;true;mountain;7
710;249;135;1;land;false;mountain;7
711;219;88;1;land;false;hills;7
712;3;116;1;land;false;hills;7
713;33;94;1;land;false;hills;7
714;57;161;1;land;false;hills;7
715;47;129;1;land;false;hills;7
716;144;132;1;land;false;hills;7
717;191;82;1;land;false;plains;7
718;142;105;1;land;false;hills;7
719;163;89;1;land;false;hills;7
720;134;113;1;land;false;hills;7
721;142;121;1;land;false;hills;7
722;126;109;1;land;false;hills;7
723;130;62;1;land;false;hills;7
724;186;123;1;land;false;hills;7
725;116;81;1;land;false;mountain;7
726;170;94;1;land;false;hills;7
727;183;122;1;land;false;hills;7
728;123;82;1;land;false;hills;7
729;150;71;1;land;false;plains;7
730;154;68;1;land;false;hills;7
731;151;73;1;land;false;hills;7
732;165;81;1;land;false;hills;7
733;117;109;1;land;false;hills;7
734;177;218;1;land;false;hills;7
735;153;223;1;land;false;hills;7
736;177;215;1;land;false;hills;7
737;157;236;1;land;false;hills;7
738;222;227;1;land;false;hills;7
739;157;220;1;land;false;hills;7
740;202;225;1;land;false;plains;7
741;211;244;1;land;false;plains;7
742;152;212;1;land;false;plains;7
743;221;253;1;land;true;hills;7
744;188;236;1;land;true;plains;7
745;148;216;1;land;false;plains;7
746;198;217;1;land;false;hills;7
747;191;249;1;land;false;hills;7
748;162;211;1;land;true;hills;7
749;189;233;1;land;false;plains;7
750;211;241;1;land;false;plains;7
751;204;208;1;land;false;plains;7
752;201;231;1;land;false;plains;7
753;204;207;1;land;false;plains;7
754;171;234;1;land;false;plains;7
755;176;132;1;land;false;hills;7
756;182;129;1;land;false;hills;7
757;175;96;1;land;false;plains;7
758;227;97;1;land;false;forest;7
759;183;109;1;land;false;hills;7
760;227;83;1;land;false;forest;7
761;203;73;1;land;false;hills;7
762;204;84;1;land;false;forest;7
763;239;18;1;land;true;hills;7
764;220;57;1;land;true;hills;7
765;220;6;1;land;false;mountain;7
766;178;41;1;land;false;hills;7
767;197;35;1;land;false;mountain;7
768;213;44;1;land;false;mountain;7
769;195;27;1;land;false;mountain;7
770;193;0;1;land;false;hills;7
771;201;2;1;land;true;hills;7
772;207;12;1;land;false;hills;7
773;233;48;1;land;false;mountain;7
774;248;22;1;land;false;mountain;7
775;205;32;1;land;true;hills;7
776;238;51;1;land;false;mountain;7
777;177;20;1;land;false;hills;7
778;248;170;1;land;false;hills;7
779;231;189;1;land;false;hills;7
780;236;159;1;land;false;hills;7
781;252;210;1;land;false;hills;7
782;254;153;1;land;false;hills;7
783;215;221;1;land;false;hills;7
784;210;190;1;land;false;hills;7
785;217;151;1;land;false;hills;7
786;207;193;1;land;false;hills;7
787;250;154;1;land;false;hills;7
788;36;39;1;land;false;plains;7
789;23;16;1;land;false;plains;7
790;31;25;1;land;false;plains;7
791;41;75;1;land;false;hills;7
792;16;71;1;land;false;plains;7
793;5;54;1;land;false;plains;7
794;33;43;1;land;false;plains;7
795;39;18;1;land;false;plains;7
796;3;10;1;land;false;plains;7
797;14;61;1;land;false;plains;7
798;19;35;1;land;false;plains;7
799;39;74;1;land;false;plains;7
800;24;10;1;land;false;hills;7
801;25;59;1;land;false;hills;7
802;26;36;1;land;false;plains;7
803;27;58;1;land;false;plains;7
804;167;5;1;land;true;hills;7
805;105;18;1;land;true;plains;7
806;171;5;1;land;true;plains;7
807;112;8;1;land;true;plains;7
808;150;7;1;land;false;hills;7
809;125;23;1;land;true;mountain;7
810;117;27;1;land;false;mountain;7
811;135;21;1;land;true;plains;7
812;105;15;1;land;true;hills;7
813;116;33;1;land;true;plains;7
814;154;13;1;land;true;plains;7
815;121;30;1;land;true;plains;7
816;113;1;1;land;true;hills;7
817;159;38;1;land;false;hills;7
818;181;121;1;land;false;hills;7
819;158;127;1;land;false;mountain;7
820;151;126;1;land;false;hills;7
821;177;173;1;land;false;hills;7
822;130;186;1;land;false;plains;7
823;126;118;1;land;false;hills;7
824;156;126;1;land;false;plains;7
825;137;165;1;land;false;hills;7
826;189;121;1;land;false;plains;7
827;189;170;1;land;false;mountain;7
828;189;143;1;land;false;hills;7
829;169;188;1;land;false;hills;7
830;148;138;1;land;false;hills;7
831;154;125;1;land;false;plains;7
832;197;125;1;land;false;hills;7
833;134;142;1;land;false;plains;7
834;188;148;1;land;false;mountain;7
835;130;178;1;land;false;hills;7
836;145;138;1;land;false;hills;7
837;132;182;1;land;false;hills;7
838;160;39;1;land;false;plains;7
839;182;4;1;land;false;plains;7
840;168;14;1;land;false;plains;7
841;213;49;1;land;false;plains;7
842;164;21;1;land;false;plains;7
843;154;40;1;land;false;mountain;7
844;168;52;1;land;true;plains;7
845;172;47;1;land;true;mountain;7
846;199;45;1;land;false;plains;7
847;138;16;1;land;true;mountain;7
848;210;30;1;land;false;hills;7
849;149;29;1;land;true;mountain;7
850;148;36;1;land;false;plains;7
851;208;37;1;land;true;mountain;7
852;136;10;1;land;false;plains;7
853;175;9;1;land;false;plains;7
854;175;42;1;land;false;plains;7
855;180;53;1;land;false;plains;7
856;158;19;1;land;false;mountain;7
857;201;28;1;land;true;plains;7
858;163;6;1;land;false;plains;7
859;144;47;1;land;false;plains;7
860;201;10;1;land;false;plains;7
861;18;148;1;land;false;plains;7
862;32;152;1;land;false;desert;7
863;36;138;1;land;false;desert;7
864;42;128;1;land;false;plains;7
865;23;110;1;land;false;plains;7
866;11;143;1;land;false;plains;7
867;44;149;1;land;false;plains;7
868;55;77;1;land;false;hills;7
869;9;150;1;land;false;plains;7
870;50;119;1;land;false;desert;7
871;53;98;1;land;false;plains;7
872;1;110;1;land;false;plains;7
873;74;229;1;land;true;mountain;7
874;82;190;1;land;true;mountain;7
875;194;126;1;land;false;plains;7
876;195;114;1;land;false;plains;7
877;252;105;1;land;false;hills;7
878;245;99;1;land;false;hills;7
879;178;53;1;land;false;mountain;7
880;205;101;1;land;false;plains;7
881;13;242;1;land;false;plains;7
882;21;224;1;land;false;hills;7
883;41;181;1;land;false;plains;7
884;8;225;1;land;false;plains;7
885;13;214;1;land;false;hills;7
886;4;200;1;land;false;plains;7
887;41;200;1;land;true;mountain;7
888;32;187;1;land;false;mountain;7
889;6;230;1;land;false;plains;7
890;31;247;1;land;false;plains;7
891;25;227;1;land;false;plains;7
892;222;95;1;land;false;hills;7
893;223;77;1;land;true;mountain;7
894;216;90;1;land;true;hills;7
895;238;81;1;land;true;mountain;7
896;240;102;1;land;true;forest;7
897;220;132;1;land;true;forest;7
898;211;115;1;land;true;mountain;7
899;225;99;1;land;false;hills;7
900;234;62;1;land;false;hills;7
901;205;118;1;land;false;mountain;7
902;246;66;1;land;true;forest;7
903;215;127;1;land;true;mountain;7
904;68;86;1;land;true;hills;7
905;15;86;1;land;true;plains;7
906;23;125;1;land;true;hills;7
907;26;92;1;land;true;hills;7
908;43;230;1;land;false;plains;7
909;11;221;1;land;false;plains;7
910;18;190;1;land;false;plains;7
911;29;219;1;land;false;plains;7
912;56;236;1;land;false;hills;7
913;8;248;1;land;false;plains;7
914;2;228;1;land;false;plains;7
915;73;194;1;land;false;plains;7
916;60;229;1;land;true;hills;7
917;14;240;1;land;false;plains;7
918;46;213;1;land;true;hills;7
919;58;212;1;land;false;hills;7
920;47;232;1;land;true;hills;7
921;25;222;1;land;true;hills;7
922;58;233;1;land;true;hills;7
923;7;192;1;land;false;plains;7
924;32;239;1;land;false;plains;7
925;3;248;1;land;false;plains;7
926;48;249;1;land;false;plains;7
927;1;204;1;land;true;hills;7
928;26;225;1;land;false;hills;7
929;69;232;1;land;true;hills;7
930;187;31;1;land;false;hills;7
931;123;64;1;land;false;hills;7
932;177;37;1;land;false;hills;7
933;135;90;1;land;false;mountain;7
934;214;107;1;land;false;plains;7
935;192;78;1;land;false;plains;7
936;171;88;1;land;false;plains;7
937;240;99;1;land;false;plains;7
938;164;44;1;land;false;hills;7
939;230;48;1;land;false;plains;7
940;190;73;1;land;false;hills;7
941;215;86;1;land;false;hills;7
942;239;73;1;land;false;hills;7
943;166;99;1;land;false;mountain;7
944;221;56;1;land;false;plains;7
945;234;54;1;land;false;hills;7
946;242;43;1;land;false;hills;7
947;232;98;1;land;false;plains;7
948;203;87;1;land;false;plains;7
949;224;92;1;land;false;plains;7
950;216;49;1;land;false;plains;7
951;238;216;1;land;false;hills;7
952;232;166;1;land;false;hills;7
953;250;189;1;land;false;hills;7
954;241;159;1;land;false;forest;7
955;207;166;1;land;false;forest;7
956;200;210;1;land;false;hills;7
957;239;182;1;land;false;plains;7
958;192;213;1;land;false;plains;7
959;190;159;1;land;false;hills;7
960;222;182;1;land;false;plains;7
961;228;190;1;land;false;hills;7
962;223;213;1;land;false;plains;7
963;202;231;1;land;false;plains;7
964;177;199;1;land;false;hills;7
965;194;163;1;land;false;hills;7
966;235;229;1;land;false;plains;7
967;188;196;1;land;false;hills;7
968;244;195;1;land;false;hills;7
969;198;174;1;land;false;plains;7
970;211;177;1;land;false;plains;7
971;190;160;1;land;false;hills;7
972;194;178;1;land;false;hills;7
973;210;162;1;land;false;plains;7
974;234;181;1;land;false;plains;7
975;205;172;1;land;false;hills;7
976;207;170;1;land;false;plains;7
977;175;194;1;land;false;hills;7
978;226;211;1;land;false;hills;7
979;241;217;1;land;false;plains;7
980;209;196;1;land;false;hills;7
981;202;224;1;land;false;plains;7
982;191;175;1;land;false;hills;7
983;228;175;1;land;false;hills;7
984;46;38;1;land;false;mountain;7
985;118;7;1;land;false;hills;7
986;118;80;1;land;false;plains;7
987;90;27;1;land;false;mountain;7
988;56;12;1;land;false;mountain;7
989;73;57;1;land;false;hills;7
990;70;51;1;land;false;plains;7
991;59;53;1;land;false;mountain;7
992;58;26;1;land;false;mountain;7
993;102;64;1;land;false;hills;7
994;114;35;1;land;false;mountain;7
995;67;19;1;land;false;hills;7
996;47;69;1;land;false;mountain;7
997;64;7;1;land;false;hills;7
998;116;78;1;land;false;hills;7
999;71;38;1;land;false;hills;7
1000;54;190;1;land;false;plains;7
1001;113;194;1;land;false;plains;7
1002;53;180;1;land;false;plains;7
1003;95;132;1;land;false;plains;7
1004;123;174;1;land;false;hills;7
1005;79;185;1;land;false;plains;7
1006;34;142;1;land;false;plains;7
1007;6;133;1;land;false;plains;7
1008;3;144;1;land;false;hills;7
1009;21;118;1;land;false;hills;7
1010;14;161;1;land;false;plains;7
1011;19;100;1;land;false;plains;7
1012;25;146;1;land;false;hills;7
1013;22;151;1;land;false;hills;7
1014;6;160;1;land;false;hills;7
1015;28;157;1;land;false;hills;7
1016;20;121;1;land;true;hills;7
1017;45;100;1;land;false;hills;7
1018;37;121;1;land;true;plains;7
1019;21;144;1;land;true;plains;7
1020;19;120;1;land;false;hills;7
1021;14;106;1;land;false;plains;7
1022;47;155;1;land;false;plains;7
1023;14;96;1;land;false;plains;7
1024;20;154;1;land;true;hills;7
1025;48;149;1;land;true;hills;7
1026;13;118;1;land;false;plains;7
1027;32;141;1;land;false;plains;7
1028;7;99;1;land;false;plains;7
1029;39;120;1;land;true;hills;7
1030;45;164;1;land;false;plains;7
1031;34;138;1;land;false;plains;7
1032;48;113;1;land;false;hills;7
1033;10;118;1;land;false;hills;7
1034;43;116;1;land;true;hills;7
1035;55;63;1;land;false;plains;7
1036;11;47;1;land;false;hills;7
1037;7;52;1;land;false;hills;7
1038;51;20;1;land;false;plains;7
1039;73;66;1;land;false;plains;7
1040;24;52;1;land;false;plains;7
1041;10;51;1;land;false;plains;7
1042;58;42;1;land;false;plains;7
1043;50;16;1;land;false;plains;7
1044;64;25;1;land;false;plains;7
1045;36;17;1;land;false;plains;7
1046;30;52;1;land;false;plains;7
1047;15;46;1;land;false;plains;7
1048;69;34;1;land;false;plains;7
1049;65;20;1;land;false;plains;7
1050;14;64;1;land;false;plains;7
1051;53;1;1;land;false;plains;7
1052;14;33;1;land;false;plains;7
1053;32;62;1;land;false;plains;7
1054;73;172;1;land;false;hills;7
1055;23;141;1;land;false;hills;7
1056;62;168;1;land;true;mountain;7
1057;12;120;1;land;true;mountain;7
1058;81;131;1;land;true;mountain;7
1059;61;128;1;land;false;mountain;7
1060;72;172;1;land;true;plains;7
1061;91;199;1;land;true;mountain;7
1062;138;201;1;land;true;forest;7
1063;126;233;1;land;false;mountain;7
1064;70;210;1;land;false;hills;7
1065;136;248;1;land;true;mountain;7
1066;117;244;1;land;false;mountain;7
1067;132;232;1;land;false;hills;7
1068;108;208;1;land;false;hills;7
1069;90;185;1;land;false;forest;7
1070;75;221;1;land;false;mountain;7
1071;79;198;1;land;true;mountain;7
1072;119;69;1;land;false;forest;7
1073;138;90;1;land;false;hills;7
1074;117;87;1;land;false;forest;7
1075;105;62;1;land;false;hills;7
1076;89;43;1;land;false;plains;7
1077;147;116;1;land;false;plains;7
1078;152;66;1;land;false;plains;7
1079;78;42;1;land;false;hills;7
1080;1;68;1;land;false;hills;7
1081;11;51;1;land;false;hills;7
1082;52;62;1;land;true;hills;7
1083;35;83;1;land;false;hills;7
1084;49;12;1;land;false;hills;7
1085;29;27;1;land;false;mountain;7
1086;44;60;1;land;false;mountain;7
1087;48;59;1;land;false;hills;7
1088;22;75;1;land;false;hills;7
1089;12;22;1;land;false;hills;7
1090;48;15;1;land;false;hills;7
1091;220;188;1;land;false;hills;7
1092;224;144;1;land;false;hills;7
1093;170;141;1;land;false;hills;7
1094;207;133;1;land;false;hills;7
1095;196;176;1;land;false;plains;7
1096;227;188;1;land;false;plains;7
1097;162;130;1;land;false;hills;7
1098;184;157;1;land;false;hills;7
1099;178;183;1;land;false;hills;7
1100;221;160;1;land;false;mountain;7
1101;232;174;1;land;false;hills;7
1102;198;185;1;land;false;plains;7
1103;186;131;1;land;false;hills;7
1104;170;149;1;land;false;hills;7
1105;216;194;1;land;false;mountain;7
1106;201;189;1;land;false;hills;7
1107;195;169;1;land;false;plains;7
1108;153;180;1;land;false;plains;7
1109;180;195;1;land;false;plains;7
1110;173;148;1;land;false;mountain;7
1111;230;165;1;land;false;hills;7
1112;170;170;1;land;false;hills;7
1113;199;137;1;land;false;hills;7
1114;162;187;1;land;false;plains;7
1115;208;132;1;land;false;hills;7
1116;183;144;1;land;false;hills;7
1117;173;133;1;land;false;plains;7
1118;217;182;1;land;false;plains;7
1119;203;143;1;land;false;plains;7
1120;210;140;1;land;false;hills;7
1121;185;203;1;land;false;hills;7
1122;179;134;1;land;false;plains;7
1123;185;12;1;land;false;hills;7
1124;176;41;1;land;false;hills;7
1125;170;59;1;land;false;plains;7
1126;176;21;1;land;false;plains;7
1127;223;57;1;land;false;hills;7
1128;46;116;1;land;false;hills;7
1129;39;133;1;land;false;mountain;7
1130;58;152;1;land;false;mountain;7
1131;43;161;1;land;false;plains;7
1132;105;98;1;land;false;hills;7
1133;69;86;1;land;false;hills;7
1134;109;122;1;land;false;hills;7
1135;91;118;1;land;false;forest;7
1136;103;116;1;land;false;hills;7
1137;76;134;1;land;false;hills;7
1138;39;124;1;land;false;mountain;7
1139;53;236;1;land;false;hills;7
1140;44;238;1;land;true;hills;7
1141;97;249;1;land;true;hills;7
1142;119;242;1;land;false;mountain;7
1143;78;211;1;land;true;plains;7
1144;71;232;1;land;false;hills;7
1145;71;227;1;land;true;mountain;7
1146;58;234;1;land;false;hills;7
1147;113;252;1;land;false;hills;7
1148;96;253;1;land;true;plains;7
1149;100;233;1;land;true;plains;7
1150;48;225;1;land;false;hills;7
1151;107;239;1;land;false;mountain;7
1152;98;153;1;land;true;hills;7
1153;88;135;1;land;true;hills;7
1154;128;232;1;land;false;forest;7
1155;103;248;1;land;false;hills;7
1156;97;224;1;land;false;forest;7
1157;146;245;1;land;false;forest;7
1158;153;236;1;land;false;mountain;7
1159;156;217;1;land;false;hills;7
1160;149;250;1;land;false;plains;7
1161;87;146;1;land;false;hills;7
1162;75;103;1;land;false;mountain;7
1163;60;96;1;land;false;mountain;7
1164;100;121;1;land;false;desert;7
1165;83;147;1;land;false;hills;7
1166;89;159;1;land;false;desert;7
1167;75;132;1;land;false;desert;7
1168;98;141;1;land;false;plains;7
1169;134;141;1;land;false;plains;7
1170;104;122;1;land;false;hills;7
1171;87;92;1;land;false;mountain;7
1172;101;150;1;land;false;hills;7
1173;90;111;1;land;false;mountain;7
1174;62;126;1;land;false;desert;7
1175;127;101;1;land;false;hills;7
1176;173;172;1;land;true;forest;7
1177;109;149;1;land;true;hills;7
1178;121;36;1;land;true;hills;7
1179;177;40;1;land;true;hills;7
1180;134;13;1;land;true;hills;7
1181;191;24;1;land;true;mountain;7
1182;122;2;1;land;true;mountain;7
1183;172;30;1;land;true;hills;7
1184;126;36;1;land;true;mountain;7
1185;20;251;1;land;false;hills;7
1186;6;253;1;land;false;mountain;7
1187;21;202;1;land;true;mountain;7
1188;19;183;1;land;false;mountain;7
1189;33;192;1;land;false;mountain;7
1190;50;181;1;land;true;plains;7
1191;11;254;1;land;true;hills;7
1192;1;206;1;land;true;hills;7
1193;54;217;1;land;true;hills;7
1194;13;233;1;land;false;hills;7
1195;25;201;1;land;false;hills;7
1196;70;223;1;land;false;hills;7
1197;92;244;1;land;false;hills;7
1198;31;246;1;land;true;hills;7
1199;50;217;1;land;false;hills;7
1200;106;210;1;land;true;hills;7
1201;87;195;1;land;false;hills;7
1202;95;213;1;land;false;plains;7
1203;46;254;1;land;false;hills;7
1204;81;253;1;land;false;hills;7
1205;83;211;1;land;false;hills;7
1206;62;204;1;land;false;hills;7
1207;76;227;1;land;false;mountain;7
1208;46;228;1;land;false;hills;7
1209;73;221;1;land;true;hills;7
1210;100;217;1;land;false;plains;7
1211;94;241;1;land;false;hills;7
1212;66;242;1;land;false;plains;7
1213;69;231;1;land;true;mountain;7
1214;46;235;1;land;false;hills;7
1215;102;196;1;land;false;hills;7
1216;93;206;1;land;false;hills;7
1217;68;198;1;land;false;hills;7
1218;86;244;1;land;false;hills;7
1219;151;81;1;land;false;plains;7
1220;196;40;1;land;false;hills;7
1221;164;39;1;land;false;hills;7
1222;224;91;1;land;false;hills;7
1223;205;111;1;land;false;hills;7
1224;216;115;1;land;false;hills;7
1225;220;101;1;land;false;plains;7
1226;223;41;1;land;false;hills;7
1227;181;65;1;land;false;hills;7
1228;161;97;1;land;false;hills;7
1229;196;79;1;land;false;plains;7
1230;167;52;1;land;false;hills;7
1231;237;179;1;land;false;hills;7
1232;219;187;1;land;true;hills;7
1233;222;192;1;land;false;plains;7
1234;223;231;1;land;true;plains;7
1235;190;179;1;land;false;hills;7
1236;225;224;1;land;true;plains;7
1237;233;155;1;land;false;hills;7
1238;176;212;1;land;false;hills;7
1239;205;183;1;land;false;hills;7
1240;195;231;1;land;true;plains;7
1241;217;225;1;land;false;hills;7
1242;186;218;1;land;true;plains;7
1243;241;177;1;land;false;mountain;7
1244;219;215;1;land;false;mountain;7
1245;200;232;1;land;true;hills;7
1246;229;156;1;land;false;hills;7
1247;172;220;1;land;false;mountain;7
1248;174;215;1;land;false;hills;7
1249;236;155;1;land;false;mountain;7
1250;185;155;1;land;false;hills;7
1251;178;208;1;land;false;hills;7
1252;235;180;1;land;false;hills;7
1253;175;228;1;land;true;hills;7
1254;217;173;1;land;false;hills;7
1255;194;190;1;land;false;hills;7
1256;229;155;1;land;true;plains;7
1257;237;207;1;land;false;hills;7
1258;227;163;1;land;true;hills;7
1259;194;204;1;land;false;hills;7
1260;78;31;1;land;false;mountain;7
1261;91;50;1;land;true;mountain;7
1262;124;28;1;land;true;mountain;7
1263;102;41;1;land;true;hills;7
1264;127;54;1;land;false;mountain;7
1265;124;74;1;land;true;hills;7
1266;91;77;1;land;false;hills;7
1267;83;42;1;land;true;plains;7
1268;130;64;1;land;false;hills;7
1269;156;50;1;land;false;mountain;7
1270;150;96;1;land;false;hills;7
1271;162;38;1;land;false;mountain;7
1272;140;56;1;land;false;hills;7
1273;182;62;1;land;false;hills;7
1274;157;92;1;land;false;mountain;7
1275;162;55;1;land;false;mountain;7
1276;168;31;1;land;false;mountain;7
1277;123;209;1;land;false;plains;7
1278;128;186;1;land;false;plains;7
1279;156;160;1;land;false;plains;7
1280;184;173;1;land;false;hills;7
1281;198;188;1;land;false;plains;7
1282;186;189;1;land;false;hills;7
1283;154;196;1;land;false;hills;7
1284;188;178;1;land;false;hills;7
1285;176;147;1;land;false;hills;7
1286;152;216;1;land;false;hills;7
1287;142;197;1;land;false;hills;7
1288;173;146;1;land;false;hills;7
1289;148;184;1;land;false;hills;7
1290;156;152;1;land;false;hills;7
1291;200;125;1;land;false;hills;7
1292;176;83;1;land;false;hills;7
1293;203;125;1;land;false;hills;7
1294;144;95;1;land;false;hills;7
1295;177;138;1;land;false;hills;7
1296;144;70;1;land;false;hills;7
1297;168;120;1;land;false;hills;7
1298;218;75;1;land;false;plains;7
1299;200;62;1;land;false;hills;7
1300;224;10;1;land;false;hills;7
1301;193;25;1;land;false;mountain;7
1302;221;16;1;land;false;hills;7
1303;215;17;1;land;false;hills;7
1304;249;0;1;land;false;hills;7
1305;188;152;1;land;false;hills;7
1306;214;96;1;land;false;plains;7
1307;201;122;1;land;false;plains;7
1308;207;118;1;land;false;plains;7
1309;214;129;1;land;false;hills;7
1310;201;83;1;land;false;plains;7
1311;239;155;1;land;false;hills;7
1312;204;96;1;land;false;hills;7
1313;198;79;1;land;false;plains;7
1314;246;110;1;land;false;hills;7
1315;216;83;1;land;false;plains;7
1316;238;150;1;land;false;hills;7
1317;247;146;1;land;false;hills;7
1318;244;154;1;land;false;plains;7
1319;194;131;1;land;false;plains;7
1320;215;155;1;land;false;plains;7
1321;250;97;1;land;false;hills;7
1322;194;99;1;land;false;hills;7
1323;235;83;1;land;false;plains;7
1324;83;40;1;land;false;hills;7
1325;117;55;1;land;false;hills;7
1326;115;110;1;land;false;hills;7
1327;132;65;1;land;false;hills;7
1328;61;104;1;land;false;hills;7
1329;73;58;1;land;false;plains;7
1330;10;182;1;land;true;hills;7
1331;30;185;1;land;true;mountain;7
1332;37;216;1;land;false;mountain;7
1333;17;188;1;land;false;hills;7
1334;47;41;1;land;false;hills;7
1335;6;46;1;land;false;hills;7
1336;14;34;1;land;false;mountain;7
1337;14;48;1;land;false;hills;7
1338;15;201;1;land;false;hills;7
1339;18;172;1;land;false;hills;7
1340;16;175;1;land;false;hills;7
1341;42;194;1;land;false;forest;7
1342;49;212;1;land;false;hills;7
1343;12;193;1;land;false;mountain;7
1344;59;214;1;land;false;hills;7
1345;27;187;1;land;false;hills;7
1346;71;196;1;land;false;hills;7
1347;72;236;1;land;false;hills;7
1348;46;167;1;land;false;jungle;7
1349;57;185;1;land;false;hills;7
1350;80;200;1;land;false;mountain;7
1351;78;195;1;land;false;hills;7
1352;77;240;1;land;false;hills;7
1353;76;203;1;land;false;hills;7
1354;29;223;1;land;false;hills;7
1355;30;191;1;land;false;hills;7
1356;82;216;1;land;false;hills;7
1357;25;206;1;land;false;hills;7
1358;78;171;1;land;false;hills;7
1359;83;231;1;land;false;hills;7
1360;11;177;1;land;false;hills;7
1361;23;224;1;land;false;jungle;7
1362;78;178;1;land;false;jungle;7
1363;211;196;1;land;false;hills;7
1364;158;198;1;land;false;hills;7
1365;186;120;1;land;false;hills;7
1366;155;192;1;land;false;hills;7
1367;148;194;1;land;false;hills;7
1368;179;166;1;land;false;hills;7
1369;175;126;1;land;false;hills;7
1370;213;159;1;land;false;hills;7
1371;154;58;1;land;false;forest;7
1372;206;55;1;land;false;mountain;7
1373;217;41;1;land;false;plains;7
1374;167;57;1;land;false;plains;7
1375;220;18;1;land;false;plains;7
1376;180;57;1;land;false;hills;7
1377;153;21;1;land;false;forest;7
1378;224;34;1;land;false;hills;7
1379;174;47;1;land;false;plains;7
1380;228;41;1;land;false;plains;7
1381;173;43;1;land;false;forest;7
1382;219;25;1;land;false;mountain;7
1383;166;28;1;land;false;plains;7
1384;230;37;1;land;false;hills;7
1385;226;50;1;land;false;hills;7
1386;216;42;1;land;false;hills;7
1387;224;33;1;land;false;plains;7
1388;200;57;1;land;false;plains;7
1389;221;4;1;land;false;plains;7
1390;166;58;1;land;false;plains;7
1391;199;47;1;land;false;plains;7
1392;232;10;1;land;false;hills;7
1393;178;56;1;land;false;forest;7
1394;229;21;1;land;false;hills;7
1395;196;39;1;land;false;mountain;7
1396;180;9;1;land;false;forest;7
1397;220;176;1;land;true;plains;7
1398;193;207;1;land;false;hills;7
1399;251;172;1;land;true;plains;7
1400;184;167;1;land;false;hills;7
1401;21;43;1;land;true;plains;7
1402;73;11;1;land;false;hills;7
1403;67;21;1;land;true;hills;7
1404;65;33;1;land;true;hills;7
1405;57;59;1;land;false;hills;7
1406;112;37;1;land;false;hills;7
1407;137;12;1;land;false;hills;7
1408;150;67;1;land;false;hills;7
1409;148;10;1;land;false;hills;7
1410;126;3;1;land;false;hills;7
1411;111;3;1;land;false;hills;7
1412;158;23;1;land;false;plains;7
1413;173;49;1;land;false;hills;7
1414;144;66;1;land;true;hills;7
1415;145;20;1;land;false;hills;7
1416;134;33;1;land;true;hills;7
1417;164;24;1;land;false;plains;7
1418;150;24;1;land;false;hills;7
1419;177;31;1;land;true;plains;7
1420;158;29;1;land;false;hills;7
1421;113;4;1;land;true;hills;7
1422;181;59;1;land;true;desert;7
1423;182;7;1;land;false;hills;7
1424;231;216;1;land;false;hills;7
1425;221;229;1;land;false;plains;7
1426;179;228;1;land;false;plains;7
1427;220;231;1;land;false;hills;7
1428;193;213;1;land;false;hills;7
1429;242;230;1;land;false;hills;7
1430;212;248;1;land;false;hills;7
1431;251;248;1;land;false;hills;7
1432;236;215;1;land;false;plains;7
1433;234;222;1;land;false;hills;7
1434;214;250;1;land;false;hills;7
1435;245;214;1;land;false;hills;7
1436;228;220;1;land;false;hills;7
1437;198;221;1;land;false;plains;7
1438;184;235;1;land;false;hills;7
1439;234;244;1;land;false;plains;7
1440;80;35;1;land;false;hills;7
1441;83;21;1;land;false;hills;7
1442;68;4;1;land;false;hills;7
1443;84;31;1;land;false;hills;7
1444;35;18;1;land;false;hills;7
1445;83;36;1;land;false;hills;7
1446;74;9;1;land;false;mountain;7
1447;82;4;1;land;false;hills;7
1448;88;2;1;land;false;hills;7
1449;103;4;1;land;false;plains;7
1450;52;20;1;land;false;hills;7
1451;104;0;1;land;false;hills;7
1452;105;4;1;land;false;mountain;7
1453;204;129;1;land;false;hills;7
1454;159;107;1;land;false;hills;7
1455;194;132;1;land;false;hills;7
1456;146;88;1;land;false;hills;7
1457;173;121;1;land;false;hills;7
1458;178;135;1;land;false;hills;7
1459;199;106;1;land;false;hills;7
1460;207;136;1;land;false;hills;7
1461;172;82;1;land;false;hills;7
1462;146;117;1;land;false;hills;7
1463;167;115;1;land;false;hills;7
1464;197;94;1;land;false;plains;7
1465;187;106;1;land;false;mountain;7
1466;140;141;1;land;false;hills;7
1467;189;108;1;land;false;plains;7
1468;137;245;1;land;false;hills;7
1469;114;194;1;land;false;hills;7
1470;166;203;1;land;false;hills;7
1471;135;253;1;land;false;forest;7
1472;164;234;1;land;false;hills;7
1473;106;240;1;land;false;hills;7
1474;126;237;1;land;false;hills;7
1475;113;226;1;land;false;hills;7
1476;169;189;1;land;false;plains;7
1477;135;238;1;land;false;hills;7
1478;171;226;1;land;false;forest;7
1479;146;237;1;land;false;hills;7
1480;101;216;1;land;false;hills;7
1481;129;221;1;land;false;hills;7
1482;122;248;1;land;false;plains;7
1483;220;189;1;land;true;hills;7
1484;249;210;1;land;true;hills;7
1485;242;247;1;land;false;plains;7
1486;237;240;1;land;true;plains;7
1487;220;198;1;land;true;plains;7
1488;246;226;1;land;false;hills;7
1489;235;225;1;land;true;plains;7
1490;65;108;1;land;false;desert;7
1491;128;92;1;land;false;desert;7
1492;77;116;1;land;false;desert;7
1493;100;101;1;land;false;desert;7
1494;57;119;1;land;false;plains;7
1495;73;84;1;land;false;forest;7
1496;74;98;1;land;false;plains;7
1497;80;114;1;land;false;desert;7
1498;151;60;1;land;false;mountain;7
1499;197;84;1;land;false;hills;7
1500;125;97;1;land;false;mountain;7
1501;148;31;1;land;false;mountain;7
1502;166;27;1;land;false;mountain;7
1503;139;62;1;land;false;mountain;7
1504;146;37;1;land;false;desert;7
1505;160;40;1;land;false;hills;7
1506;158;30;1;land;false;mountain;7
1507;195;66;1;land;false;mountain;7
1508;136;94;1;land;false;mountain;7
1509;162;42;1;land;false;hills;7
1510;141;101;1;land;false;mountain;7
1511;165;26;1;land;false;mountain;7
1512;196;28;1;land;false;mountain;7
1513;176;33;1;land;false;plains;7
1514;44;96;1;land;false;hills;7
1515;6;101;1;land;false;hills;7
1516;35;77;1;land;false;plains;7
1517;50;76;1;land;false;hills;7
1518;199;21;1;land;true;hills;7
1519;193;19;1;land;true;hills;7
1520;211;16;1;land;true;hills;7
1521;210;1;1;land;false;forest;7
1522;219;4;1;land;true;plains;7
1523;213;32;1;land;true;hills;7
1524;232;14;1;land;false;plains;7
1525;197;1;1;land;true;plains;7
1526;233;29;1;land;true;hills;7
1527;249;32;1;land;false;hills;7
1528;193;28;1;land;true;hills;7
1529;214;35;1;land;true;plains;7
1530;196;32;1;land;false;hills;7
1531;221;101;1;land;true;plains;7
1532;212;126;1;land;true;plains;7
1533;204;120;1;land;true;hills;7
1534;222;135;1;land;false;mountain;7
1535;241;153;1;land;true;hills;7
1536;212;160;1;land;true;plains;7
1537;245;156;1;land;true;hills;7
1538;253;159;1;land;true;plains;7
1539;235;107;1;land;true;hills;7
1540;226;140;1;land;true;hills;7
1541;183;125;1;land;true;plains;7
1542;238;156;1;land;true;hills;7
1543;183;159;1;land;true;plains;7
1544;227;123;1;land;false;hills;7
1545;209;153;1;land;true;plains;7
1546;69;119;1;land;false;plains;7
1547;22;119;1;land;false;hills;7
1548;8;124;1;land;false;plains;7
1549;55;89;1;land;false;plains;7
1550;46;95;1;land;false;plains;7
1551;55;120;1;land;false;plains;7
1552;7;128;1;land;false;plains;7
1553;61;119;1;land;false;hills;7
1554;57;143;1;land;false;hills;7
1555;40;131;1;land;false;plains;7
1556;49;83;1;land;false;plains;7
1557;55;80;1;land;false;hills;7
1558;15;132;1;land;false;plains;7
1559;25;79;1;land;false;plains;7
1560;163;127;1;land;false;hills;7
1561;149;113;1;land;false;plains;7
1562;165;126;1;land;false;plains;7
1563;133;73;1;land;false;plains;7
1564;176;123;1;land;false;plains;7
1565;155;80;1;land;false;plains;7
1566;177;108;1;land;false;plains;7
1567;103;105;1;land;false;plains;7
1568;180;86;1;land;false;plains;7
1569;105;84;1;land;false;plains;7
1570;101;93;1;land;false;plains;7
1571;217;192;1;land;true;hills;7
1572;224;197;1;land;true;plains;7
1573;253;211;1;land;false;hills;7
1574;225;206;1;land;false;mountain;7
1575;217;208;1;land;false;mountain;7
1576;238;227;1;land;true;desert;7
1577;237;238;1;land;false;hills;7
1578;239;213;1;land;false;hills;7
1579;235;224;1;land;false;hills;7
1580;242;235;1;land;false;hills;7
1581;253;212;1;land;true;desert;7
1582;227;203;1;land;false;hills;7
1583;240;237;1;land;true;desert;7
1584;228;237;1;land;false;hills;7
1585;242;206;1;land;false;hills;7
1586;224;206;1;land;false;hills;7
1587;235;249;1;land;true;hills;7
1588;228;218;1;land;false;hills;7
1589;223;111;1;land;false;hills;7
1590;226;87;1;land;false;hills;7
1591;223;93;1;land;false;hills;7
1592;218;45;1;land;false;plains;7
1593;200;114;1;land;false;hills;7
1594;200;53;1;land;false;plains;7
1595;54;107;1;land;false;mountain;7
1596;82;61;1;land;false;hills;7
1597;32;100;1;land;false;hills;7
1598;78;115;1;land;false;hills;7
1599;82;93;1;land;false;hills;7
1600;57;65;1;land;false;hills;7
1601;195;190;1;land;false;plains;7
1602;180;218;1;land;false;hills;7
1603;187;238;1;land;false;hills;7
1604;174;210;1;land;false;plains;7
1605;128;203;1;land;false;plains;7
1606;186;199;1;land;false;hills;7
1607;160;221;1;land;false;hills;7
1608;134;210;1;land;false;hills;7
1609;172;240;1;land;false;hills;7
1610;197;176;1;land;false;plains;7
1611;149;231;1;land;false;mountain;7
1612;202;178;1;land;false;hills;7
1613;165;207;1;land;false;hills;7
1614;218;82;1;land;true;forest;7
1615;244;91;1;land;true;plains;7
1616;199;44;1;land;true;forest;7
1617;213;86;1;land;false;hills;7
1618;222;19;1;land;true;mountain;7
1619;222;64;1;land;false;hills;7
1620;229;82;1;land;false;hills;7
1621;237;64;1;land;false;hills;7
1622;243;15;1;land;false;forest;7
1623;225;60;1;land;false;mountain;7
1624;246;40;1;land;true;mountain;7
1625;201;33;1;land;true;forest;7
1626;232;40;1;land;true;plains;7
1627;213;88;1;land;false;hills;7
1628;254;46;1;land;false;hills;7
1629;224;43;1;land;true;hills;7
1630;241;48;1;land;false;mountain;7
1631;204;70;1;land;true;mountain;7
1632;219;78;1;land;false;forest;7
1633;217;83;1;land;true;mountain;7
1634;219;17;1;land;true;plains;7
1635;253;44;1;land;true;plains;7
1636;222;88;1;land;false;hills;7
1637;221;38;1;land;false;mountain;7
1638;245;71;1;land;false;forest;7
1639;123;86;1;land;false;hills;7
1640;146;57;1;land;false;hills;7
1641;140;70;1;land;false;plains;7
1642;188;50;1;land;false;mountain;7
1643;134;83;1;land;false;hills;7
1644;126;39;1;land;false;hills;7
1645;138;77;1;land;false;mountain;7
1646;168;32;1;land;false;mountain;7
1647;169;85;1;land;false;mountain;7
1648;196;91;1;land;false;mountain;7
1649;126;89;1;land;false;hills;7
1650;161;93;1;land;false;hills;7
1651;149;69;1;land;false;plains;7
1652;179;98;1;land;false;desert;7
1653;123;25;1;land;false;plains;7
1654;12;169;1;land;true;plains;7
1655;38;169;1;land;true;plains;7
1656;37;146;1;land;true;plains;7
1657;35;175;1;land;true;plains;7
1658;26;220;1;land;true;plains;7
1659;41;203;1;land;true;hills;7
1660;35;46;1;land;false;mountain;7
1661;35;39;1;land;false;hills;7
1662;18;75;1;land;false;mountain;7
1663;6;88;1;land;false;mountain;7
1664;13;40;1;land;false;hills;7
1665;34;97;1;land;false;hills;7
1666;31;59;1;land;false;plains;7
1667;0;34;1;land;false;hills;7
1668;14;26;1;land;false;mountain;7
1669;16;76;1;land;false;mountain;7
1670;24;102;1;land;false;hills;7
1671;38;45;1;land;false;hills;7
1672;14;67;1;land;false;mountain;7
1673;21;58;1;land;false;mountain;7
1674;25;74;1;land;false;mountain;7
1675;12;86;1;land;false;hills;7
1676;13;30;1;land;false;mountain;7
1677;28;35;1;land;false;hills;7
1678;56;20;1;land;true;mountain;7
1679;67;61;1;land;false;hills;7
1680;44;39;1;land;false;hills;7
1681;40;45;1;land;false;hills;7
1682;45;51;1;land;false;hills;7
1683;97;11;1;land;false;plains;7
1684;86;28;1;land;true;mountain;7
1685;114;73;1;land;false;hills;7
1686;109;60;1;land;true;plains;7
1687;83;44;1;land;false;hills;7
1688;145;149;1;land;false;plains;7
1689;200;138;1;land;false;plains;7
1690;170;173;1;land;false;plains;7
1691;176;141;1;land;false;plains;7
1692;165;125;1;land;false;hills;7
1693;171;146;1;land;false;hills;7
1694;195;115;1;land;false;plains;7
1695;190;141;1;land;false;hills;7
1696;157;151;1;land;false;plains;7
1697;204;153;1;land;false;plains;7
1698;205;164;1;land;false;hills;7
1699;156;194;1;land;false;plains;7
1700;148;155;1;land;false;plains;7
1701;187;185;1;land;false;desert;7
1702;192;58;1;land;false;hills;7
1703;200;16;1;land;false;desert;7
1704;176;57;1;land;false;hills;7
1705;219;26;1;land;false;hills;7
1706;219;6;1;land;false;hills;7
1707;214;5;1;land;false;hills;7
1708;206;69;1;land;false;mountain;7
1709;155;22;1;land;false;mountain;7
1710;227;36;1;land;false;hills;7
1711;239;24;1;land;false;hills;7
1712;223;35;1;land;false;hills;7
1713;215;0;1;land;false;plains;7
1714;210;0;1;land;false;hills;7
1715;245;15;1;land;false;plains;7
1716;216;21;1;land;false;hills;7
1717;243;31;1;land;false;mountain;7
1718;239;13;1;land;false;hills;7
1719;213;37;1;land;false;hills;7
1720;210;43;1;land;false;hills;7
1721;230;30;1;land;false;hills;7
1722;225;10;1;land;false;mountain;7
1723;237;11;1;land;false;hills;7
1724;101;122;1;land;false;forest;7
1725;118;129;1;land;false;hills;7
1726;90;117;1;land;false;mountain;7
1727;129;117;1;land;false;plains;7
1728;117;92;1;land;false;plains;7
1729;87;118;1;land;false;plains;7
1730;78;92;1;land;false;forest;7
1731;107;95;1;land;false;hills;7
1732;101;127;1;land;false;hills;7
1733;111;144;1;land;false;plains;7
1734;76;148;1;land;false;plains;7
1735;125;109;1;land;false;hills;7
1736;102;94;1;land;false;plains;7
1737;85;120;1;land;false;hills;7
1738;106;100;1;land;false;plains;7
1739;77;121;1;land;false;plains;7
1740;106;132;1;land;false;forest;7
1741;102;118;1;land;false;hills;7
1742;139;110;1;land;false;plains;7
1743;100;125;1;land;false;hills;7
1744;92;116;1;land;false;hills;7
1745;87;88;1;land;false;plains;7
1746;66;105;1;land;false;plains;7
1747;87;156;1;land;false;forest;7
1748;123;131;1;land;false;hills;7
1749;83;107;1;land;false;plains;7
1750;83;151;1;land;false;hills;7
1751;62;152;1;land;false;hills;7
1752;63;89;1;land;false;forest;7
1753;127;102;1;land;false;plains;7
1754;210;107;1;land;false;hills;7
1755;236;115;1;land;false;hills;7
1756;215;128;1;land;false;hills;7
1757;166;128;1;land;false;hills;7
1758;212;102;1;land;false;hills;7
1759;241;144;1;land;false;hills;7
1760;201;166;1;land;false;hills;7
1761;226;92;1;land;false;mountain;7
1762;194;154;1;land;false;hills;7
1763;168;216;1;land;false;hills;7
1764;180;225;1;land;false;hills;7
1765;128;248;1;land;false;hills;7
1766;198;220;1;land;false;hills;7
1767;171;201;1;land;false;hills;7
1768;127;229;1;land;false;desert;7
1769;57;92;1;land;false;hills;7
1770;43;122;1;land;false;hills;7
1771;48;89;1;land;false;hills;7
1772;53;62;1;land;false;hills;7
1773;46;107;1;land;false;hills;7
1774;36;119;1;land;false;hills;7
1775;39;77;1;land;false;hills;7
1776;56;101;1;land;false;hills;7
1777;4;98;1;land;false;hills;7
1778;6;123;1;land;false;hills;7
1779;47;88;1;land;false;mountain;7
1780;29;102;1;land;false;hills;7
1781;9;109;1;land;false;hills;7
1782;27;84;1;land;false;hills;7
1783;0;101;1;land;false;mountain;7
1784;9;86;1;land;false;hills;7
1785;5;74;1;land;false;mountain;7
1786;55;115;1;land;false;hills;7
1787;29;127;1;land;false;hills;7
1788;53;83;1;land;false;hills;7
1789;46;99;1;land;false;hills;7
1790;30;107;1;land;false;mountain;7
1791;26;86;1;land;false;hills;7
1792;2;131;1;land;false;mountain;7
1793;9;93;1;land;false;hills;7
1794;31;74;1;land;false;plains;7
1795;8;98;1;land;false;plains;7
1796;2;229;1;land;false;hills;7
1797;4;199;1;land;false;hills;7
1798;38;202;1;land;false;hills;7
1799;24;219;1;land;false;hills;7
1800;196;165;1;land;false;hills;7
1801;235;171;1;land;false;hills;7
1802;204;185;1;land;false;hills;7
1803;251;205;1;land;false;hills;7
1804;224;133;1;land;false;hills;7
1805;223;199;1;land;false;hills;7
1806;252;146;1;land;false;hills;7
1807;215;156;1;land;false;hills;7
1808;229;181;1;land;false;hills;7
1809;211;143;1;land;false;hills;7
1810;230;163;1;land;false;hills;7
1811;205;156;1;land;false;hills;7
1812;249;148;1;land;false;hills;7
1813;199;189;1;land;false;hills;7
1814;70;8;1;land;false;plains;7
1815;112;5;1;land;false;plains;7
1816;115;26;1;land;true;hills;7
1817;120;10;1;land;false;plains;7
1818;88;23;1;land;true;desert;7
1819;116;45;1;land;true;desert;7
1820;67;3;1;land;true;hills;7
1821;87;30;1;land;false;plains;7
1822;97;147;1;land;false;hills;7
1823;92;139;1;land;false;hills;7
1824;110;200;1;land;false;hills;7
1825;92;197;1;land;false;mountain;7
1826;38;151;1;land;false;mountain;7
1827;91;204;1;land;false;hills;7
1828;148;146;1;land;false;hills;7
1829;109;141;1;land;false;hills;7
1830;147;129;1;land;false;hills;7
1831;153;144;1;land;false;desert;7
1832;166;166;1;land;false;hills;7
1833;122;123;1;land;false;hills;7
1834;184;141;1;land;false;plains;7
1835;154;168;1;land;false;hills;7
1836;131;108;1;land;false;desert;7
1837;170;161;1;land;false;plains;7
1838;107;141;1;land;false;desert;7
1839;152;149;1;land;false;hills;7
1840;149;128;1;land;false;plains;7
1841;135;112;1;land;false;hills;7
1842;59;114;1;land;false;mountain;7
1843;44;154;1;land;false;hills;7
1844;75;139;1;land;false;mountain;7
1845;43;137;1;land;false;mountain;7
1846;90;154;1;land;false;hills;7
1847;99;129;1;land;false;hills;7
1848;88;118;1;land;false;hills;7
1849;60;144;1;land;false;hills;7
1850;31;115;1;land;false;forest;7
1851;57;106;1;land;false;jungle;7
1852;34;108;1;land;false;hills;7
1853;70;154;1;land;false;hills;7
1854;137;225;1;land;false;hills;7
1855;195;243;1;land;false;hills;7
1856;172;239;1;land;false;hills;7
1857;172;206;1;land;false;hills;7
1858;167;205;1;land;false;plains;7
1859;24;221;1;land;false;forest;7
1860;30;230;1;land;false;hills;7
1861;35;217;1;land;false;hills;7
1862;9;209;1;land;false;forest;7
1863;44;236;1;land;false;forest;7
1864;21;216;1;land;false;hills;7
1865;16;217;1;land;false;hills;7
1866;54;228;1;land;false;forest;7
1867;43;216;1;land;false;forest;7
1868;37;249;1;land;false;forest;7
1869;234;59;1;land;false;hills;7
1870;200;119;1;land;false;plains;7
1871;248;124;1;land;false;hills;7
1872;249;102;1;land;false;hills;7
1873;219;79;1;land;false;forest;7
1874;228;114;1;land;false;mountain;7
1875;247;66;1;land;false;mountain;7
1876;238;65;1;land;false;hills;7
1877;210;78;1;land;false;hills;7
1878;211;120;1;land;false;mountain;7
1879;200;127;1;land;false;hills;7
1880;245;122;1;land;false;hills;7
1881;237;95;1;land;false;forest;7
1882;250;89;1;land;false;plains;7
1883;231;84;1;land;false;hills;7
1884;224;125;1;land;false;hills;7
1885;212;104;1;land;false;hills;7
1886;117;127;1;land;false;forest;7
1887;93;78;1;land;false;hills;7
1888;81;64;1;land;false;hills;7
1889;123;61;1;land;false;hills;7
1890;49;125;1;land;false;hills;7
1891;50;60;1;land;false;hills;7
1892;91;67;1;land;false;hills;7
1893;97;85;1;land;false;hills;7
1894;74;120;1;land;false;plains;7
1895;54;93;1;land;false;hills;7
1896;181;188;1;land;false;hills;7
1897;188;238;1;land;false;hills;7
1898;51;122;1;land;false;plains;7
1899;4;135;1;land;false;plains;7
1900;49;62;1;land;false;hills;7
1901;0;129;1;land;false;mountain;7
1902;0;121;1;land;false;hills;7
1903;195;220;1;land;false;hills;7
1904;247;192;1;land;true;plains;7
1905;223;241;1;land;false;hills;7
1906;236;220;1;land;false;hills;7
1907;204;199;1;land;true;plains;7
1908;211;237;1;land;true;plains;7
1909;205;51;1;land;false;hills;7
1910;207;70;1;land;false;hills;7
1911;182;95;1;land;false;hills;7
1912;39;183;1;land;false;hills;7
1913;67;129;1;land;false;desert;7
1914;21;199;1;land;false;plains;7
1915;88;205;1;land;false;plains;7
1916;153;35;1;land;true;mountain;7
1917;160;30;1;land;true;mountain;7
1918;130;49;1;land;true;mountain;7
1919;92;32;1;land;true;plains;7
1920;111;56;1;land;true;forest;7
1921;157;1;1;land;true;mountain;7
1922;107;43;1;land;true;mountain;7
1923;198;104;1;land;false;hills;7
1924;214;172;1;land;false;hills;7
1925;233;121;1;land;false;hills;7
1926;228;103;1;land;false;plains;7
1927;231;170;1;land;false;hills;7
1928;213;112;1;land;false;plains;7
1929;247;99;1;land;false;plains;7
1930;246;106;1;land;false;hills;7
1931;251;154;1;land;false;hills;7
1932;245;164;1;land;false;hills;7
1933;217;139;1;land;false;hills;7
1934;241;131;1;land;false;hills;7
1935;198;132;1;land;false;hills;7
1936;54;244;1;land;false;forest;7
1937;111;223;1;land;false;hills;7
1938;54;197;1;land;false;hills;7
1939;81;236;1;land;false;plains;7
1940;83;207;1;land;false;plains;7
1941;81;195;1;land;false;forest;7
1942;52;238;1;land;false;forest;7
1943;117;202;1;land;false;plains;7
1944;59;174;1;land;false;plains;7
1945;101;200;1;land;false;forest;7
1946;212;71;1;land;true;hills;7
1947;203;54;1;land;true;desert;7
1948;183;95;1;land;true;desert;7
1949;172;54;1;land;false;hills;7
1950;164;68;1;land;true;desert;7
1951;161;62;1;land;false;hills;7
1952;189;187;1;land;false;hills;7
1953;171;186;1;land;false;hills;7
1954;212;176;1;land;false;hills;7
1955;208;176;1;land;false;hills;7
1956;172;231;1;land;false;plains;7
1957;210;206;1;land;false;hills;7
1958;169;194;1;land;false;hills;7
1959;183;245;1;land;false;hills;7
1960;180;210;1;land;false;hills;7
1961;47;57;1;land;false;hills;7
1962;80;106;1;land;false;hills;7
1963;25;72;1;land;false;hills;7
1964;64;41;1;land;false;hills;7
1965;63;69;1;land;false;hills;7
1966;28;99;1;land;false;plains;7
1967;48;110;1;land;false;mountain;7
1968;45;98;1;land;false;hills;7
1969;3;76;1;land;false;mountain;7
1970;40;114;1;land;false;hills;7
1971;20;59;1;land;false;mountain;7
1972;54;102;1;land;false;mountain;7
1973;55;53;1;land;false;hills;7
1974;28;60;1;land;false;hills;7
1975;4;44;1;land;false;hills;7
1976;176;42;1;land;false;hills;7
1977;175;33;1;land;false;hills;7
1978;180;19;1;land;false;hills;7
1979;184;36;1;land;false;hills;7
1980;228;35;1;land;false;hills;7
1981;187;51;1;land;false;hills;7
1982;171;117;1;land;false;hills;7
1983;165;181;1;land;false;hills;7
1984;201;174;1;land;false;hills;7
1985;204;122;1;land;false;hills;7
1986;210;177;1;land;false;hills;7
1987;137;134;1;land;false;hills;7
1988;210;114;1;land;false;hills;7
1989;154;121;1;land;false;hills;7
1990;147;180;1;land;false;hills;7
1991;170;122;1;land;false;hills;7
1992;198;191;1;land;false;hills;7
1993;152;184;1;land;false;hills;7
1994;154;149;1;land;false;hills;7
1995;162;150;1;land;false;hills;7
1996;182;145;1;land;false;hills;7
1997;149;119;1;land;false;hills;7
1998;8;163;1;land;false;hills;7
1999;60;165;1;land;false;mountain;7
2000;54;160;1;land;false;mountain;7
2001;27;189;1;land;false;mountain;7
2002;5;121;1;land;false;mountain;7
2003;28;142;1;land;false;hills;7
2004;44;119;1;land;false;mountain;7
2005;7;145;1;land;false;hills;7
2006;48;115;1;land;false;plains;7
2007;57;179;1;land;false;mountain;7
2008;18;131;1;land;false;mountain;7
2009;105;129;1;land;false;jungle;7
2010;125;96;1;land;false;jungle;7
2011;198;251;1;land;false;hills;7
2012;173;231;1;land;false;plains;7
2013;198;232;1;land;false;plains;7
2014;165;216;1;land;false;plains;7
2015;186;217;1;land;false;plains;7
2016;201;227;1;land;false;plains;7
2017;224;237;1;land;false;hills;7
2018;222;232;1;land;false;hills;7
2019;169;248;1;land;false;plains;7
2020;193;230;1;land;false;plains;7
2021;188;247;1;land;false;plains;7
2022;170;207;1;land;false;hills;7
2023;124;95;1;land;true;hills;7
2024;153;114;1;land;true;plains;7
2025;140;126;1;land;false;mountain;7
2026;118;111;1;land;true;plains;7
2027;226;226;1;land;false;plains;7
2028;233;239;1;land;false;plains;7
2029;200;249;1;land;false;plains;7
2030;253;240;1;land;true;forest;7
2031;208;223;1;land;false;forest;7
2032;201;249;1;land;true;hills;7
2033;244;216;1;land;true;hills;7
2034;231;244;1;land;true;hills;7
2035;204;244;1;land;true;hills;7
2036;234;232;1;land;true;plains;7
2037;231;217;1;land;false;hills;7
2038;224;243;1;land;false;forest;7
2039;227;232;1;land;true;plains;7
2040;211;224;1;land;false;forest;7
2041;191;227;1;land;false;plains;7
2042;196;240;1;land;true;forest;7
2043;48;3;1;land;false;mountain;7
2044;118;9;1;land;true;hills;7
2045;67;9;1;land;false;hills;7
2046;84;20;1;land;true;forest;7
2047;117;0;1;land;true;hills;7
2048;94;12;1;land;false;hills;7
2049;43;36;1;land;true;forest;7
2050;87;11;1;land;true;hills;7
2051;53;22;1;land;true;forest;7
2052;85;34;1;land;false;mountain;7
2053;70;128;1;land;true;hills;7
2054;78;117;1;land;true;mountain;7
2055;51;124;1;land;true;mountain;7
2056;57;128;1;land;false;hills;7
2057;28;72;1;land;true;desert;7
2058;25;68;1;land;true;desert;7
2059;28;118;1;land;false;hills;7
2060;61;122;1;land;true;desert;7
2061;13;141;1;land;true;hills;7
2062;165;213;1;land;false;hills;7
2063;187;217;1;land;false;hills;7
2064;116;203;1;land;false;mountain;7
2065;181;200;1;land;false;plains;7
2066;136;250;1;land;false;plains;7
2067;143;210;1;land;false;plains;7
2068;111;207;1;land;false;hills;7
2069;139;226;1;land;false;desert;7
2070;164;246;1;land;false;plains;7
2071;132;189;1;land;false;desert;7
2072;177;189;1;land;false;desert;7
2073;138;202;1;land;false;desert;7
2074;111;237;1;land;false;plains;7
2075;156;230;1;land;false;hills;7
2076;112;197;1;land;false;hills;7
2077;117;246;1;land;false;hills;7
2078;128;202;1;land;false;plains;7
2079;159;206;1;land;false;desert;7
2080;166;215;1;land;false;hills;7
2081;113;192;1;land;false;plains;7
2082;134;232;1;land;false;hills;7
2083;153;222;1;land;false;hills;7
2084;119;199;1;land;false;hills;7
2085;240;238;1;land;false;hills;7
2086;254;233;1;land;false;plains;7
2087;240;225;1;land;false;hills;7
2088;239;214;1;land;false;hills;7
2089;223;217;1;land;false;hills;7
2090;250;225;1;land;false;hills;7
2091;248;216;1;land;false;plains;7
2092;238;229;1;land;false;plains;7
2093;222;250;1;land;false;hills;7
2094;233;198;1;land;false;mountain;7
2095;224;224;1;land;false;mountain;7
2096;221;96;1;land;true;plains;7
2097;193;55;1;land;true;plains;7
2098;198;63;1;land;true;plains;7
2099;34;226;1;land;false;plains;7
2100;60;215;1;land;false;plains;7
2101;42;232;1;land;false;hills;7
2102;37;164;1;land;false;plains;7
2103;50;205;1;land;false;plains;7
2104;28;187;1;land;false;hills;7
2105;75;207;1;land;false;hills;7
2106;31;228;1;land;false;hills;7
2107;100;228;1;land;false;plains;7
2108;26;196;1;land;false;plains;7
2109;87;170;1;land;false;hills;7
2110;99;170;1;land;false;hills;7
2111;26;62;1;land;true;plains;7
2112;76;84;1;land;true;plains;7
2113;92;91;1;land;true;plains;7
2114;90;68;1;land;true;plains;7
2115;65;58;1;land;true;plains;7
2116;67;111;1;land;true;plains;7
2117;182;204;1;land;false;plains;7
2118;162;182;1;land;true;hills;7
2119;143;212;1;land;true;hills;7
2120;181;225;1;land;true;hills;7
2121;200;187;1;land;true;hills;7
2122;209;222;1;land;true;desert;7
2123;160;171;1;land;true;desert;7
2124;143;200;1;land;true;hills;7
2125;138;220;1;land;true;hills;7
2126;167;204;1;land;true;plains;7
2127;124;33;1;land;false;forest;7
2128;158;80;1;land;false;forest;7
2129;170;32;1;land;false;hills;7
2130;139;41;1;land;true;forest;7
2131;114;53;1;land;true;forest;7
2132;104;40;1;land;true;forest;7
2133;172;27;1;land;true;hills;7
2134;220;138;1;land;false;mountain;7
2135;239;134;1;land;false;mountain;7
2136;225;189;1;land;false;mountain;7
2137;226;158;1;land;false;hills;7
2138;209;199;1;land;false;mountain;7
2139;243;179;1;land;false;jungle;7
2140;249;150;1;land;false;mountain;7
2141;235;201;1;land;false;hills;7
2142;211;146;1;land;false;hills;7
2143;246;135;1;land;true;hills;7
2144;233;152;1;land;true;hills;7
2145;213;180;1;land;false;hills;7
2146;235;205;1;land;false;hills;7
2147;231;197;1;land;true;plains;7
2148;246;133;1;land;true;hills;7
2149;225;190;1;land;false;hills;7
2150;224;169;1;land;false;plains;7
2151;209;146;1;land;false;hills;7
2152;220;204;1;land;false;mountain;7
2153;248;165;1;land;false;hills;7
2154;225;158;1;land;true;jungle;7
2155;215;132;1;land;false;hills;7
2156;12;75;1;land;false;hills;7
2157;84;105;1;land;true;hills;7
2158;51;85;1;land;false;plains;7
2159;7;115;1;land;false;plains;7
2160;74;140;1;land;false;plains;7
2161;16;75;1;land;false;plains;7
2162;52;113;1;land;false;plains;7
2163;42;104;1;land;false;hills;7
2164;67;76;1;land;false;plains;7
2165;39;115;1;land;false;plains;7
2166;22;92;1;land;false;plains;7
2167;66;121;1;land;false;plains;7
2168;17;80;1;land;false;plains;7
2169;27;72;1;land;false;plains;7
2170;63;100;1;land;false;hills;7
2171;27;96;1;land;false;plains;7
2172;34;225;1;land;false;hills;7
2173;29;231;1;land;false;hills;7
2174;64;241;1;land;false;hills;7
2175;28;219;1;land;false;hills;7
2176;42;211;1;land;false;hills;7
2177;21;238;1;land;false;hills;7
2178;69;239;1;land;false;hills;7
2179;48;252;1;land;false;hills;7
2180;156;107;1;land;true;plains;7
2181;116;89;1;land;true;plains;7
2182;121;219;1;land;false;forest;7
2183;101;252;1;land;false;hills;7
2184;81;207;1;land;false;hills;7
2185;138;229;1;land;false;plains;7
2186;111;184;1;land;false;plains;7
2187;101;221;1;land;false;plains;7
2188;84;243;1;land;false;mountain;7
2189;150;252;1;land;false;forest;7
2190;127;197;1;land;false;mountain;7
2191;152;204;1;land;false;plains;7
2192;100;253;1;land;false;forest;7
2193;199;205;1;land;true;plains;7
2194;187;246;1;land;true;plains;7
2195;208;220;1;land;true;mountain;7
2196;191;212;1;land;false;hills;7
2197;31;174;1;land;false;hills;7
2198;64;161;1;land;false;hills;7
2199;24;162;1;land;false;mountain;7
2200;42;222;1;land;false;plains;7
2201;64;206;1;land;false;plains;7
2202;35;178;1;land;false;hills;7
2203;36;174;1;land;false;hills;7
2204;61;222;1;land;false;plains;7
2205;3;156;1;land;false;plains;7
2206;25;203;1;land;false;hills;7
2207;32;186;1;land;false;hills;7
2208;142;86;1;land;false;desert;7
2209;146;24;1;land;true;hills;7
2210;120;69;1;land;true;hills;7
2211;124;79;1;land;false;desert;7
2212;178;21;1;land;false;desert;7
2213;111;61;1;land;false;desert;7
2214;175;87;1;land;false;hills;7
2215;155;53;1;land;true;desert;7
2216;137;157;1;land;false;hills;7
2217;148;172;1;land;false;hills;7
2218;98;177;1;land;false;hills;7
2219;146;209;1;land;false;hills;7
2220;138;198;1;land;false;hills;7
2221;161;161;1;land;false;hills;7
2222;113;168;1;land;false;hills;7
2223;115;157;1;land;false;hills;7
2224;109;231;1;land;false;hills;7
2225;152;197;1;land;false;hills;7
2226;157;192;1;land;false;hills;7
2227;216;77;1;land;false;hills;7
2228;232;63;1;land;false;plains;7
2229;241;58;1;land;false;hills;7
2230;220;26;1;land;false;hills;7
2231;233;65;1;land;false;hills;7
2232;249;27;1;land;false;plains;7
2233;227;48;1;land;false;plains;7
2234;228;52;1;land;false;plains;7
2235;228;33;1;land;false;plains;7
2236;225;64;1;land;false;plains;7
2237;242;62;1;land;false;plains;7
2238;212;28;1;land;false;hills;7
2239;247;33;1;land;false;plains;7
2240;232;56;1;land;false;hills;7
2241;221;54;1;land;false;plains;7
2242;236;26;1;land;false;plains;7
2243;253;51;1;land;false;plains;7
2244;204;39;1;land;false;plains;7
2245;84;26;1;land;false;hills;7
2246;39;51;1;land;false;hills;7
2247;53;34;1;land;false;hills;7
2248;175;43;1;land;true;hills;7
2249;199;25;1;land;false;hills;7
2250;196;25;1;land;true;plains;7
2251;194;27;1;land;false;plains;7
2252;197;148;1;land;true;hills;7
2253;210;135;1;land;true;hills;7
2254;156;148;1;land;true;hills;7
2255;186;122;1;land;true;hills;7
2256;141;176;1;land;false;hills;7
2257;206;168;1;land;true;mountain;7
2258;179;153;1;land;false;hills;7
2259;182;121;1;land;true;forest;7
2260;7;116;1;land;false;hills;7
2261;56;150;1;land;false;hills;7
2262;208;236;1;land;true;plains;7
2263;218;227;1;land;false;hills;7
2264;228;223;1;land;true;mountain;7
2265;233;215;1;land;true;mountain;7
2266;217;249;1;land;false;hills;7
2267;214;226;1;land;false;hills;7
2268;244;236;1;land;true;forest;7
2269;250;248;1;land;false;hills;7
2270;221;234;1;land;false;hills;7
2271;239;246;1;land;false;hills;7
2272;213;223;1;land;false;hills;7
2273;223;227;1;land;true;mountain;7
2274;248;252;1;land;true;forest;7
2275;243;233;1;land;false;hills;7
2276;61;95;1;land;false;hills;7
2277;77;135;1;land;false;hills;7
2278;57;93;1;land;false;mountain;7
2279;125;81;1;land;false;hills;7
2280;133;82;1;land;false;hills;7
2281;113;113;1;land;false;mountain;7
2282;193;116;1;land;true;plains;7
2283;182;104;1;land;true;hills;7
2284;193;126;1;land;true;hills;7
2285;225;129;1;land;true;plains;7
2286;171;103;1;land;true;plains;7
2287;166;124;1;land;false;hills;7
2288;217;145;1;land;false;plains;7
2289;199;162;1;land;true;plains;7
2290;236;126;1;land;false;hills;7
2291;176;125;1;land;false;hills;7
2292;209;124;1;land;false;hills;7
2293;192;105;1;land;true;plains;7
2294;232;122;1;land;false;hills;7
2295;215;91;1;land;true;hills;7
2296;195;157;1;land;true;plains;7
2297;156;244;1;land;false;mountain;7
2298;147;235;1;land;false;mountain;7
2299;155;223;1;land;false;mountain;7
2300;158;223;1;land;false;mountain;7
2301;141;111;1;land;false;hills;7
2302;139;87;1;land;false;mountain;7
2303;65;220;1;land;false;mountain;7
2304;58;229;1;land;false;mountain;7
2305;77;205;1;land;false;hills;7
2306;65;170;1;land;false;hills;7
2307;67;214;1;land;false;plains;7
2308;110;173;1;land;false;plains;7
2309;43;229;1;land;false;plains;7
2310;65;210;1;land;false;plains;7
2311;86;192;1;land;false;mountain;7
2312;66;204;1;land;false;plains;7
2313;94;168;1;land;false;plains;7
2314;110;214;1;land;false;plains;7
2315;84;191;1;land;false;hills;7
2316;63;165;1;land;false;hills;7
2317;58;227;1;land;false;plains;7
2318;57;220;1;land;false;mountain;7
2319;42;216;1;land;false;hills;7
2320;78;199;1;land;false;hills;7
2321;79;169;1;land;false;plains;7
2322;213;38;1;land;true;hills;7
2323;222;56;1;land;false;mountain;7
2324;157;29;1;land;true;hills;7
2325;151;49;1;land;false;mountain;7
2326;147;50;1;land;false;mountain;7
2327;205;66;1;land;false;hills;7
2328;207;37;1;land;false;plains;7
2329;201;36;1;land;true;plains;7
2330;152;55;1;land;false;mountain;7
2331;151;82;1;land;false;mountain;7
2332;149;77;1;land;true;mountain;7
2333;212;39;1;land;false;hills;7
2334;225;93;1;land;false;hills;7
2335;152;42;1;land;true;mountain;7
2336;208;54;1;land;false;hills;7
2337;160;89;1;land;true;hills;7
2338;175;31;1;land;false;hills;7
2339;187;57;1;land;false;mountain;7
2340;149;58;1;land;false;mountain;7
2341;220;41;1;land;false;plains;7
2342;42;39;1;land;false;hills;7
2343;27;45;1;land;false;plains;7
2344;63;72;1;land;false;plains;7
2345;2;93;1;land;true;hills;7
2346;13;37;1;land;false;hills;7
2347;46;73;1;land;true;mountain;7
2348;74;37;1;land;false;hills;7
2349;56;79;1;land;true;desert;7
2350;41;99;1;land;true;desert;7
2351;70;45;1;land;false;mountain;7
2352;34;30;1;land;false;hills;7
2353;10;37;1;land;false;hills;7
2354;22;42;1;land;false;plains;7
2355;41;105;1;land;false;plains;7
2356;42;47;1;land;false;hills;7
2357;9;28;1;land;false;hills;7
2358;65;47;1;land;true;hills;7
2359;159;96;1;land;true;plains;7
2360;138;105;1;land;false;plains;7
2361;157;146;1;land;true;mountain;7
2362;146;113;1;land;false;plains;7
2363;144;150;1;land;false;hills;7
2364;123;120;1;land;false;mountain;7
2365;165;171;1;land;false;hills;7
2366;115;119;1;land;true;mountain;7
2367;119;151;1;land;false;mountain;7
2368;162;173;1;land;false;hills;7
2369;132;174;1;land;true;mountain;7
2370;115;152;1;land;false;hills;7
2371;148;120;1;land;false;hills;7
2372;102;158;1;land;false;hills;7
2373;116;109;1;land;false;plains;7
2374;148;169;1;land;false;hills;7
2375;134;100;1;land;false;mountain;7
2376;142;102;1;land;true;plains;7
2377;166;153;1;land;false;hills;7
2378;133;107;1;land;true;plains;7
2379;119;164;1;land;false;hills;7
2380;253;17;1;land;false;hills;7
2381;239;17;1;land;false;plains;7
2382;236;28;1;land;false;hills;7
2383;219;33;1;land;false;plains;7
2384;237;29;1;land;false;hills;7
2385;228;10;1;land;false;plains;7
2386;216;37;1;land;false;plains;7
2387;254;21;1;land;false;desert;7
2388;223;30;1;land;false;hills;7
2389;232;7;1;land;false;hills;7
2390;212;19;1;land;false;mountain;7
2391;215;6;1;land;false;plains;7
2392;229;13;1;land;false;plains;7
2393;218;35;1;land;false;hills;7
2394;242;17;1;land;false;hills;7
2395;218;5;1;land;false;hills;7
2396;217;35;1;land;false;plains;7
2397;222;102;1;land;false;plains;7
2398;219;154;1;land;false;hills;7
2399;254;132;1;land;false;plains;7
2400;248;153;1;land;false;hills;7
2401;252;172;1;land;false;hills;7
2402;239;169;1;land;false;hills;7
2403;254;162;1;land;false;hills;7
2404;230;139;1;land;false;hills;7
2405;234;152;1;land;false;desert;7
2406;233;171;1;land;false;desert;7
2407;234;159;1;land;false;plains;7
2408;221;122;1;land;false;plains;7
2409;226;165;1;land;false;hills;7
2410;225;116;1;land;false;plains;7
2411;239;127;1;land;false;hills;7
2412;234;130;1;land;false;plains;7
2413;210;127;1;land;false;desert;7
2414;229;158;1;land;false;desert;7
2415;211;136;1;land;false;desert;7
2416;87;19;1;land;true;mountain;7
2417;106;7;1;land;false;forest;7
2418;98;12;1;land;true;hills;7
2419;80;41;1;land;true;plains;7
2420;111;12;1;land;false;hills;7
2421;89;15;1;land;true;hills;7
2422;128;21;1;land;true;hills;7
2423;69;24;1;land;true;plains;7
2424;130;28;1;land;true;plains;7
2425;79;12;1;land;true;hills;7
2426;83;11;1;land;true;hills;7
2427;105;28;1;land;false;forest;7
2428;183;143;1;land;false;forest;7
2429;151;124;1;land;false;plains;7
2430;138;142;1;land;false;forest;7
2431;144;74;1;land;false;forest;7
2432;172;137;1;land;false;hills;7
2433;143;137;1;land;false;hills;7
2434;127;137;1;land;false;forest;7
2435;33;206;1;land;false;hills;7
2436;34;244;1;land;false;hills;7
2437;50;241;1;land;false;hills;7
2438;25;230;1;land;false;hills;7
2439;21;237;1;land;false;plains;7
2440;42;215;1;land;false;hills;7
2441;31;252;1;land;false;hills;7
2442;49;213;1;land;false;plains;7
2443;29;227;1;land;false;hills;7
2444;13;249;1;land;false;plains;7
2445;48;223;1;land;false;plains;7
2446;45;228;1;land;false;plains;7
2447;5;201;1;land;false;plains;7
2448;14;212;1;land;false;hills;7
2449;197;109;1;land;false;plains;7
2450;238;77;1;land;false;plains;7
2451;212;112;1;land;false;plains;7
2452;245;90;1;land;false;plains;7
2453;219;109;1;land;false;hills;7
2454;199;66;1;land;false;hills;7
2455;248;56;1;land;false;hills;7
2456;220;214;1;land;false;mountain;7
2457;210;213;1;land;false;hills;7
2458;221;166;1;land;false;hills;7
2459;171;228;1;land;false;plains;7
2460;226;186;1;land;false;plains;7
2461;174;239;1;land;false;hills;7
2462;195;218;1;land;false;hills;7
2463;211;210;1;land;false;forest;7
2464;202;220;1;land;false;forest;7
2465;168;217;1;land;false;hills;7
2466;229;217;1;land;false;plains;7
2467;189;71;1;land;false;hills;7
2468;114;49;1;land;false;hills;7
2469;169;50;1;land;false;hills;7
2470;131;43;1;land;false;hills;7
2471;161;14;1;land;false;hills;7
2472;129;87;1;land;false;plains;7
2473;142;54;1;land;false;mountain;7
2474;126;47;1;land;false;hills;7
2475;159;57;1;land;false;hills;7
2476;29;198;1;land;false;jungle;7
2477;39;208;1;land;true;hills;7
2478;0;138;1;land;true;hills;7
2479;34;141;1;land;false;mountain;7
2480;29;201;1;land;false;mountain;7
2481;20;196;1;land;false;hills;7
2482;21;211;1;land;true;mountain;7
2483;41;199;1;land;true;mountain;7
2484;34;201;1;land;true;hills;7
2485;13;142;1;land;true;mountain;7
2486;40;191;1;land;true;mountain;7
2487;33;184;1;land;true;mountain;7
2488;19;160;1;land;false;hills;7
2489;35;201;1;land;true;mountain;7
2490;41;160;1;land;true;jungle;7
2491;11;163;1;land;true;mountain;7
2492;2;169;1;land;true;mountain;7
2493;3;141;1;land;false;hills;7
2494;11;72;1;land;false;forest;7
2495;28;39;1;land;false;mountain;7
2496;25;23;1;land;false;forest;7
2497;23;38;1;land;false;plains;7
2498;4;84;1;land;false;plains;7
2499;9;87;1;land;false;mountain;7
2500;10;57;1;land;false;hills;7
2501;37;62;1;land;false;forest;7
2502;14;66;1;land;false;hills;7
2503;25;92;1;land;false;hills;7
2504;38;50;1;land;false;forest;7
2505;137;152;1;land;true;mountain;7
2506;112;172;1;land;false;mountain;7
2507;118;207;1;land;false;hills;7
2508;175;200;1;land;false;hills;7
2509;142;162;1;land;false;hills;7
2510;118;210;1;land;false;hills;7
2511;188;166;1;land;true;mountain;7
2512;197;149;1;land;true;plains;7
2513;242;187;1;land;true;mountain;7
2514;177;167;1;land;true;hills;7
2515;187;170;1;land;false;mountain;7
2516;201;172;1;land;true;plains;7
2517;205;135;1;land;true;mountain;7
2518;202;163;1;land;false;hills;7
2519;180;126;1;land;true;mountain;7
2520;208;135;1;land;true;mountain;7
2521;207;184;1;land;true;plains;7
2522;169;135;1;land;true;plains;7
2523;192;142;1;land;true;plains;7
2524;218;167;1;land;false;hills;7
2525;181;170;1;land;true;mountain;7
2526;202;116;1;land;true;plains;7
2527;206;165;1;land;true;plains;7
2528;231;183;1;land;false;hills;7
2529;184;131;1;land;true;hills;7
2530;192;143;1;land;true;plains;7
2531;226;126;1;land;true;plains;7
2532;235;144;1;land;true;mountain;7
2533;176;185;1;land;true;plains;7
2534;212;22;1;land;true;mountain;7
2535;174;26;1;land;true;mountain;7
2536;191;41;1;land;false;hills;7
2537;238;55;1;land;false;mountain;7
2538;215;72;1;land;false;plains;7
2539;201;37;1;land;false;hills;7
2540;231;75;1;land;false;hills;7
2541;227;63;1;land;true;plains;7
2542;175;12;1;land;true;hills;7
2543;236;27;1;land;true;hills;7
2544;176;1;1;land;false;mountain;7
2545;197;61;1;land;false;hills;7
2546;198;62;1;land;true;plains;7
2547;184;35;1;land;false;hills;7
2548;173;12;1;land;false;hills;7
2549;233;53;1;land;true;mountain;7
2550;192;64;1;land;false;hills;7
2551;27;122;1;land;false;hills;7
2552;76;197;1;land;false;hills;7
2553;254;168;1;land;false;plains;7
2554;213;165;1;land;false;plains;7
2555;222;106;1;land;true;hills;7
2556;232;92;1;land;true;hills;7
2557;201;119;1;land;true;plains;7
2558;231;129;1;land;true;hills;7
2559;202;100;1;land;true;hills;7
2560;216;104;1;land;false;plains;7
2561;61;239;1;land;false;forest;7
2562;1;201;1;land;false;plains;7
2563;71;243;1;land;false;mountain;7
2564;75;208;1;land;false;forest;7
2565;75;246;1;land;false;hills;7
2566;239;161;1;land;true;mountain;7
2567;250;146;1;land;false;mountain;7
2568;237;188;1;land;true;hills;7
2569;223;209;1;land;false;mountain;7
2570;245;151;1;land;true;hills;7
2571;227;139;1;land;true;plains;7
2572;254;164;1;land;true;mountain;7
2573;241;133;1;land;false;mountain;7
2574;226;171;1;land;false;hills;7
2575;247;154;1;land;true;mountain;7
2576;224;172;1;land;false;mountain;7
2577;247;174;1;land;true;plains;7
2578;250;158;1;land;false;mountain;7
2579;252;178;1;land;false;mountain;7
2580;240;174;1;land;false;hills;7
2581;237;176;1;land;true;plains;7
2582;247;184;1;land;true;plains;7
2583;187;53;1;land;true;forest;7
2584;188;64;1;land;true;plains;7
2585;234;19;1;land;true;hills;7
2586;223;10;1;land;true;plains;7
2587;215;54;1;land;false;hills;7
2588;189;79;1;land;false;hills;7
2589;182;30;1;land;false;hills;7
2590;175;5;1;land;false;plains;7
2591;183;39;1;land;false;hills;7
2592;155;142;1;land;false;hills;7
2593;193;106;1;land;false;hills;7
2594;18;19;1;land;false;mountain;7
2595;44;16;1;land;true;hills;7
2596;45;33;1;land;false;hills;7
2597;44;1;1;land;false;desert;7
2598;20;26;1;land;false;hills;7
2599;28;26;1;land;false;hills;7
2600;46;19;1;land;false;desert;7
2601;26;24;1;land;false;plains;7
2602;50;6;1;land;false;hills;7
2603;38;3;1;land;false;hills;7
2604;26;22;1;land;false;hills;7
2605;61;49;1;land;false;hills;7
2606;116;28;1;land;false;plains;7
2607;128;32;1;land;false;plains;7
2608;97;31;1;land;false;plains;7
2609;90;2;1;land;false;forest;7
2610;153;20;1;land;false;hills;7
2611;167;42;1;land;false;hills;7
2612;122;35;1;land;false;hills;7
2613;134;39;1;land;false;plains;7
2614;111;36;1;land;false;plains;7
2615;96;1;1;land;false;hills;7
2616;134;50;1;land;false;hills;7
2617;153;24;1;land;false;hills;7
2618;135;40;1;land;false;plains;7
2619;119;10;1;land;false;plains;7
2620;81;118;1;land;false;plains;7
2621;62;102;1;land;false;hills;7
2622;121;147;1;land;false;hills;7
2623;95;148;1;land;false;hills;7
2624;50;121;1;land;false;plains;7
2625;127;97;1;land;false;forest;7
2626;210;215;1;land;false;forest;7
2627;198;201;1;land;false;forest;7
2628;230;247;1;land;false;hills;7
2629;192;207;1;land;false;hills;7
2630;182;203;1;land;false;forest;7
2631;167;248;1;land;false;mountain;7
2632;220;252;1;land;false;hills;7
2633;170;213;1;land;false;forest;7
2634;229;242;1;land;false;forest;7
2635;198;229;1;land;false;forest;7
2636;221;246;1;land;false;plains;7
2637;48;215;1;land;false;hills;7
2638;71;224;1;land;false;hills;7
2639;23;214;1;land;false;plains;7
2640;26;202;1;land;false;hills;7
2641;50;222;1;land;false;hills;7
2642;31;208;1;land;false;plains;7
2643;79;223;1;land;false;hills;7
2644;43;226;1;land;false;plains;7
2645;30;237;1;land;false;hills;7
2646;34;213;1;land;false;hills;7
2647;7;243;1;land;false;plains;7
2648;29;224;1;land;false;hills;7
2649;64;227;1;land;false;hills;7
2650;66;212;1;land;false;hills;7
2651;30;86;1;land;true;hills;7
2652;4;88;1;land;false;plains;7
2653;21;87;1;land;true;hills;7
2654;24;91;1;land;false;hills;7
2655;3;94;1;land;true;desert;7
2656;5;124;1;land;false;plains;7
2657;13;102;1;land;false;plains;7
2658;25;116;1;land;true;hills;7
2659;11;129;1;land;true;hills;7
2660;39;76;1;land;true;hills;7
2661;25;96;1;land;false;plains;7
2662;27;89;1;land;false;plains;7
2663;145;238;1;land;false;hills;7
2664;104;190;1;land;false;hills;7
2665;88;209;1;land;false;hills;7
2666;151;214;1;land;false;hills;7
2667;94;180;1;land;false;hills;7
2668;144;221;1;land;false;plains;7
2669;125;99;1;land;true;hills;7
2670;141;99;1;land;true;hills;7
2671;140;86;1;land;true;hills;7
2672;128;101;1;land;false;plains;7
2673;110;57;1;land;false;desert;7
2674;117;117;1;land;true;hills;7
2675;147;76;1;land;false;desert;7
2676;96;107;1;land;false;desert;7
2677;134;58;1;land;true;hills;7
2678;86;95;1;land;false;desert;7
2679;138;68;1;land;true;hills;7
2680;219;248;1;land;false;hills;7
2681;197;229;1;land;false;plains;7
2682;201;208;1;land;false;hills;7
2683;232;229;1;land;false;hills;7
2684;219;214;1;land;false;hills;7
2685;230;216;1;land;false;hills;7
2686;250;215;1;land;false;forest;7
2687;209;208;1;land;false;hills;7
2688;249;197;1;land;false;mountain;7
2689;230;231;1;land;false;hills;7
2690;246;199;1;land;false;hills;7
2691;202;214;1;land;false;hills;7
2692;246;215;1;land;false;mountain;7
2693;242;217;1;land;false;mountain;7
2694;202;217;1;land;false;hills;7
2695;181;251;1;land;false;plains;7
2696;185;227;1;land;false;hills;7
2697;220;242;1;land;false;hills;7
2698;191;201;1;land;false;forest;7
2699;232;183;1;land;false;plains;7
2700;221;197;1;land;false;hills;7
2701;195;207;1;land;false;mountain;7
2702;238;192;1;land;false;mountain;7
2703;217;238;1;land;false;mountain;7
2704;53;61;1;land;false;plains;7
2705;17;96;1;land;false;mountain;7
2706;59;119;1;land;false;plains;7
2707;75;97;1;land;false;hills;7
2708;46;64;1;land;false;plains;7
2709;17;107;1;land;false;mountain;7
2710;62;122;1;land;false;hills;7
2711;105;131;1;land;false;plains;7
2712;179;75;1;land;false;plains;7
2713;155;63;1;land;false;plains;7
2714;138;98;1;land;false;plains;7
2715;122;76;1;land;false;plains;7
2716;151;72;1;land;false;plains;7
2717;162;132;1;land;false;plains;7
2718;113;95;1;land;false;plains;7
2719;107;103;1;land;false;plains;7
2720;173;134;1;land;false;plains;7
2721;234;183;1;land;true;hills;7
2722;240;218;1;land;true;plains;7
2723;243;236;1;land;false;plains;7
2724;242;205;1;land;false;hills;7
2725;232;194;1;land;false;hills;7
2726;191;72;1;land;false;mountain;7
2727;245;102;1;land;true;plains;7
2728;208;46;1;land;true;mountain;7
2729;231;45;1;land;true;plains;7
2730;57;227;1;land;false;mountain;7
2731;69;219;1;land;false;hills;7
2732;29;187;1;land;false;hills;7
2733;30;159;1;land;false;mountain;7
2734;49;92;1;land;false;hills;7
2735;24;49;1;land;false;plains;7
2736;28;78;1;land;false;mountain;7
2737;77;46;1;land;false;hills;7
2738;62;77;1;land;false;hills;7
2739;78;80;1;land;false;hills;7
2740;84;44;1;land;false;plains;7
2741;33;55;1;land;false;hills;7
2742;52;84;1;land;false;mountain;7
2743;32;103;1;land;false;hills;7
2744;46;48;1;land;false;hills;7
2745;45;95;1;land;false;hills;7
2746;76;102;1;land;false;hills;7
2747;39;54;1;land;false;hills;7
2748;95;101;1;land;false;mountain;7
2749;36;48;1;land;false;hills;7
2750;70;113;1;land;false;mountain;7
2751;77;102;1;land;false;hills;7
2752;21;44;1;land;false;hills;7
2753;164;209;1;land;false;hills;7
2754;181;232;1;land;false;hills;7
2755;201;181;1;land;true;plains;7
2756;188;219;1;land;false;hills;7
2757;150;230;1;land;false;hills;7
2758;141;174;1;land;false;hills;7
2759;157;233;1;land;false;hills;7
2760;131;155;1;land;false;plains;7
2761;210;179;1;land;false;forest;7
2762;214;150;1;land;false;forest;7
2763;228;167;1;land;false;forest;7
2764;223;148;1;land;false;hills;7
2765;253;185;1;land;false;forest;7
2766;216;177;1;land;false;mountain;7
2767;235;139;1;land;false;hills;7
2768;217;129;1;land;false;hills;7
2769;225;200;1;land;false;hills;7
2770;201;147;1;land;false;mountain;7
2771;234;163;1;land;false;hills;7
2772;207;144;1;land;false;forest;7
2773;196;192;1;land;false;hills;7
2774;225;157;1;land;false;forest;7
2775;243;141;1;land;false;hills;7
2776;243;189;1;land;false;hills;7
2777;197;126;1;land;false;forest;7
2778;235;127;1;land;false;mountain;7
2779;202;175;1;land;false;mountain;7
2780;224;176;1;land;false;hills;7
2781;62;138;1;land;false;hills;7
2782;52;179;1;land;false;plains;7
2783;58;156;1;land;false;hills;7
2784;120;169;1;land;false;hills;7
2785;47;153;1;land;false;forest;7
2786;98;187;1;land;false;hills;7
2787;58;182;1;land;false;hills;7
2788;50;200;1;land;false;hills;7
2789;111;158;1;land;false;forest;7
2790;66;143;1;land;false;forest;7
2791;70;132;1;land;false;plains;7
2792;50;166;1;land;false;hills;7
2793;53;35;1;land;false;plains;7
2794;40;55;1;land;false;hills;7
2795;81;2;1;land;false;plains;7
2796;49;46;1;land;false;plains;7
2797;59;26;1;land;false;plains;7
2798;33;52;1;land;false;plains;7
2799;80;49;1;land;false;hills;7
2800;53;38;1;land;false;plains;7
2801;64;50;1;land;false;plains;7
2802;28;7;1;land;false;forest;7
2803;68;11;1;land;false;hills;7
2804;53;32;1;land;false;hills;7
2805;39;16;1;land;false;hills;7
2806;8;28;1;land;false;hills;7
2807;169;103;1;land;false;hills;7
2808;191;159;1;land;false;hills;7
2809;159;117;1;land;false;hills;7
2810;128;154;1;land;false;hills;7
2811;174;173;1;land;false;hills;7
2812;168;122;1;land;false;hills;7
2813;143;142;1;land;false;hills;7
2814;149;173;1;land;false;desert;7
2815;128;137;1;land;false;hills;7
2816;132;138;1;land;false;hills;7
2817;24;155;1;land;false;hills;7
2818;33;145;1;land;false;hills;7
2819;4;106;1;land;false;mountain;7
2820;31;155;1;land;false;plains;7
2821;0;165;1;land;false;hills;7
2822;19;126;1;land;false;mountain;7
2823;2;176;1;land;false;hills;7
2824;37;100;1;land;false;hills;7
2825;21;121;1;land;false;hills;7
2826;14;136;1;land;false;hills;7
2827;0;140;1;land;false;hills;7
2828;20;145;1;land;false;mountain;7
2829;18;175;1;land;false;mountain;7
2830;26;148;1;land;false;hills;7
2831;41;107;1;land;false;mountain;7
2832;104;201;1;land;false;mountain;7
2833;114;197;1;land;false;mountain;7
2834;118;229;1;land;false;mountain;7
2835;141;227;1;land;false;mountain;7
2836;121;203;1;land;true;hills;7
2837;100;193;1;land;false;mountain;7
2838;121;242;1;land;true;hills;7
2839;143;172;1;land;false;plains;7
2840;132;242;1;land;false;mountain;7
2841;127;236;1;land;false;hills;7
2842;121;239;1;land;false;mountain;7
2843;85;234;1;land;true;hills;7
2844;199;62;1;land;false;plains;7
2845;188;68;1;land;false;plains;7
2846;242;46;1;land;false;hills;7
2847;221;91;1;land;false;hills;7
2848;197;58;1;land;false;hills;7
2849;207;91;1;land;false;hills;7
2850;213;97;1;land;false;mountain;7
2851;235;52;1;land;false;plains;7
2852;235;93;1;land;false;plains;7
2853;231;110;1;land;false;hills;7
2854;222;85;1;land;false;plains;7
2855;206;94;1;land;false;hills;7
2856;231;98;1;land;false;mountain;7
2857;185;56;1;land;false;plains;7
2858;206;37;1;land;false;plains;7
2859;246;71;1;land;false;plains;7
2860;234;94;1;land;false;hills;7
2861;187;54;1;land;false;plains;7
2862;81;68;1;land;false;plains;7
2863;48;52;1;land;false;hills;7
2864;80;104;1;land;false;hills;7
2865;83;69;1;land;false;hills;7
2866;48;88;1;land;false;plains;7
2867;81;112;1;land;false;plains;7
2868;41;111;1;land;false;hills;7
2869;51;57;1;land;false;hills;7
2870;86;59;1;land;false;hills;7
2871;56;61;1;land;false;hills;7
2872;76;59;1;land;false;hills;7
2873;27;97;1;land;false;hills;7
2874;31;86;1;land;false;plains;7
2875;99;39;1;land;false;plains;7
2876;79;54;1;land;false;hills;7
2877;83;95;1;land;false;plains;7
2878;103;80;1;land;false;hills;7
2879;93;116;1;land;false;hills;7
2880;51;46;1;land;false;hills;7
2881;46;62;1;land;false;plains;7
2882;95;104;1;land;false;hills;7
2883;69;84;1;land;false;hills;7
2884;23;159;1;land;false;hills;7
2885;0;151;1;land;false;mountain;7
2886;33;209;1;land;false;mountain;7
2887;17;158;1;land;false;hills;7
2888;137;34;1;land;false;hills;7
2889;105;31;1;land;false;mountain;7
2890;108;52;1;land;false;plains;7
2891;145;38;1;land;false;mountain;7
2892;153;47;1;land;false;plains;7
2893;96;68;1;land;false;hills;7
2894;136;53;1;land;false;plains;7
2895;94;37;1;land;false;hills;7
2896;127;34;1;land;false;mountain;7
2897;150;50;1;land;false;hills;7
2898;115;24;1;land;false;mountain;7
2899;96;32;1;land;false;mountain;7
2900;161;24;1;land;false;plains;7
2901;158;40;1;land;false;hills;7
2902;163;9;1;land;false;hills;7
2903;105;64;1;land;false;hills;7
2904;142;64;1;land;false;plains;7
2905;152;63;1;land;true;hills;7
2906;107;39;1;land;false;plains;7
2907;105;34;1;land;false;hills;7
2908;168;38;1;land;false;hills;7
2909;130;25;1;land;false;mountain;7
2910;141;36;1;land;false;plains;7
2911;160;38;1;land;false;mountain;7
2912;108;56;1;land;false;plains;7
2913;111;53;1;land;false;hills;7
2914;101;50;1;land;false;mountain;7
2915;109;34;1;land;false;hills;7
2916;174;51;1;land;false;mountain;7
2917;158;59;1;land;false;hills;7
2918;171;45;1;land;false;hills;7
2919;159;25;1;land;false;hills;7
2920;154;19;1;land;false;plains;7
2921;130;30;1;land;false;plains;7
2922;91;205;1;land;false;hills;7
2923;107;169;1;land;true;hills;7
2924;140;215;1;land;false;mountain;7
2925;124;223;1;land;false;mountain;7
2926;199;35;1;land;true;hills;7
2927;241;84;1;land;false;forest;7
2928;212;13;1;land;true;plains;7
2929;215;27;1;land;true;hills;7
2930;247;50;1;land;false;forest;7
2931;250;63;1;land;false;hills;7
2932;49;11;1;land;true;forest;7
2933;13;48;1;land;false;forest;7
2934;18;33;1;land;true;hills;7
2935;19;31;1;land;true;forest;7
2936;58;43;1;land;true;hills;7
2937;30;181;1;land;false;hills;7
2938;42;151;1;land;false;hills;7
2939;63;143;1;land;false;hills;7
2940;59;126;1;land;false;hills;7
2941;60;179;1;land;false;hills;7
2942;74;136;1;land;false;hills;7
2943;51;150;1;land;false;hills;7
2944;65;182;1;land;false;mountain;7
2945;64;135;1;land;false;plains;7
2946;12;122;1;land;false;hills;7
2947;21;160;1;land;false;hills;7
2948;56;151;1;land;false;mountain;7
2949;57;171;1;land;false;mountain;7
2950;69;180;1;land;false;mountain;7
2951;66;179;1;land;false;hills;7
2952;138;43;1;land;false;hills;7
2953;159;36;1;land;false;jungle;7
2954;169;54;1;land;false;jungle;7
2955;117;1;1;land;false;jungle;7
2956;130;14;1;land;false;forest;7
2957;185;58;1;land;false;hills;7
2958;140;5;1;land;false;plains;7
2959;150;21;1;land;false;jungle;7
2960;178;28;1;land;false;hills;7
2961;132;109;1;land;true;jungle;7
2962;108;120;1;land;true;hills;7
2963;79;146;1;land;false;mountain;7
2964;155;119;1;land;false;hills;7
2965;142;115;1;land;false;hills;7
2966;100;148;1;land;true;jungle;7
2967;135;116;1;land;true;jungle;7
2968;132;97;1;land;false;hills;7
2969;120;127;1;land;true;hills;7
2970;120;86;1;land;false;hills;7
2971;138;103;1;land;true;jungle;7
2972;127;129;1;land;false;hills;7
2973;112;146;1;land;true;plains;7
2974;248;222;1;land;true;mountain;7
2975;220;244;1;land;false;hills;7
2976;252;245;1;land;true;hills;7
2977;251;229;1;land;false;hills;7
2978;211;215;1;land;false;hills;7
2979;225;237;1;land;false;mountain;7
2980;237;223;1;land;false;plains;7
2981;239;230;1;land;false;hills;7
2982;198;254;1;land;false;hills;7
2983;214;241;1;land;false;hills;7
2984;253;210;1;land;false;hills;7
2985;201;127;1;land;false;hills;7
2986;225;152;1;land;false;hills;7
2987;235;155;1;land;false;hills;7
2988;224;154;1;land;false;hills;7
2989;224;118;1;land;false;hills;7
2990;254;90;1;land;false;mountain;7
2991;199;130;1;land;true;jungle;7
2992;214;161;1;land;false;hills;7
2993;249;127;1;land;false;hills;7
2994;210;126;1;land;false;hills;7
2995;232;93;1;land;false;hills;7
2996;246;153;1;land;false;mountain;7
2997;191;126;1;land;true;hills;7
2998;241;103;1;land;false;hills;7
2999;193;123;1;land;false;hills;7
3000;249;101;1;land;false;hills;7
3001;202;149;1;land;false;hills;7
3002;210;138;1;land;false;mountain;7
3003;222;126;1;land;false;mountain;7
3004;254;160;1;land;false;hills;7
3005;221;163;1;land;false;hills;7
3006;67;229;1;land;true;hills;7
3007;35;225;1;land;false;hills;7
3008;90;233;1;land;false;hills;7
3009;72;253;1;land;false;plains;7
3010;65;215;1;land;false;plains;7
3011;102;217;1;land;false;hills;7
3012;82;245;1;land;false;hills;7
3013;95;252;1;land;true;plains;7
3014;186;141;1;land;false;hills;7
3015;111;127;1;land;false;hills;7
3016;141;170;1;land;false;hills;7
3017;183;138;1;land;false;plains;7
3018;156;149;1;land;true;hills;7
3019;251;1;1;land;false;mountain;7
3020;241;12;1;land;false;hills;7
3021;217;30;1;land;false;plains;7
3022;237;22;1;land;false;hills;7
3023;252;19;1;land;false;hills;7
3024;234;32;1;land;true;desert;7
3025;223;8;1;land;false;hills;7
3026;251;15;1;land;false;mountain;7
3027;239;19;1;land;false;hills;7
3028;239;14;1;land;true;mountain;7
3029;253;23;1;land;false;plains;7
3030;231;33;1;land;false;hills;7
3031;217;9;1;land;false;hills;7
3032;246;10;1;land;false;plains;7
3033;215;34;1;land;false;mountain;7
3034;225;26;1;land;true;desert;7
3035;249;14;1;land;false;hills;7
3036;242;35;1;land;true;mountain;7
3037;239;35;1;land;false;mountain;7
3038;248;18;1;land;false;hills;7
3039;222;23;1;land;false;plains;7
3040;228;27;1;land;false;mountain;7
3041;225;17;1;land;true;mountain;7
3042;231;11;1;land;false;hills;7
3043;254;5;1;land;true;desert;7
3044;244;22;1;land;false;hills;7
3045;240;27;1;land;false;hills;7
3046;230;39;1;land;false;hills;7
3047;235;29;1;land;false;mountain;7
3048;238;20;1;land;true;mountain;7
3049;222;9;1;land;false;mountain;7
3050;248;19;1;land;false;mountain;7
3051;253;14;1;land;true;mountain;7
3052;223;13;1;land;false;plains;7
3053;222;4;1;land;false;plains;7
3054;213;148;1;land;false;plains;7
3055;237;130;1;land;false;plains;7
3056;136;38;1;land;false;plains;7
3057;125;4;1;land;false;hills;7
3058;115;4;1;land;false;hills;7
3059;100;3;1;land;false;hills;7
3060;136;16;1;land;false;hills;7
3061;133;20;1;land;false;mountain;7
3062;138;21;1;land;false;plains;7
3063;121;18;1;land;false;hills;7
3064;143;13;1;land;false;mountain;7
3065;130;29;1;land;false;hills;7
3066;100;25;1;land;false;mountain;7
3067;111;9;1;land;false;mountain;7
3068;123;41;1;land;false;hills;7
3069;139;19;1;land;false;mountain;7
3070;136;34;1;land;false;hills;7
3071;141;7;1;land;false;hills;7
3072;96;37;1;land;false;hills;7
3073;97;36;1;land;false;forest;7
3074;77;11;1;land;false;plains;7
3075;130;7;1;land;false;hills;7
3076;140;41;1;land;false;hills;7
3077;79;132;1;land;false;hills;7
3078;76;125;1;land;false;desert;7
3079;87;95;1;land;false;mountain;7
3080;96;96;1;land;false;mountain;7
3081;77;146;1;land;false;mountain;7
3082;31;90;1;land;false;mountain;7
3083;53;99;1;land;false;hills;7
3084;72;136;1;land;false;forest;7
3085;149;192;1;land;true;mountain;7
3086;201;253;1;land;true;mountain;7
3087;180;95;1;land;false;desert;7
3088;157;142;1;land;false;hills;7
3089;188;129;1;land;false;hills;7
3090;131;81;1;land;false;hills;7
3091;172;113;1;land;false;mountain;7
3092;186;83;1;land;false;hills;7
3093;141;127;1;land;false;hills;7
3094;176;95;1;land;false;hills;7
3095;208;76;1;land;false;hills;7
3096;170;102;1;land;false;hills;7
3097;133;149;1;land;false;hills;7
3098;18;228;1;land;false;hills;7
3099;49;223;1;land;false;hills;7
3100;26;227;1;land;false;hills;7
3101;34;230;1;land;false;mountain;7
3102;20;209;1;land;false;hills;7
3103;37;202;1;land;false;mountain;7
3104;41;208;1;land;false;hills;7
3105;40;254;1;land;false;hills;7
3106;27;192;1;land;false;hills;7
3107;233;54;1;land;false;hills;7
3108;201;50;1;land;false;hills;7
3109;208;85;1;land;false;forest;7
3110;228;110;1;land;false;forest;7
3111;240;88;1;land;false;plains;7
3112;222;66;1;land;false;forest;7
3113;241;105;1;land;false;forest;7
3114;217;109;1;land;false;hills;7
3115;215;74;1;land;false;forest;7
3116;244;114;1;land;false;plains;7
3117;226;67;1;land;false;plains;7
3118;211;87;1;land;false;forest;7
3119;233;87;1;land;false;forest;7
3120;221;90;1;land;false;hills;7
3121;248;93;1;land;false;forest;7
3122;250;78;1;land;false;plains;7
3123;92;171;1;land;false;forest;7
3124;100;162;1;land;false;forest;7
3125;56;177;1;land;false;plains;7
3126;117;170;1;land;false;plains;7
3127;128;195;1;land;false;plains;7
3128;53;189;1;land;false;forest;7
3129;92;120;1;land;true;plains;7
3130;50;69;1;land;true;plains;7
3131;170;240;1;land;false;hills;7
3132;234;175;1;land;false;hills;7
3133;169;187;1;land;false;hills;7
3134;180;227;1;land;false;hills;7
3135;183;172;1;land;false;hills;7
3136;39;187;1;land;false;plains;7
3137;45;156;1;land;false;plains;7
3138;34;146;1;land;false;hills;7
3139;7;204;1;land;false;hills;7
3140;12;209;1;land;false;plains;7
3141;29;159;1;land;false;plains;7
3142;23;142;1;land;false;plains;7
3143;27;151;1;land;false;plains;7
3144;30;161;1;land;false;plains;7
3145;45;169;1;land;false;hills;7
3146;1;156;1;land;false;plains;7
3147;10;189;1;land;false;plains;7
3148;7;147;1;land;false;hills;7
3149;36;150;1;land;false;plains;7
3150;11;180;1;land;false;hills;7
3151;16;144;1;land;false;plains;7
3152;90;205;1;land;false;hills;7
3153;107;147;1;land;false;hills;7
3154;132;205;1;land;false;plains;7
3155;76;162;1;land;false;hills;7
3156;98;194;1;land;false;hills;7
3157;116;143;1;land;false;hills;7
3158;115;203;1;land;false;hills;7
3159;139;196;1;land;false;hills;7
3160;103;215;1;land;false;hills;7
3161;92;187;1;land;false;plains;7
3162;143;190;1;land;false;hills;7
3163;152;200;1;land;false;hills;7
3164;129;214;1;land;false;hills;7
3165;148;140;1;land;false;hills;7
3166;250;235;1;land;false;hills;7
3167;192;224;1;land;false;hills;7
3168;245;237;1;land;false;hills;7
3169;181;228;1;land;false;forest;7
3170;215;232;1;land;false;hills;7
3171;231;230;1;land;false;hills;7
3172;243;253;1;land;false;hills;7
3173;180;223;1;land;false;mountain;7
3174;207;235;1;land;false;hills;7
3175;196;237;1;land;false;hills;7
3176;45;125;1;land;true;hills;7
3177;43;107;1;land;true;mountain;7
3178;48;133;1;land;false;plains;7
3179;61;123;1;land;false;hills;7
3180;51;123;1;land;false;plains;7
3181;79;148;1;land;false;hills;7
3182;92;107;1;land;false;plains;7
3183;34;118;1;land;false;hills;7
3184;32;99;1;land;false;plains;7
3185;95;248;1;land;true;hills;7
3186;61;225;1;land;true;plains;7
3187;53;230;1;land;true;hills;7
3188;87;209;1;land;true;plains;7
3189;50;238;1;land;true;hills;7
3190;93;233;1;land;false;hills;7
3191;96;236;1;land;false;hills;7
3192;95;212;1;land;true;hills;7
3193;73;213;1;land;true;plains;7
3194;58;223;1;land;true;hills;7
3195;49;249;1;land;true;hills;7
3196;90;227;1;land;true;plains;7
3197;101;239;1;land;false;hills;7
3198;87;234;1;land;true;hills;7
3199;78;215;1;land;false;hills;7
3200;55;233;1;land;false;hills;7
3201;87;254;1;land;true;plains;7
3202;68;230;1;land;false;hills;7
3203;46;216;1;land;false;hills;7
3204;172;123;1;land;false;plains;7
3205;178;121;1;land;false;plains;7
3206;172;117;1;land;false;plains;7
3207;166;131;1;land;false;hills;7
3208;154;74;1;land;false;hills;7
3209;204;123;1;land;false;hills;7
3210;199;107;1;land;false;plains;7
3211;184;76;1;land;false;plains;7
3212;179;142;1;land;false;plains;7
3213;142;76;1;land;false;plains;7
3214;183;99;1;land;false;plains;7
3215;194;75;1;land;false;hills;7
3216;137;110;1;land;false;plains;7
3217;207;109;1;land;false;plains;7
3218;198;150;1;land;false;hills;7
3219;202;120;1;land;false;plains;7
3220;227;89;1;land;false;hills;7
3221;252;110;1;land;true;hills;7
3222;245;53;1;land;true;mountain;7
3223;214;99;1;land;false;hills;7
3224;250;87;1;land;false;hills;7
3225;238;54;1;land;true;mountain;7
3226;208;225;1;land;true;hills;7
3227;252;229;1;land;true;hills;7
3228;245;187;1;land;true;hills;7
3229;240;232;1;land;true;hills;7
3230;251;251;1;land;true;hills;7
3231;248;183;1;land;true;plains;7
3232;215;223;1;land;false;hills;7
3233;245;247;1;land;false;plains;7
3234;216;218;1;land;false;hills;7
3235;67;97;1;land;false;plains;7
3236;114;56;1;land;true;plains;7
3237;64;106;1;land;false;plains;7
3238;128;108;1;land;true;hills;7
3239;101;103;1;land;true;hills;7
3240;84;104;1;land;true;plains;7
3241;113;104;1;land;true;plains;7
3242;119;85;1;land;true;plains;7
3243;64;110;1;land;true;hills;7
3244;64;86;1;land;false;hills;7
3245;105;45;1;land;true;hills;7
3246;129;36;1;land;false;hills;7
3247;161;30;1;land;false;hills;7
3248;142;51;1;land;false;hills;7
3249;177;72;1;land;false;plains;7
3250;171;77;1;land;false;hills;7
3251;139;73;1;land;false;hills;7
3252;187;91;1;land;false;hills;7
3253;127;64;1;land;false;hills;7
3254;149;36;1;land;false;hills;7
3255;185;57;1;land;false;hills;7
3256;157;20;1;land;false;hills;7
3257;177;80;1;land;false;plains;7
3258;130;88;1;land;false;hills;7
3259;163;67;1;land;false;hills;7
3260;134;52;1;land;false;plains;7
3261;202;26;1;land;false;mountain;7
3262;196;67;1;land;false;plains;7
3263;195;68;1;land;false;hills;7
3264;189;52;1;land;false;plains;7
3265;183;19;1;land;false;hills;7
3266;162;56;1;land;false;plains;7
3267;191;60;1;land;false;hills;7
3268;152;34;1;land;false;hills;7
3269;169;15;1;land;false;hills;7
3270;168;92;1;land;false;hills;7
3271;184;50;1;land;false;hills;7
3272;158;60;1;land;false;hills;7
3273;197;28;1;land;false;hills;7
3274;198;28;1;land;false;plains;7
3275;126;85;1;land;false;hills;7
3276;149;21;1;land;false;plains;7
3277;132;48;1;land;false;hills;7
3278;134;80;1;land;false;plains;7
3279;165;191;1;land;false;hills;7
3280;152;228;1;land;false;hills;7
3281;168;206;1;land;false;plains;7
3282;146;178;1;land;false;hills;7
3283;10;59;1;land;true;hills;7
3284;42;72;1;land;true;hills;7
3285;7;31;1;land;true;hills;7
3286;22;53;1;land;false;plains;7
3287;9;59;1;land;true;hills;7
3288;16;93;1;land;true;plains;7
3289;3;59;1;land;false;plains;7
3290;30;20;1;land;false;hills;7
3291;195;122;1;land;false;hills;7
3292;239;156;1;land;false;hills;7
3293;221;154;1;land;false;mountain;7
3294;191;160;1;land;false;hills;7
3295;191;157;1;land;false;plains;7
3296;222;172;1;land;false;plains;7
3297;195;143;1;land;false;hills;7
3298;233;159;1;land;false;plains;7
3299;218;151;1;land;false;plains;7
3300;241;135;1;land;false;mountain;7
3301;226;154;1;land;false;hills;7
3302;189;193;1;land;false;hills;7
3303;244;133;1;land;false;hills;7
3304;47;32;1;land;false;hills;7
3305;45;6;1;land;false;hills;7
3306;51;27;1;land;false;plains;7
3307;110;4;1;land;false;plains;7
3308;102;56;1;land;false;plains;7
3309;109;64;1;land;true;mountain;7
3310;112;62;1;land;false;plains;7
3311;60;12;1;land;false;plains;7
3312;42;27;1;land;false;plains;7
3313;89;41;1;land;false;plains;7
3314;107;20;1;land;false;plains;7
3315;88;41;1;land;false;plains;7
3316;51;32;1;land;false;mountain;7
3317;88;15;1;land;false;hills;7
3318;85;18;1;land;true;plains;7
3319;64;45;1;land;false;plains;7
3320;70;12;1;land;false;hills;7
3321;104;51;1;land;false;plains;7
3322;75;45;1;land;false;plains;7
3323;77;148;1;land;false;hills;7
3324;46;184;1;land;false;hills;7
3325;74;195;1;land;false;hills;7
3326;92;176;1;land;false;hills;7
3327;61;152;1;land;false;hills;7
3328;83;196;1;land;false;hills;7
3329;116;168;1;land;false;hills;7
3330;88;192;1;land;false;plains;7
3331;93;135;1;land;false;hills;7
3332;94;183;1;land;false;hills;7
3333;43;127;1;land;false;plains;7
3334;78;126;1;land;false;hills;7
3335;117;159;1;land;false;hills;7
3336;68;129;1;land;false;hills;7
3337;105;156;1;land;false;hills;7
3338;47;157;1;land;false;hills;7
3339;75;178;1;land;false;hills;7
3340;107;199;1;land;false;hills;7
3341;117;158;1;land;false;hills;7
3342;81;136;1;land;false;hills;7
3343;105;181;1;land;false;hills;7
3344;128;35;1;land;false;plains;7
3345;87;65;1;land;false;hills;7
3346;124;2;1;land;false;plains;7
3347;90;29;1;land;false;hills;7
3348;117;40;1;land;false;hills;7
3349;91;49;1;land;false;hills;7
3350;79;24;1;land;false;plains;7
3351;109;39;1;land;false;plains;7
3352;102;60;1;land;false;hills;7
3353;75;62;1;land;false;plains;7
3354;72;4;1;land;false;plains;7
3355;97;62;1;land;false;hills;7
3356;108;50;1;land;false;plains;7
3357;99;64;1;land;false;plains;7
3358;90;55;1;land;false;plains;7
3359;125;50;1;land;false;plains;7
3360;88;48;1;land;false;plains;7
3361;110;65;1;land;false;plains;7
3362;71;61;1;land;false;plains;7
3363;130;40;1;land;false;hills;7
3364;73;54;1;land;false;plains;7
3365;64;59;1;land;false;plains;7
3366;73;45;1;land;false;plains;7
3367;86;35;1;land;false;hills;7
3368;219;58;1;land;false;hills;7
3369;184;66;1;land;false;hills;7
3370;187;46;1;land;false;hills;7
3371;159;9;1;land;false;hills;7
3372;220;19;1;land;false;forest;7
3373;214;25;1;land;false;hills;7
3374;197;0;1;land;false;hills;7
3375;214;141;1;land;false;hills;7
3376;211;127;1;land;false;plains;7
3377;213;152;1;land;false;hills;7
3378;193;145;1;land;false;plains;7
3379;174;140;1;land;false;plains;7
3380;185;173;1;land;false;plains;7
3381;213;145;1;land;false;hills;7
3382;177;127;1;land;false;plains;7
3383;240;115;1;land;false;plains;7
3384;237;151;1;land;false;plains;7
3385;245;183;1;land;false;hills;7
3386;174;174;1;land;false;plains;7
3387;221;161;1;land;false;plains;7
3388;214;145;1;land;false;plains;7
3389;181;136;1;land;false;plains;7
3390;248;106;1;land;false;plains;7
3391;213;124;1;land;false;plains;7
3392;48;34;1;land;false;hills;7
3393;3;17;1;land;false;forest;7
3394;39;35;1;land;false;forest;7
3395;33;30;1;land;false;forest;7
3396;20;28;1;land;false;hills;7
3397;144;41;1;land;false;mountain;7
3398;129;16;1;land;false;mountain;7
3399;92;36;1;land;false;hills;7
3400;143;9;1;land;false;plains;7
3401;84;40;1;land;false;hills;7
3402;115;13;1;land;false;hills;7
3403;149;25;1;land;false;plains;7
3404;146;28;1;land;false;hills;7
3405;140;106;1;land;false;hills;7
3406;122;99;1;land;false;mountain;7
3407;124;142;1;land;false;hills;7
3408;110;148;1;land;false;hills;7
3409;126;148;1;land;false;hills;7
3410;209;254;1;land;false;hills;7
3411;160;251;1;land;false;plains;7
3412;170;249;1;land;false;plains;7
3413;214;236;1;land;false;hills;7
3414;185;210;1;land;false;plains;7
3415;182;215;1;land;false;plains;7
3416;174;249;1;land;false;hills;7
3417;219;202;1;land;false;plains;7
3418;194;206;1;land;false;hills;7
3419;203;205;1;land;false;hills;7
3420;168;201;1;land;false;plains;7
3421;151;202;1;land;false;plains;7
3422;209;223;1;land;false;hills;7
3423;203;231;1;land;false;plains;7
3424;197;214;1;land;false;plains;7
3425;156;190;1;land;false;plains;7
3426;160;245;1;land;false;plains;7
3427;192;126;1;land;false;mountain;7
3428;213;121;1;land;false;mountain;7
3429;173;115;1;land;false;hills;7
3430;180;78;1;land;false;hills;7
3431;6;56;1;land;false;hills;7
3432;16;56;1;land;false;mountain;7
3433;28;102;1;land;false;hills;7
3434;14;82;1;land;false;hills;7
3435;24;63;1;land;false;plains;7
3436;57;51;1;land;false;hills;7
3437;78;90;1;land;false;hills;7
3438;110;201;1;land;false;hills;7
3439;120;214;1;land;false;hills;7
3440;107;211;1;land;false;hills;7
3441;100;214;1;land;false;hills;7
3442;70;191;1;land;true;mountain;7
3443;78;43;1;land;false;hills;7
3444;113;23;1;land;false;mountain;7
3445;115;25;1;land;false;hills;7
3446;132;25;1;land;false;mountain;7
3447;99;44;1;land;false;plains;7
3448;173;170;1;land;false;mountain;7
3449;203;218;1;land;false;forest;7
3450;226;29;1;land;true;hills;7
3451;195;76;1;land;true;mountain;7
3452;248;57;1;land;true;hills;7
3453;214;94;1;land;true;hills;7
3454;72;130;1;land;false;hills;7
3455;91;93;1;land;false;hills;7
3456;56;119;1;land;false;hills;7
3457;68;78;1;land;true;hills;7
3458;79;70;1;land;false;mountain;7
3459;94;82;1;land;false;plains;7
3460;92;248;1;land;false;hills;7
3461;126;252;1;land;false;hills;7
3462;131;213;1;land;false;hills;7
3463;128;224;1;land;false;plains;7
3464;114;225;1;land;false;hills;7
3465;79;213;1;land;false;hills;7
3466;190;138;1;land;false;hills;7
3467;189;113;1;land;false;mountain;7
3468;184;100;1;land;false;plains;7
3469;208;79;1;land;false;plains;7
3470;166;91;1;land;false;hills;7
3471;190;131;1;land;false;hills;7
3472;198;145;1;land;false;plains;7
3473;167;149;1;land;false;hills;7
3474;205;124;1;land;false;plains;7
3475;163;120;1;land;false;mountain;7
3476;155;135;1;land;false;hills;7
3477;224;99;1;land;false;mountain;7
3478;226;111;1;land;false;mountain;7
3479;205;120;1;land;false;hills;7
3480;195;107;1;land;false;hills;7
3481;161;118;1;land;false;mountain;7
3482;204;85;1;land;false;hills;7
3483;224;127;1;land;false;plains;7
3484;219;119;1;land;false;plains;7
3485;160;139;1;land;false;plains;7
3486;186;223;1;land;false;plains;7
3487;193;231;1;land;false;plains;7
3488;181;207;1;land;false;hills;7
3489;221;198;1;land;false;plains;7
3490;198;247;1;land;false;plains;7
3491;178;200;1;land;false;plains;7
3492;215;192;1;land;true;hills;7
3493;217;219;1;land;false;hills;7
3494;224;198;1;land;false;hills;7
3495;160;202;1;land;true;hills;7
3496;234;234;1;land;true;hills;7
3497;171;237;1;land;false;plains;7
3498;224;219;1;land;false;plains;7
3499;232;199;1;land;false;hills;7
3500;190;205;1;land;false;hills;7
3501;199;228;1;land;false;plains;7
3502;188;197;1;land;false;plains;7
3503;23;168;1;land;false;mountain;7
3504;14;168;1;land;false;mountain;7
3505;4;159;1;land;false;mountain;7
3506;15;222;1;land;false;mountain;7
3507;29;197;1;land;false;mountain;7
3508;91;193;1;land;true;hills;7
3509;145;222;1;land;true;hills;7
3510;82;171;1;land;true;hills;7
3511;122;221;1;land;true;mountain;7
3512;139;213;1;land;true;plains;7
3513;179;61;1;land;false;hills;7
3514;156;84;1;land;false;hills;7
3515;192;77;1;land;false;mountain;7
3516;156;44;1;land;false;plains;7
3517;165;54;1;land;false;hills;7
3518;150;187;1;land;false;hills;7
3519;215;145;1;land;false;plains;7
3520;193;191;1;land;false;plains;7
3521;169;131;1;land;false;hills;7
3522;156;199;1;land;false;hills;7
3523;151;188;1;land;false;hills;7
3524;184;206;1;land;false;hills;7
3525;219;158;1;land;false;desert;7
3526;165;201;1;land;false;plains;7
3527;184;178;1;land;false;plains;7
3528;214;163;1;land;false;hills;7
3529;219;163;1;land;false;plains;7
3530;64;33;1;land;false;hills;7
3531;24;97;1;land;false;plains;7
3532;39;23;1;land;false;plains;7
3533;16;27;1;land;false;plains;7
3534;33;70;1;land;false;plains;7
3535;25;83;1;land;false;plains;7
3536;21;65;1;land;false;plains;7
3537;43;51;1;land;false;hills;7
3538;8;37;1;land;false;desert;7
3539;23;39;1;land;false;hills;7
3540;55;71;1;land;false;plains;7
3541;17;57;1;land;false;hills;7
3542;5;63;1;land;false;hills;7
3543;8;70;1;land;false;hills;7
3544;22;65;1;land;false;desert;7
3545;37;86;1;land;false;hills;7
3546;31;93;1;land;false;desert;7
3547;53;40;1;land;false;hills;7
3548;26;31;1;land;false;plains;7
3549;11;77;1;land;false;plains;7
3550;51;80;1;land;false;hills;7
3551;0;92;1;land;false;desert;7
3552;226;90;1;land;true;plains;7
3553;231;56;1;land;true;plains;7
3554;224;77;1;land;false;hills;7
3555;236;30;1;land;true;plains;7
3556;184;60;1;land;true;hills;7
3557;236;84;1;land;false;hills;7
3558;179;97;1;land;true;hills;7
3559;166;86;1;land;false;hills;7
3560;215;55;1;land;true;plains;7
3561;214;47;1;land;true;plains;7
3562;183;46;1;land;true;plains;7
3563;240;65;1;land;false;hills;7
3564;193;66;1;land;true;hills;7
3565;177;158;1;land;false;plains;7
3566;240;172;1;land;false;hills;7
3567;231;141;1;land;false;hills;7
3568;218;190;1;land;false;plains;7
3569;190;140;1;land;true;plains;7
3570;245;162;1;land;false;hills;7
3571;209;183;1;land;false;hills;7
3572;221;178;1;land;true;hills;7
3573;176;172;1;land;false;plains;7
3574;184;199;1;land;true;hills;7
3575;228;166;1;land;true;hills;7
3576;184;182;1;land;true;plains;7
3577;236;150;1;land;false;hills;7
3578;178;143;1;land;true;hills;7
3579;199;142;1;land;true;hills;7
3580;217;180;1;land;false;plains;7
3581;215;209;1;land;false;plains;7
3582;197;154;1;land;true;hills;7
3583;223;172;1;land;true;hills;7
3584;244;184;1;land;false;plains;7
3585;184;158;1;land;false;plains;7
3586;201;214;1;land;true;plains;7
3587;218;163;1;land;true;hills;7
3588;70;61;1;land;true;hills;7
3589;52;100;1;land;true;hills;7
3590;69;51;1;land;false;forest;7
3591;89;90;1;land;true;hills;7
3592;18;85;1;land;true;hills;7
3593;50;53;1;land;true;hills;7
3594;77;47;1;land;false;jungle;7
3595;25;91;1;land;true;hills;7
3596;86;40;1;land;true;hills;7
3597;77;71;1;land;true;hills;7
3598;44;77;1;land;false;jungle;7
3599;68;90;1;land;true;hills;7
3600;22;33;1;land;true;hills;7
3601;45;85;1;land;true;hills;7
3602;39;32;1;land;false;jungle;7
3603;52;190;1;land;false;hills;7
3604;90;194;1;land;false;plains;7
3605;30;204;1;land;false;hills;7
3606;87;196;1;land;false;hills;7
3607;76;147;1;land;false;hills;7
3608;91;206;1;land;false;plains;7
3609;25;164;1;land;false;hills;7
3610;96;209;1;land;false;plains;7
3611;66;159;1;land;false;hills;7
3612;71;210;1;land;false;hills;7
3613;30;170;1;land;false;hills;7
3614;63;203;1;land;false;plains;7
3615;66;171;1;land;false;hills;7
3616;73;159;1;land;false;mountain;7
3617;148;1;1;land;false;hills;7
3618;93;66;1;land;false;hills;7
3619;95;22;1;land;false;plains;7
3620;84;7;1;land;false;plains;7
3621;126;24;1;land;false;hills;7
3622;91;68;1;land;true;hills;7
3623;143;66;1;land;true;hills;7
3624;140;0;1;land;false;hills;7
3625;136;41;1;land;true;hills;7
3626;141;16;1;land;false;hills;7
3627;155;2;1;land;false;plains;7
3628;86;12;1;land;false;hills;7
3629;125;72;1;land;false;plains;7
3630;152;146;1;land;true;plains;7
3631;122;116;1;land;true;hills;7
3632;124;118;1;land;true;hills;7
3633;163;125;1;land;true;plains;7
3634;107;122;1;land;false;hills;7
3635;144;116;1;land;false;forest;7
3636;154;161;1;land;false;hills;7
3637;165;157;1;land;false;hills;7
3638;160;181;1;land;false;plains;7
3639;202;17;1;land;false;hills;7
3640;188;74;1;land;false;hills;7
3641;249;73;1;land;false;hills;7
3642;239;58;1;land;false;hills;7
3643;194;39;1;land;false;mountain;7
3644;197;46;1;land;false;hills;7
3645;211;57;1;land;false;hills;7
3646;230;55;1;land;false;mountain;7
3647;219;2;1;land;false;hills;7
3648;226;71;1;land;false;hills;7
3649;240;66;1;land;false;hills;7
3650;216;146;1;land;false;hills;7
3651;6;6;1;land;false;forest;7
3652;24;12;1;land;false;hills;7
3653;32;2;1;land;false;plains;7
3654;16;17;1;land;false;plains;7
3655;16;30;1;land;false;forest;7
3656;68;34;1;land;false;plains;7
3657;47;2;1;land;false;hills;7
3658;31;34;1;land;false;hills;7
3659;78;40;1;land;false;mountain;7
3660;20;39;1;land;false;hills;7
3661;30;36;1;land;false;hills;7
3662;77;29;1;land;false;forest;7
3663;47;115;1;land;false;plains;7
3664;87;132;1;land;false;plains;7
3665;88;90;1;land;false;plains;7
3666;42;111;1;land;false;plains;7
3667;173;5;1;land;false;plains;7
3668;166;11;1;land;false;desert;7
3669;185;17;1;land;false;hills;7
3670;130;8;1;land;false;hills;7
3671;110;23;1;land;false;plains;7
3672;180;39;1;land;false;hills;7
3673;131;47;1;land;false;hills;7
3674;122;40;1;land;false;hills;7
3675;169;33;1;land;false;desert;7
3676;152;45;1;land;false;hills;7
3677;166;9;1;land;false;hills;7
3678;117;50;1;land;false;plains;7
3679;172;26;1;land;false;hills;7
3680;136;49;1;land;false;hills;7
3681;185;48;1;land;false;hills;7
3682;110;21;1;land;false;hills;7
3683;180;2;1;land;false;plains;7
3684;148;91;1;land;true;hills;7
3685;192;132;1;land;false;hills;7
3686;123;123;1;land;false;hills;7
3687;153;96;1;land;false;plains;7
3688;152;109;1;land;false;plains;7
3689;155;150;1;land;false;hills;7
3690;189;110;1;land;false;hills;7
3691;192;112;1;land;false;mountain;7
3692;173;128;1;land;true;plains;7
3693;180;89;1;land;false;hills;7
3694;147;146;1;land;false;hills;7
3695;170;105;1;land;false;hills;7
3696;123;167;1;land;true;hills;7
3697;129;105;1;land;false;plains;7
3698;131;138;1;land;false;mountain;7
3699;146;141;1;land;false;plains;7
3700;143;164;1;land;false;mountain;7
3701;129;116;1;land;false;hills;7
3702;179;144;1;land;false;hills;7
3703;191;92;1;land;false;hills;7
3704;223;239;1;land;true;mountain;7
3705;248;212;1;land;true;hills;7
3706;203;208;1;land;true;mountain;7
3707;205;233;1;land;false;mountain;7
3708;218;248;1;land;true;hills;7
3709;218;219;1;land;false;hills;7
3710;219;210;1;land;false;mountain;7
3711;244;227;1;land;true;hills;7
3712;180;201;1;land;true;hills;7
3713;174;222;1;land;true;hills;7
3714;236;197;1;land;false;mountain;7
3715;180;200;1;land;true;mountain;7
3716;237;208;1;land;true;plains;7
3717;175;206;1;land;false;plains;7
3718;176;231;1;land;true;mountain;7
3719;175;244;1;land;true;hills;7
3720;192;73;1;land;false;hills;7
3721;220;72;1;land;false;hills;7
3722;214;75;1;land;false;plains;7
3723;243;84;1;land;false;plains;7
3724;209;75;1;land;true;hills;7
3725;242;135;1;land;false;hills;7
3726;215;135;1;land;false;hills;7
3727;189;135;1;land;false;plains;7
3728;55;230;1;land;true;hills;7
3729;39;209;1;land;false;forest;7
3730;42;218;1;land;false;hills;7
3731;77;209;1;land;false;hills;7
3732;32;229;1;land;false;hills;7
3733;23;186;1;land;false;hills;7
3734;59;172;1;land;false;hills;7
3735;5;138;1;land;false;forest;7
3736;57;170;1;land;false;mountain;7
3737;22;158;1;land;false;hills;7
3738;33;198;1;land;false;mountain;7
3739;134;153;1;land;false;hills;7
3740;118;198;1;land;false;hills;7
3741;126;185;1;land;false;hills;7
3742;111;194;1;land;false;forest;7
3743;97;171;1;land;false;forest;7
3744;141;181;1;land;false;hills;7
3745;133;161;1;land;false;hills;7
3746;106;139;1;land;false;hills;7
3747;120;151;1;land;false;hills;7
3748;145;185;1;land;false;hills;7
3749;112;161;1;land;false;hills;7
3750;121;170;1;land;false;hills;7
3751;165;200;1;land;false;forest;7
3752;159;208;1;land;false;hills;7
3753;138;160;1;land;false;hills;7
3754;158;140;1;land;false;hills;7
3755;158;126;1;land;false;hills;7
3756;155;129;1;land;false;hills;7
3757;195;161;1;land;false;hills;7
3758;218;10;1;land;false;mountain;7
3759;211;23;1;land;false;mountain;7
3760;231;40;1;land;false;hills;7
3761;194;7;1;land;false;mountain;7
3762;218;41;1;land;false;mountain;7
3763;173;7;1;land;false;forest;7
3764;77;157;1;land;false;mountain;7
3765;10;175;1;land;false;hills;7
3766;62;133;1;land;false;hills;7
3767;17;186;1;land;false;forest;7
3768;50;170;1;land;false;mountain;7
3769;47;121;1;land;false;hills;7
3770;35;34;1;land;false;hills;7
3771;64;31;1;land;false;forest;7
3772;18;35;1;land;false;hills;7
3773;85;12;1;land;false;forest;7
3774;79;14;1;land;false;hills;7
3775;77;26;1;land;false;forest;7
3776;16;46;1;land;false;forest;7
3777;47;16;1;land;false;forest;7
3778;18;42;1;land;false;forest;7
3779;30;47;1;land;false;hills;7
3780;44;23;1;land;false;forest;7
3781;91;41;1;land;false;hills;7
3782;51;42;1;land;false;hills;7
3783;46;20;1;land;false;forest;7
3784;67;35;1;land;false;hills;7
3785;82;0;1;land;false;hills;7
3786;78;22;1;land;false;hills;7
3787;127;92;1;land;false;hills;7
3788;151;151;1;land;false;hills;7
3789;116;130;1;land;false;hills;7
3790;87;137;1;land;false;hills;7
3791;95;155;1;land;false;hills;7
3792;92;145;1;land;false;hills;7
3793;82;99;1;land;false;hills;7
3794;124;82;1;land;true;mountain;7
3795;76;138;1;land;true;mountain;7
3796;99;108;1;land;false;mountain;7
3797;152;89;1;land;true;forest;7
3798;134;92;1;land;false;hills;7
3799;100;84;1;land;false;mountain;7
3800;97;138;1;land;true;plains;7
3801;112;139;1;land;true;jungle;7
3802;75;122;1;land;false;mountain;7
3803;102;143;1;land;false;hills;7
3804;125;90;1;land;false;hills;7
3805;146;136;1;land;false;hills;7
3806;87;81;1;land;true;mountain;7
3807;119;95;1;land;false;hills;7
3808;128;140;1;land;false;mountain;7
3809;33;107;1;land;false;hills;7
3810;19;107;1;land;true;plains;7
3811;63;103;1;land;true;hills;7
3812;45;66;1;land;true;mountain;7
3813;19;116;1;land;true;forest;7
3814;64;67;1;land;true;hills;7
3815;33;99;1;land;false;mountain;7
3816;44;82;1;land;true;plains;7
3817;27;99;1;land;false;mountain;7
3818;45;86;1;land;false;mountain;7
3819;39;90;1;land;true;plains;7
3820;70;91;1;land;true;mountain;7
3821;8;67;1;land;true;mountain;7
3822;4;66;1;land;false;hills;7
3823;32;88;1;land;true;hills;7
3824;32;71;1;land;false;mountain;7
3825;22;57;1;land;true;plains;7
3826;49;110;1;land;false;jungle;7
3827;64;97;1;land;false;mountain;7
3828;53;66;1;land;false;hills;7
3829;4;242;1;land;false;plains;7
3830;27;198;1;land;false;hills;7
3831;76;204;1;land;false;hills;7
3832;34;168;1;land;false;plains;7
3833;21;186;1;land;false;hills;7
3834;47;175;1;land;false;plains;7
3835;58;237;1;land;false;plains;7
3836;71;182;1;land;false;hills;7
3837;176;190;1;land;false;hills;7
3838;163;211;1;land;false;plains;7
3839;125;186;1;land;false;hills;7
3840;158;192;1;land;false;hills;7
3841;116;216;1;land;false;hills;7
3842;121;243;1;land;false;plains;7
3843;142;216;1;land;false;hills;7
3844;118;225;1;land;false;hills;7
3845;169;184;1;land;false;hills;7
3846;119;207;1;land;false;mountain;7
3847;32;138;1;land;false;hills;7
3848;20;83;1;land;false;hills;7
3849;26;67;1;land;false;plains;7
3850;64;136;1;land;false;hills;7
3851;94;139;1;land;false;plains;7
3852;76;112;1;land;false;hills;7
3853;82;70;1;land;false;plains;7
3854;96;69;1;land;false;plains;7
3855;97;100;1;land;false;mountain;7
3856;39;109;1;land;false;plains;7
3857;43;101;1;land;false;hills;7
3858;81;74;1;land;false;hills;7
3859;32;63;1;land;false;hills;7
3860;36;107;1;land;false;hills;7
3861;73;79;1;land;false;plains;7
3862;90;61;1;land;false;hills;7
3863;64;95;1;land;false;hills;7
3864;54;85;1;land;false;mountain;7
3865;80;116;1;land;false;plains;7
3866;40;113;1;land;false;plains;7
3867;35;88;1;land;false;plains;7
3868;51;88;1;land;false;hills;7
3869;54;129;1;land;false;mountain;7
3870;58;127;1;land;false;plains;7
3871;77;193;1;land;false;plains;7
3872;88;197;1;land;false;plains;7
3873;102;223;1;land;false;hills;7
3874;31;210;1;land;false;hills;7
3875;55;179;1;land;true;hills;7
3876;57;247;1;land;false;hills;7
3877;66;247;1;land;false;plains;7
3878;84;213;1;land;false;plains;7
3879;107;183;1;land;false;hills;7
3880;101;251;1;land;false;hills;7
3881;52;217;1;land;false;hills;7
3882;43;244;1;land;true;hills;7
3883;88;180;1;land;false;mountain;7
3884;73;189;1;land;true;plains;7
3885;72;217;1;land;true;hills;7
3886;41;176;1;land;true;hills;7
3887;82;189;1;land;false;hills;7
3888;91;213;1;land;true;mountain;7
3889;108;193;1;land;false;hills;7
3890;45;187;1;land;true;plains;7
3891;106;176;1;land;true;plains;7
3892;76;218;1;land;true;hills;7
3893;73;246;1;land;true;hills;7
3894;40;236;1;land;true;hills;7
3895;102;226;1;land;false;hills;7
3896;109;240;1;land;false;plains;7
3897;106;229;1;land;false;plains;7
3898;47;213;1;land;false;hills;7
3899;81;175;1;land;false;hills;7
3900;92;213;1;land;false;hills;7
3901;130;92;1;land;false;plains;7
3902;203;135;1;land;true;plains;7
3903;176;118;1;land;false;hills;7
3904;150;126;1;land;true;plains;7
3905;180;87;1;land;true;hills;7
3906;170;83;1;land;true;plains;7
3907;134;99;1;land;false;plains;7
3908;202;101;1;land;true;plains;7
3909;175;134;1;land;false;plains;7
3910;197;183;1;land;true;forest;7
3911;150;214;1;land;true;hills;7
3912;203;247;1;land;true;mountain;7
3913;165;215;1;land;true;hills;7
3914;201;186;1;land;true;jungle;7
3915;209;195;1;land;true;forest;7
3916;186;207;1;land;false;mountain;7
3917;180;216;1;land;true;forest;7
3918;253;108;1;land;false;hills;7
3919;246;80;1;land;false;hills;7
3920;222;41;1;land;true;hills;7
3921;200;108;1;land;true;hills;7
3922;211;55;1;land;false;hills;7
3923;200;58;1;land;true;plains;7
3924;241;110;1;land;false;hills;7
3925;244;109;1;land;false;mountain;7
3926;236;92;1;land;false;hills;7
3927;220;67;1;land;false;hills;7
3928;252;56;1;land;false;hills;7
3929;252;99;1;land;true;hills;7
3930;242;57;1;land;false;hills;7
3931;101;46;1;land;true;mountain;7
3932;55;40;1;land;false;hills;7
3933;102;101;1;land;false;plains;7
3934;65;101;1;land;false;hills;7
3935;52;83;1;land;false;plains;7
3936;118;116;1;land;true;plains;7
3937;71;105;1;land;false;plains;7
3938;56;180;1;land;true;hills;7
3939;117;198;1;land;false;plains;7
3940;89;213;1;land;true;hills;7
3941;59;155;1;land;false;forest;7
3942;69;182;1;land;true;hills;7
3943;185;7;1;land;false;plains;7
3944;112;61;1;land;false;hills;7
3945;171;76;1;land;false;hills;7
3946;145;83;1;land;false;plains;7
3947;28;161;1;land;false;mountain;7
3948;20;192;1;land;false;mountain;7
3949;21;150;1;land;true;plains;7
3950;33;134;1;land;true;mountain;7
3951;21;176;1;land;true;plains;7
3952;22;180;1;land;false;mountain;7
3953;91;32;1;land;false;plains;7
3954;69;50;1;land;false;plains;7
3955;54;8;1;land;false;hills;7
3956;32;55;1;land;false;plains;7
3957;93;37;1;land;false;hills;7
3958;72;28;1;land;false;mountain;7
3959;96;8;1;land;false;plains;7
3960;68;9;1;land;false;plains;7
3961;53;26;1;land;false;plains;7
3962;65;150;1;land;false;plains;7
3963;113;129;1;land;false;plains;7
3964;60;140;1;land;false;hills;7
3965;50;138;1;land;false;plains;7
3966;71;95;1;land;false;plains;7
3967;49;119;1;land;false;hills;7
3968;60;167;1;land;false;hills;7
3969;104;116;1;land;false;plains;7
3970;101;97;1;land;false;plains;7
3971;147;49;1;land;false;plains;7
3972;138;28;1;land;false;hills;7
3973;186;55;1;land;false;hills;7
3974;172;45;1;land;false;mountain;7
3975;141;42;1;land;false;mountain;7
3976;149;33;1;land;false;hills;7
3977;192;49;1;land;false;hills;7
3978;170;50;1;land;false;hills;7
3979;199;12;1;land;false;hills;7
3980;195;40;1;land;true;mountain;7
3981;192;34;1;land;false;hills;7
3982;208;10;1;land;false;hills;7
3983;164;16;1;land;false;hills;7
3984;168;7;1;land;false;mountain;7
3985;200;34;1;land;false;plains;7
3986;202;14;1;land;false;hills;7
3987;153;218;1;land;false;mountain;7
3988;222;214;1;land;false;mountain;7
3989;237;246;1;land;false;mountain;7
3990;212;185;1;land;false;hills;7
3991;237;226;1;land;false;mountain;7
3992;247;247;1;land;false;hills;7
3993;236;208;1;land;false;mountain;7
3994;230;47;1;land;false;plains;7
3995;228;75;1;land;false;hills;7
3996;224;103;1;land;false;plains;7
3997;248;108;1;land;false;plains;7
3998;239;34;1;land;false;plains;7
3999;232;80;1;land;false;plains;7
4000;253;58;1;land;false;hills;7
4001;241;94;1;land;false;hills;7
4002;218;95;1;land;false;mountain;7
4003;235;85;1;land;false;hills;7
4004;251;37;1;land;false;hills;7
4005;249;33;1;land;false;plains;7
4006;244;39;1;land;false;hills;7
4007;238;94;1;land;false;hills;7
4008;235;95;1;land;false;hills;7
4009;43;165;1;land;false;plains;7
4010;85;197;1;land;false;hills;7
4011;50;211;1;land;false;hills;7
4012;66;208;1;land;false;plains;7
4013;73;164;1;land;false;plains;7
4014;15;193;1;land;false;mountain;7
4015;20;189;1;land;false;desert;7
4016;48;198;1;land;false;mountain;7
4017;76;144;1;land;false;hills;7
4018;80;143;1;land;false;mountain;7
4019;51;78;1;land;false;mountain;7
4020;51;47;1;land;false;hills;7
4021;48;51;1;land;false;hills;7
4022;59;59;1;land;false;hills;7
4023;61;73;1;land;false;hills;7
4024;36;55;1;land;false;hills;7
4025;60;5;1;land;false;hills;7
4026;94;29;1;land;false;plains;7
4027;65;27;1;land;false;hills;7
4028;170;160;1;land;false;plains;7
4029;187;158;1;land;true;mountain;7
4030;130;151;1;land;false;hills;7
4031;116;163;1;land;false;hills;7
4032;127;180;1;land;false;hills;7
4033;179;196;1;land;false;hills;7
4034;118;179;1;land;false;hills;7
4035;158;150;1;land;true;plains;7
4036;129;32;1;land;false;mountain;7
4037;139;63;1;land;false;mountain;7
4038;199;9;1;land;false;hills;7
4039;151;80;1;land;false;forest;7
4040;180;54;1;land;false;forest;7
4041;172;77;1;land;false;plains;7
4042;202;57;1;land;false;hills;7
4043;145;26;1;land;false;hills;7
4044;182;82;1;land;false;hills;7
4045;130;35;1;land;false;hills;7
4046;133;52;1;land;false;mountain;7
4047;240;144;1;land;false;plains;7
4048;224;116;1;land;false;plains;7
4049;245;150;1;land;false;plains;7
4050;186;145;1;land;false;hills;7
4051;236;133;1;land;false;plains;7
4052;244;172;1;land;false;plains;7
4053;224;139;1;land;false;hills;7
4054;236;122;1;land;false;plains;7
4055;237;119;1;land;false;desert;7
4056;207;150;1;land;false;desert;7
4057;199;173;1;land;false;plains;7
4058;227;54;1;land;false;hills;7
4059;216;53;1;land;false;hills;7
4060;242;12;1;land;false;hills;7
4061;215;16;1;land;false;hills;7
4062;199;10;1;land;false;mountain;7
4063;216;15;1;land;false;hills;7
4064;203;30;1;land;false;hills;7
4065;249;15;1;land;false;hills;7
4066;221;44;1;land;false;plains;7
4067;250;38;1;land;false;hills;7
4068;244;16;1;land;false;mountain;7
4069;226;47;1;land;false;hills;7
4070;199;46;1;land;false;hills;7
4071;235;46;1;land;false;forest;7
4072;199;13;1;land;false;forest;7
4073;212;50;1;land;false;hills;7
4074;89;27;1;land;false;hills;7
4075;86;4;1;land;false;plains;7
4076;92;40;1;land;false;plains;7
4077;61;21;1;land;false;plains;7
4078;98;40;1;land;false;hills;7
4079;80;24;1;land;false;plains;7
4080;63;28;1;land;false;hills;7
4081;53;44;1;land;false;plains;7
4082;54;53;1;land;false;plains;7
4083;124;106;1;land;false;hills;7
4084;171;95;1;land;false;hills;7
4085;123;124;1;land;false;plains;7
4086;139;162;1;land;false;plains;7
4087;132;152;1;land;false;hills;7
4088;131;136;1;land;false;plains;7
4089;136;156;1;land;false;plains;7
4090;144;102;1;land;false;hills;7
4091;157;153;1;land;false;hills;7
4092;163;212;1;land;false;hills;7
4093;164;211;1;land;false;forest;7
4094;185;222;1;land;false;mountain;7
4095;128;207;1;land;false;hills;7
4096;168;229;1;land;false;hills;7
4097;140;204;1;land;false;hills;7
4098;245;129;1;land;false;mountain;7
4099;244;108;1;land;false;hills;7
4100;216;112;1;land;false;mountain;7
4101;249;117;1;land;false;hills;7
4102;216;140;1;land;false;hills;7
4103;27;238;1;land;false;hills;7
4104;20;241;1;land;false;plains;7
4105;9;250;1;land;false;hills;7
4106;24;250;1;land;false;plains;7
4107;29;208;1;land;false;hills;7
4108;144;249;1;land;true;hills;7
4109;186;243;1;land;true;hills;7
4110;197;232;1;land;true;hills;7
4111;206;241;1;land;true;hills;7
4112;153;233;1;land;true;forest;7
4113;212;218;1;land;true;forest;7
4114;144;227;1;land;true;hills;7
4115;154;229;1;land;false;hills;7
4116;205;212;1;land;false;forest;7
4117;205;214;1;land;true;hills;7
4118;170;236;1;land;true;hills;7
4119;172;254;1;land;true;forest;7
4120;150;223;1;land;false;hills;7
4121;185;236;1;land;true;hills;7
4122;171;252;1;land;false;plains;7
4123;180;219;1;land;true;forest;7
4124;160;250;1;land;true;hills;7
4125;45;174;1;land;false;hills;7
4126;1;101;1;land;false;plains;7
4127;14;158;1;land;false;forest;7
4128;57;111;1;land;false;plains;7
4129;59;108;1;land;false;plains;7
4130;23;128;1;land;false;plains;7
4131;30;160;1;land;false;plains;7
4132;40;158;1;land;false;plains;7
4133;8;99;1;land;false;hills;7
4134;49;116;1;land;false;hills;7
4135;2;138;1;land;false;forest;7
4136;6;172;1;land;false;hills;7
4137;10;225;1;land;false;forest;7
4138;0;240;1;land;false;forest;7
4139;64;236;1;land;false;forest;7
4140;47;216;1;land;false;forest;7
4141;70;222;1;land;false;hills;7
4142;17;226;1;land;false;forest;7
4143;11;248;1;land;false;mountain;7
4144;15;249;1;land;false;hills;7
4145;35;232;1;land;false;mountain;7
4146;65;121;1;land;true;plains;7
4147;49;146;1;land;true;hills;7
4148;120;81;1;land;true;plains;7
4149;109;96;1;land;true;plains;7
4150;83;125;1;land;true;plains;7
4151;71;126;1;land;true;hills;7
4152;102;92;1;land;true;plains;7
4153;87;115;1;land;true;hills;7
4154;97;230;1;land;true;hills;7
4155;67;221;1;land;true;forest;7
4156;77;200;1;land;false;hills;7
4157;76;205;1;land;true;mountain;7
4158;137;232;1;land;false;hills;7
4159;73;249;1;land;true;mountain;7
4160;128;242;1;land;false;hills;7
4161;77;227;1;land;true;hills;7
4162;121;186;1;land;false;forest;7
4163;77;194;1;land;true;jungle;7
4164;243;207;1;land;false;hills;7
4165;237;216;1;land;false;plains;7
4166;182;233;1;land;false;hills;7
4167;226;210;1;land;false;plains;7
4168;243;235;1;land;false;plains;7
4169;181;211;1;land;false;hills;7
4170;174;212;1;land;false;hills;7
4171;185;188;1;land;false;hills;7
4172;39;43;1;land;true;mountain;7
4173;23;82;1;land;true;mountain;7
4174;16;73;1;land;true;plains;7
4175;28;51;1;land;true;mountain;7
4176;25;44;1;land;true;forest;7
4177;7;56;1;land;false;mountain;7
4178;6;91;1;land;true;mountain;7
4179;84;107;1;land;false;hills;7
4180;127;76;1;land;false;hills;7
4181;85;64;1;land;false;hills;7
4182;131;67;1;land;false;hills;7
4183;94;77;1;land;false;hills;7
4184;148;54;1;land;false;hills;7
4185;113;85;1;land;false;plains;7
4186;81;76;1;land;false;plains;7
4187;120;115;1;land;false;hills;7
4188;100;115;1;land;false;hills;7
4189;89;121;1;land;false;plains;7
4190;96;97;1;land;false;plains;7
4191;73;70;1;land;false;plains;7
4192;88;59;1;land;false;hills;7
4193;76;67;1;land;false;plains;7
4194;96;58;1;land;false;hills;7
4195;147;44;1;land;false;plains;7
4196;123;55;1;land;false;plains;7
4197;122;173;1;land;true;hills;7
4198;207;69;1;land;true;hills;7
4199;165;24;1;land;true;plains;7
4200;216;78;1;land;false;hills;7
4201;176;68;1;land;false;forest;7
4202;145;29;1;land;false;hills;7
4203;199;40;1;land;false;forest;7
4204;153;34;1;land;false;hills;7
4205;193;70;1;land;false;hills;7
4206;211;62;1;land;true;hills;7
4207;183;59;1;land;false;hills;7
4208;215;207;1;land;false;forest;7
4209;178;209;1;land;false;hills;7
4210;204;160;1;land;true;hills;7
4211;217;130;1;land;false;mountain;7
4212;208;131;1;land;false;hills;7
4213;191;192;1;land;false;hills;7
4214;198;144;1;land;false;hills;7
4215;199;168;1;land;false;mountain;7
4216;199;143;1;land;true;mountain;7
4217;216;199;1;land;false;plains;7
4218;163;160;1;land;false;mountain;7
4219;225;134;1;land;true;hills;7
4220;217;141;1;land;true;hills;7
4221;198;193;1;land;true;hills;7
4222;183;174;1;land;true;forest;7
4223;187;181;1;land;true;mountain;7
4224;215;184;1;land;false;jungle;7
4225;197;146;1;land;false;hills;7
4226;213;134;1;land;false;mountain;7
4227;216;171;1;land;false;forest;7
4228;165;143;1;land;false;hills;7
4229;230;197;1;land;true;hills;7
4230;226;161;1;land;false;mountain;7
4231;179;157;1;land;false;hills;7
4232;191;167;1;land;false;mountain;7
4233;195;134;1;land;false;hills;7
4234;197;132;1;land;true;forest;7
4235;185;139;1;land;false;forest;7
4236;157;130;1;land;false;hills;7
4237;25;40;1;land;false;hills;7
4238;14;20;1;land;false;mountain;7
4239;7;38;1;land;false;hills;7
4240;17;76;1;land;false;hills;7
4241;46;18;1;land;false;plains;7
4242;64;18;1;land;false;hills;7
4243;44;43;1;land;true;plains;7
4244;28;85;1;land;false;plains;7
4245;59;74;1;land;false;hills;7
4246;63;27;1;land;false;hills;7
4247;32;72;1;land;false;hills;7
4248;38;40;1;land;false;hills;7
4249;23;55;1;land;true;plains;7
4250;253;110;1;land;false;hills;7
4251;215;84;1;land;false;hills;7
4252;237;145;1;land;false;hills;7
4253;219;85;1;land;false;mountain;7
4254;237;139;1;land;false;hills;7
4255;219;111;1;land;false;plains;7
4256;239;82;1;land;false;mountain;7
4257;230;67;1;land;false;hills;7
4258;216;133;1;land;false;hills;7
4259;130;233;1;land;true;mountain;7
4260;84;218;1;land;false;hills;7
4261;73;140;1;land;true;hills;7
4262;132;78;1;land;false;hills;7
4263;86;135;1;land;true;hills;7
4264;64;132;1;land;false;hills;7
4265;91;78;1;land;true;mountain;7
4266;101;146;1;land;true;mountain;7
4267;66;69;1;land;false;hills;7
4268;123;129;1;land;true;desert;7
4269;134;79;1;land;false;hills;7
4270;138;73;1;land;false;hills;7
4271;152;105;1;land;false;plains;7
4272;141;86;1;land;false;plains;7
4273;162;105;1;land;false;hills;7
4274;205;87;1;land;false;hills;7
4275;187;102;1;land;false;mountain;7
4276;30;226;1;land;false;hills;7
4277;31;219;1;land;false;hills;7
4278;15;220;1;land;false;hills;7
4279;22;237;1;land;false;hills;7
4280;9;251;1;land;true;mountain;7
4281;41;211;1;land;false;hills;7
4282;17;222;1;land;false;plains;7
4283;25;247;1;land;false;mountain;7
4284;13;222;1;land;false;mountain;7
4285;41;245;1;land;false;mountain;7
4286;24;214;1;land;false;plains;7
4287;1;218;1;land;false;hills;7
4288;5;234;1;land;false;plains;7
4289;22;91;1;land;false;mountain;7
4290;40;65;1;land;false;mountain;7
4291;41;82;1;land;false;mountain;7
4292;54;62;1;land;false;hills;7
4293;14;105;1;land;false;plains;7
4294;60;47;1;land;false;hills;7
4295;10;93;1;land;true;hills;7
4296;20;112;1;land;false;hills;7
4297;4;81;1;land;false;hills;7
4298;34;91;1;land;false;plains;7
4299;7;87;1;land;true;plains;7
4300;13;66;1;land;false;plains;7
4301;24;45;1;land;true;plains;7
4302;54;96;1;land;false;plains;7
4303;17;120;1;land;false;plains;7
4304;39;118;1;land;false;mountain;7
4305;28;43;1;land;false;hills;7
4306;45;109;1;land;false;hills;7
4307;15;116;1;land;false;hills;7
4308;118;205;1;land;false;mountain;7
4309;109;157;1;land;false;mountain;7
4310;56;211;1;land;false;mountain;7
4311;82;162;1;land;false;mountain;7
4312;47;221;1;land;false;hills;7
4313;85;207;1;land;false;hills;7
4314;102;160;1;land;false;mountain;7
4315;94;202;1;land;false;hills;7
4316;72;224;1;land;false;mountain;7
4317;56;196;1;land;false;desert;7
4318;106;221;1;land;false;hills;7
4319;56;224;1;land;false;hills;7
4320;89;64;1;land;false;hills;7
4321;66;89;1;land;false;hills;7
4322;126;21;1;land;false;plains;7
4323;99;61;1;land;true;hills;7
4324;90;76;1;land;false;hills;7
4325;119;36;1;land;false;mountain;7
4326;199;184;1;land;false;plains;7
4327;161;184;1;land;false;hills;7
4328;170;214;1;land;false;hills;7
4329;212;196;1;land;false;plains;7
4330;218;174;1;land;false;plains;7
4331;203;170;1;land;false;plains;7
4332;203;189;1;land;false;hills;7
4333;219;189;1;land;false;plains;7
4334;156;26;1;land;false;hills;7
4335;173;33;1;land;false;hills;7
4336;193;29;1;land;false;hills;7
4337;227;31;1;land;false;hills;7
4338;175;56;1;land;false;hills;7
4339;240;137;1;land;false;hills;7
4340;218;141;1;land;false;hills;7
4341;223;156;1;land;false;mountain;7
4342;228;162;1;land;false;hills;7
4343;252;161;1;land;false;hills;7
4344;223;175;1;land;false;mountain;7
4345;240;151;1;land;false;plains;7
4346;247;170;1;land;false;plains;7
4347;236;169;1;land;false;hills;7
4348;242;185;1;land;false;hills;7
4349;251;196;1;land;false;hills;7
4350;249;154;1;land;false;hills;7
4351;243;180;1;land;false;hills;7
4352;245;176;1;land;false;hills;7
4353;251;200;1;land;false;mountain;7
4354;216;155;1;land;false;hills;7
4355;46;58;1;land;false;plains;7
4356;1;20;1;land;false;hills;7
4357;8;49;1;land;false;plains;7
4358;3;23;1;land;false;plains;7
4359;34;46;1;land;false;desert;7
4360;112;20;1;land;false;hills;7
4361;130;5;1;land;false;mountain;7
4362;151;33;1;land;false;hills;7
4363;122;36;1;land;false;plains;7
4364;138;19;1;land;false;mountain;7
4365;75;6;1;land;true;mountain;7
4366;107;64;1;land;true;hills;7
4367;126;14;1;land;true;hills;7
4368;104;48;1;land;true;plains;7
4369;94;14;1;land;true;mountain;7
4370;143;45;1;land;false;hills;7
4371;89;17;1;land;false;mountain;7
4372;151;14;1;land;true;plains;7
4373;100;29;1;land;false;hills;7
4374;133;34;1;land;false;hills;7
4375;139;45;1;land;false;plains;7
4376;121;6;1;land;false;hills;7
4377;88;45;1;land;false;plains;7
4378;135;19;1;land;false;hills;7
4379;119;59;1;land;false;mountain;7
4380;87;42;1;land;false;mountain;7
4381;119;45;1;land;false;hills;7
4382;129;63;1;land;false;mountain;7
4383;136;59;1;land;false;hills;7
4384;129;40;1;land;false;plains;7
4385;91;62;1;land;false;hills;7
4386;153;56;1;land;false;hills;7
4387;93;18;1;land;false;hills;7
4388;123;39;1;land;false;hills;7
4389;82;18;1;land;false;hills;7
4390;213;22;1;land;false;forest;7
4391;215;25;1;land;false;forest;7
4392;217;54;1;land;false;hills;7
4393;195;58;1;land;false;forest;7
4394;227;40;1;land;false;forest;7
4395;217;24;1;land;false;forest;7
4396;240;61;1;land;true;mountain;7
4397;254;64;1;land;false;forest;7
4398;201;7;1;land;true;mountain;7
4399;196;2;1;land;false;plains;7
4400;241;46;1;land;false;mountain;7
4401;241;44;1;land;false;hills;7
4402;241;42;1;land;false;forest;7
4403;195;50;1;land;false;forest;7
4404;235;32;1;land;false;hills;7
4405;200;168;1;land;false;hills;7
4406;215;119;1;land;false;hills;7
4407;241;161;1;land;false;hills;7
4408;231;123;1;land;false;hills;7
4409;195;128;1;land;false;hills;7
4410;235;137;1;land;false;hills;7
4411;206;122;1;land;false;hills;7
4412;253;121;1;land;false;plains;7
4413;217;148;1;land;false;mountain;7
4414;47;31;1;land;false;hills;7
4415;59;37;1;land;false;hills;7
4416;27;3;1;land;false;hills;7
4417;28;14;1;land;false;mountain;7
4418;57;37;1;land;false;mountain;7
4419;35;16;1;land;false;mountain;7
4420;60;25;1;land;false;hills;7
4421;29;16;1;land;false;hills;7
4422;189;125;1;land;false;hills;7
4423;142;96;1;land;false;hills;7
4424;177;93;1;land;true;plains;7
4425;151;91;1;land;true;mountain;7
4426;123;158;1;land;true;mountain;7
4427;113;94;1;land;true;hills;7
4428;186;86;1;land;true;hills;7
4429;158;130;1;land;true;mountain;7
4430;176;218;1;land;true;hills;7
4431;216;101;1;land;false;mountain;7
4432;230;118;1;land;true;mountain;7
4433;181;113;1;land;true;mountain;7
4434;195;83;1;land;false;hills;7
4435;239;104;1;land;false;hills;7
4436;196;52;1;land;false;hills;7
4437;182;124;1;land;false;hills;7
4438;208;53;1;land;false;hills;7
4439;60;111;1;land;true;mountain;7
4440;78;127;1;land;true;mountain;7
4441;68;79;1;land;true;hills;7
4442;92;53;1;land;true;hills;7
4443;41;70;1;land;false;mountain;7
4444;64;92;1;land;true;jungle;7
4445;65;67;1;land;true;plains;7
4446;161;28;1;land;false;forest;7
4447;141;32;1;land;false;hills;7
4448;110;90;1;land;false;hills;7
4449;114;93;1;land;false;forest;7
4450;161;49;1;land;false;forest;7
4451;137;86;1;land;false;forest;7
4452;249;60;1;land;false;hills;7
4453;247;92;1;land;true;mountain;7
4454;220;56;1;land;false;mountain;7
4455;217;86;1;land;true;plains;7
4456;207;95;1;land;false;mountain;7
4457;243;90;1;land;false;plains;7
4458;222;45;1;land;false;plains;7
4459;242;67;1;land;false;mountain;7
4460;209;77;1;land;true;mountain;7
4461;250;72;1;land;false;hills;7
4462;220;218;1;land;true;hills;7
4463;222;222;1;land;false;hills;7
4464;193;251;1;land;false;hills;7
4465;199;247;1;land;false;hills;7
4466;218;239;1;land;true;plains;7
4467;164;245;1;land;true;mountain;7
4468;173;229;1;land;true;plains;7
4469;202;219;1;land;true;mountain;7
4470;190;247;1;land;false;plains;7
4471;235;233;1;land;false;hills;7
4472;211;230;1;land;false;hills;7
4473;169;252;1;land;true;mountain;7
4474;176;245;1;land;true;desert;7
4475;219;231;1;land;false;hills;7
4476;49;132;1;land;true;mountain;7
4477;35;166;1;land;true;mountain;7
4478;74;146;1;land;true;mountain;7
4479;15;113;1;land;false;mountain;7
4480;55;169;1;land;false;mountain;7
4481;46;151;1;land;false;mountain;7
4482;61;166;1;land;true;mountain;7
4483;20;116;1;land;false;mountain;7
4484;53;163;1;land;false;mountain;7
4485;68;152;1;land;true;mountain;7
4486;16;145;1;land;false;mountain;7
4487;76;149;1;land;false;mountain;7
4488;11;151;1;land;false;mountain;7
4489;15;138;1;land;false;mountain;7
4490;12;117;1;land;false;mountain;7
4491;81;40;1;land;false;hills;7
4492;88;14;1;land;false;hills;7
4493;36;5;1;land;false;hills;7
4494;56;7;1;land;false;hills;7
4495;17;29;1;land;false;hills;7
4496;57;14;1;land;false;mountain;7
4497;19;0;1;land;false;hills;7
4498;64;11;1;land;false;hills;7
4499;87;22;1;land;false;hills;7
4500;137;149;1;land;false;hills;7
4501;121;91;1;land;false;hills;7
4502;93;80;1;land;false;mountain;7
4503;97;103;1;land;false;hills;7
4504;138;81;1;land;false;hills;7
4505;139;124;1;land;false;hills;7
4506;109;90;1;land;false;hills;7
4507;143;75;1;land;false;hills;7
4508;74;149;1;land;false;hills;7
4509;102;79;1;land;false;hills;7
4510;87;97;1;land;false;hills;7
4511;114;101;1;land;false;mountain;7
4512;137;144;1;land;false;hills;7
4513;140;115;1;land;false;hills;7
4514;113;106;1;land;false;hills;7
4515;84;134;1;land;false;hills;7
4516;124;140;1;land;false;hills;7
4517;130;93;1;land;false;plains;7
4518;96;103;1;land;false;plains;7
4519;115;136;1;land;false;hills;7
4520;75;72;1;land;false;hills;7
4521;146;73;1;land;false;plains;7
4522;109;253;1;land;false;hills;7
4523;105;190;1;land;false;plains;7
4524;120;238;1;land;false;plains;7
4525;135;223;1;land;false;hills;7
4526;80;234;1;land;false;plains;7
4527;85;244;1;land;false;plains;7
4528;134;201;1;land;false;hills;7
4529;123;231;1;land;false;desert;7
4530;155;214;1;land;false;plains;7
4531;80;201;1;land;false;desert;7
4532;82;202;1;land;false;hills;7
4533;143;240;1;land;false;hills;7
4534;133;203;1;land;false;desert;7
4535;102;237;1;land;false;mountain;7
4536;125;199;1;land;false;desert;7
4537;110;238;1;land;false;plains;7
4538;83;193;1;land;false;desert;7
4539;89;209;1;land;false;hills;7
4540;121;249;1;land;false;mountain;7
4541;95;206;1;land;false;plains;7
4542;177;152;1;land;false;hills;7
4543;243;129;1;land;false;hills;7
4544;181;127;1;land;false;plains;7
4545;225;100;1;land;false;hills;7
4546;249;74;1;land;false;hills;7
4547;232;117;1;land;false;plains;7
4548;213;120;1;land;false;hills;7
4549;188;124;1;land;false;hills;7
4550;233;93;1;land;false;hills;7
4551;178;126;1;land;false;hills;7
4552;190;128;1;land;false;hills;7
4553;247;90;1;land;false;hills;7
4554;237;74;1;land;false;hills;7
4555;208;129;1;land;false;hills;7
4556;211;252;1;land;false;mountain;7
4557;245;211;1;land;false;hills;7
4558;234;204;1;land;false;hills;7
4559;215;242;1;land;true;mountain;7
4560;198;206;1;land;true;plains;7
4561;55;91;1;land;false;hills;7
4562;48;69;1;land;true;plains;7
4563;5;75;1;land;true;plains;7
4564;21;82;1;land;false;hills;7
4565;30;65;1;land;false;plains;7
4566;51;49;1;land;false;hills;7
4567;54;74;1;land;false;plains;7
4568;33;44;1;land;true;plains;7
4569;49;99;1;land;false;plains;7
4570;36;115;1;land;true;plains;7
4571;28;69;1;land;true;plains;7
4572;55;76;1;land;true;plains;7
4573;30;81;1;land;false;plains;7
4574;59;73;1;land;false;plains;7
4575;29;45;1;land;true;plains;7
4576;27;94;1;land;true;hills;7
4577;57;70;1;land;false;hills;7
4578;9;103;1;land;true;plains;7
4579;116;221;1;land;true;mountain;7
4580;125;222;1;land;true;hills;7
4581;122;204;1;land;true;mountain;7
4582;132;201;1;land;false;forest;7
4583;126;205;1;land;false;hills;7
4584;130;210;1;land;false;mountain;7
4585;160;233;1;land;false;hills;7
4586;146;216;1;land;false;hills;7
4587;109;198;1;land;false;hills;7
4588;160;215;1;land;false;hills;7
4589;161;179;1;land;false;hills;7
4590;159;204;1;land;true;hills;7
4591;104;179;1;land;false;hills;7
4592;158;237;1;land;true;forest;7
4593;85;75;1;land;false;mountain;7
4594;55;32;1;land;false;hills;7
4595;63;56;1;land;false;mountain;7
4596;31;20;1;land;false;hills;7
4597;53;89;1;land;false;mountain;7
4598;63;38;1;land;false;hills;7
4599;53;20;1;land;false;hills;7
4600;62;52;1;land;false;hills;7
4601;56;71;1;land;false;hills;7
4602;35;54;1;land;false;mountain;7
4603;42;43;1;land;false;mountain;7
4604;39;70;1;land;false;hills;7
4605;31;77;1;land;false;hills;7
4606;78;93;1;land;false;hills;7
4607;22;31;1;land;false;hills;7
4608;48;93;1;land;false;hills;7
4609;43;42;1;land;false;hills;7
4610;14;85;1;land;false;hills;7
4611;24;68;1;land;false;forest;7
4612;14;58;1;land;false;plains;7
4613;38;48;1;land;false;desert;7
4614;35;92;1;land;false;hills;7
4615;51;43;1;land;false;plains;7
4616;44;19;1;land;false;hills;7
4617;55;21;1;land;false;hills;7
4618;74;53;1;land;false;hills;7
4619;82;73;1;land;false;hills;7
4620;77;74;1;land;false;hills;7
4621;21;92;1;land;false;hills;7
4622;65;25;1;land;false;hills;7
4623;22;79;1;land;false;mountain;7
4624;44;78;1;land;false;mountain;7
4625;20;52;1;land;false;hills;7
4626;15;73;1;land;false;hills;7
4627;85;183;1;land;false;hills;7
4628;62;206;1;land;false;hills;7
4629;80;214;1;land;false;mountain;7
4630;74;176;1;land;false;hills;7
4631;88;160;1;land;false;hills;7
4632;73;147;1;land;false;hills;7
4633;88;147;1;land;false;mountain;7
4634;87;139;1;land;false;hills;7
4635;65;214;1;land;false;hills;7
4636;60;175;1;land;false;hills;7
4637;36;186;1;land;false;hills;7
4638;90;202;1;land;false;plains;7
4639;70;199;1;land;false;mountain;7
4640;20;194;1;land;false;hills;7
4641;28;159;1;land;false;plains;7
4642;35;180;1;land;false;hills;7
4643;88;189;1;land;false;hills;7
4644;95;152;1;land;false;mountain;7
4645;23;161;1;land;false;hills;7
4646;87;200;1;land;false;mountain;7
4647;66;191;1;land;false;forest;7
4648;32;163;1;land;false;hills;7
4649;48;170;1;land;false;mountain;7
4650;99;172;1;land;false;hills;7
4651;83;185;1;land;false;forest;7
4652;44;195;1;land;false;hills;7
4653;63;198;1;land;false;mountain;7
4654;228;72;1;land;true;plains;7
4655;241;47;1;land;true;plains;7
4656;218;91;1;land;true;plains;7
4657;216;89;1;land;false;hills;7
4658;250;96;1;land;false;hills;7
4659;229;66;1;land;false;hills;7
4660;231;201;1;land;false;plains;7
4661;227;185;1;land;false;plains;7
4662;204;188;1;land;false;plains;7
4663;215;193;1;land;false;plains;7
4664;220;153;1;land;false;hills;7
4665;236;182;1;land;false;forest;7
4666;229;163;1;land;false;hills;7
4667;242;180;1;land;false;plains;7
4668;226;191;1;land;false;hills;7
4669;240;168;1;land;false;plains;7
4670;95;89;1;land;false;hills;7
4671;39;87;1;land;false;mountain;7
4672;64;36;1;land;false;mountain;7
4673;58;106;1;land;false;mountain;7
4674;43;59;1;land;false;hills;7
4675;75;100;1;land;false;hills;7
4676;92;64;1;land;false;hills;7
4677;79;69;1;land;false;hills;7
4678;53;71;1;land;false;hills;7
4679;103;75;1;land;false;mountain;7
4680;69;107;1;land;false;desert;7
4681;64;208;1;land;true;plains;7
4682;90;193;1;land;false;hills;7
4683;112;151;1;land;true;hills;7
4684;59;176;1;land;false;plains;7
4685;75;150;1;land;true;hills;7
4686;51;180;1;land;true;hills;7
4687;98;148;1;land;false;plains;7
4688;88;178;1;land;true;plains;7
4689;127;220;1;land;true;hills;7
4690;96;200;1;land;true;mountain;7
4691;76;179;1;land;false;plains;7
4692;113;144;1;land;true;hills;7
4693;91;191;1;land;true;plains;7
4694;68;212;1;land;false;plains;7
4695;167;48;1;land;false;hills;7
4696;165;68;1;land;false;plains;7
4697;156;22;1;land;false;forest;7
4698;124;1;1;land;false;hills;7
4699;152;16;1;land;false;mountain;7
4700;162;7;1;land;false;plains;7
4701;165;10;1;land;true;plains;7
4702;156;24;1;land;false;hills;7
4703;125;39;1;land;false;plains;7
4704;172;66;1;land;true;hills;7
4705;137;0;1;land;true;hills;7
4706;186;24;1;land;true;hills;7
4707;114;43;1;land;false;mountain;7
4708;123;73;1;land;true;hills;7
4709;120;26;1;land;true;hills;7
4710;128;51;1;land;false;forest;7
4711;131;49;1;land;false;plains;7
4712;133;24;1;land;true;hills;7
4713;139;6;1;land;false;plains;7
4714;135;11;1;land;false;hills;7
4715;146;47;1;land;false;plains;7
4716;180;30;1;land;false;hills;7
4717;32;156;1;land;true;plains;7
4718;110;122;1;land;false;desert;7
4719;37;130;1;land;false;desert;7
4720;91;97;1;land;false;desert;7
4721;79;163;1;land;false;hills;7
4722;107;154;1;land;false;plains;7
4723;107;126;1;land;false;hills;7
4724;103;148;1;land;false;hills;7
4725;108;159;1;land;false;desert;7
4726;50;86;1;land;false;desert;7
4727;157;141;1;land;false;hills;7
4728;186;151;1;land;false;hills;7
4729;169;155;1;land;false;hills;7
4730;211;111;1;land;false;hills;7
4731;160;119;1;land;false;plains;7
4732;148;95;1;land;true;mountain;7
4733;205;90;1;land;true;mountain;7
4734;203;144;1;land;false;hills;7
4735;161;143;1;land;false;plains;7
4736;218;149;1;land;false;hills;7
4737;158;109;1;land;true;mountain;7
4738;202;132;1;land;false;hills;7
4739;230;238;1;land;true;mountain;7
4740;198;200;1;land;false;mountain;7
4741;205;211;1;land;true;hills;7
4742;206;250;1;land;false;hills;7
4743;233;214;1;land;false;hills;7
4744;220;238;1;land;false;mountain;7
4745;211;236;1;land;false;hills;7
4746;211;212;1;land;true;hills;7
4747;207;236;1;land;false;hills;7
4748;221;236;1;land;false;mountain;7
4749;218;253;1;land;false;hills;7
4750;249;202;1;land;false;mountain;7
4751;202;204;1;land;false;hills;7
4752;225;230;1;land;false;hills;7
4753;244;210;1;land;false;mountain;7
4754;227;214;1;land;false;hills;7
4755;200;213;1;land;true;mountain;7
4756;243;234;1;land;false;hills;7
4757;243;247;1;land;false;hills;7
4758;205;244;1;land;true;hills;7
4759;223;244;1;land;false;hills;7
4760;227;245;1;land;false;hills;7
4761;229;231;1;land;true;hills;7
4762;246;234;1;land;false;hills;7
4763;244;217;1;land;false;hills;7
4764;250;223;1;land;false;forest;7
4765;221;254;1;land;true;mountain;7
4766;251;225;1;land;false;hills;7
4767;211;247;1;land;false;mountain;7
4768;219;229;1;land;true;forest;7
4769;230;213;1;land;false;hills;7
4770;245;229;1;land;false;hills;7
4771;228;225;1;land;false;mountain;7
4772;206;228;1;land;true;forest;7
4773;248;241;1;land;false;hills;7
4774;121;228;1;land;true;hills;7
4775;54;206;1;land;true;forest;7
4776;99;202;1;land;true;mountain;7
4777;126;229;1;land;false;hills;7
4778;112;249;1;land;false;hills;7
4779;133;112;1;land;false;plains;7
4780;82;80;1;land;false;mountain;7
4781;119;94;1;land;false;hills;7
4782;79;134;1;land;false;plains;7
4783;138;82;1;land;false;hills;7
4784;105;114;1;land;false;plains;7
4785;83;85;1;land;false;mountain;7
4786;84;115;1;land;false;plains;7
4787;115;117;1;land;false;hills;7
4788;112;95;1;land;false;plains;7
4789;70;84;1;land;false;hills;7
4790;73;113;1;land;true;hills;7
4791;85;122;1;land;false;hills;7
4792;123;62;1;land;false;plains;7
4793;130;137;1;land;false;hills;7
4794;69;80;1;land;false;plains;7
4795;63;68;1;land;false;mountain;7
4796;71;122;1;land;false;hills;7
4797;59;70;1;land;false;mountain;7
4798;71;137;1;land;false;plains;7
4799;64;162;1;land;false;hills;7
4800;21;213;1;land;false;hills;7
4801;33;142;1;land;false;hills;7
4802;60;193;1;land;false;hills;7
4803;18;205;1;land;false;hills;7
4804;51;186;1;land;false;plains;7
4805;38;145;1;land;false;hills;7
4806;10;210;1;land;false;mountain;7
4807;9;178;1;land;false;plains;7
4808;80;183;1;land;false;hills;7
4809;28;191;1;land;false;mountain;7
4810;12;136;1;land;false;hills;7
4811;83;74;1;land;false;mountain;7
4812;30;32;1;land;false;hills;7
4813;81;37;1;land;false;hills;7
4814;71;17;1;land;false;hills;7
4815;28;19;1;land;false;hills;7
4816;93;45;1;land;false;hills;7
4817;153;59;1;land;false;plains;7
4818;173;71;1;land;false;plains;7
4819;134;10;1;land;false;hills;7
4820;170;46;1;land;false;plains;7
4821;124;77;1;land;false;hills;7
4822;161;21;1;land;false;hills;7
4823;191;71;1;land;false;plains;7
4824;170;67;1;land;false;hills;7
4825;123;4;1;land;false;plains;7
4826;204;164;1;land;true;mountain;7
4827;213;169;1;land;true;mountain;7
4828;221;159;1;land;false;mountain;7
4829;31;114;1;land;false;desert;7
4830;69;125;1;land;false;hills;7
4831;29;190;1;land;false;desert;7
4832;85;161;1;land;false;hills;7
4833;69;178;1;land;false;hills;7
4834;73;24;1;land;false;hills;7
4835;100;4;1;land;false;hills;7
4836;77;6;1;land;false;plains;7
4837;58;14;1;land;false;plains;7
4838;51;4;1;land;false;plains;7
4839;56;18;1;land;false;hills;7
4840;80;39;1;land;false;plains;7
4841;43;39;1;land;false;plains;7
4842;88;4;1;land;false;plains;7
4843;93;21;1;land;false;plains;7
4844;112;48;1;land;false;plains;7
4845;58;30;1;land;false;plains;7
4846;75;9;1;land;false;mountain;7
4847;81;25;1;land;false;plains;7
4848;79;11;1;land;false;hills;7
4849;56;9;1;land;false;hills;7
4850;52;30;1;land;false;plains;7
4851;49;13;1;land;false;plains;7
4852;104;33;1;land;false;mountain;7
4853;71;4;1;land;false;hills;7
4854;109;27;1;land;false;hills;7
4855;40;15;1;land;false;plains;7
4856;74;19;1;land;false;hills;7
4857;74;36;1;land;false;plains;7
4858;242;238;1;land;false;plains;7
4859;230;218;1;land;false;forest;7
4860;252;209;1;land;false;forest;7
4861;213;234;1;land;false;hills;7
4862;240;200;1;land;false;hills;7
4863;251;211;1;land;false;jungle;7
4864;219;225;1;land;false;hills;7
4865;233;202;1;land;false;forest;7
4866;144;120;1;land;false;hills;7
4867;130;70;1;land;true;hills;7
4868;155;57;1;land;true;hills;7
4869;164;123;1;land;true;plains;7
4870;147;99;1;land;true;hills;7
4871;192;75;1;land;true;hills;7
4872;171;66;1;land;true;mountain;7
4873;171;100;1;land;true;plains;7
4874;162;83;1;land;true;mountain;7
4875;164;103;1;land;true;plains;7
4876;191;74;1;land;true;plains;7
4877;182;98;1;land;true;hills;7
4878;125;57;1;land;false;hills;7
4879;131;91;1;land;true;hills;7
4880;137;118;1;land;true;plains;7
4881;82;115;1;land;false;hills;7
4882;70;97;1;land;false;hills;7
4883;79;100;1;land;false;hills;7
4884;101;90;1;land;false;hills;7
4885;63;118;1;land;false;hills;7
4886;67;96;1;land;false;hills;7
4887;46;85;1;land;false;hills;7
4888;82;135;1;land;false;hills;7
4889;91;242;1;land;false;plains;7
4890;73;200;1;land;false;plains;7
4891;107;222;1;land;false;plains;7
4892;108;243;1;land;false;plains;7
4893;77;244;1;land;false;plains;7
4894;126;198;1;land;false;hills;7
4895;81;204;1;land;false;plains;7
4896;128;192;1;land;false;plains;7
4897;239;218;1;land;true;hills;7
4898;235;189;1;land;false;hills;7
4899;161;230;1;land;true;hills;7
4900;193;196;1;land;true;hills;7
4901;206;208;1;land;false;hills;7
4902;203;232;1;land;false;forest;7
4903;235;217;1;land;false;hills;7
4904;167;225;1;land;false;forest;7
4905;197;220;1;land;true;forest;7
4906;162;198;1;land;true;forest;7
4907;176;198;1;land;false;mountain;7
4908;220;239;1;land;false;hills;7
4909;10;111;1;land;false;forest;7
4910;11;76;1;land;false;plains;7
4911;17;104;1;land;false;forest;7
4912;34;85;1;land;false;forest;7
4913;19;106;1;land;false;forest;7
4914;22;34;1;land;false;forest;7
4915;39;61;1;land;false;forest;7
4916;10;40;1;land;false;forest;7
4917;7;94;1;land;false;hills;7
4918;32;81;1;land;true;hills;7
4919;8;81;1;land;false;forest;7
4920;19;86;1;land;true;jungle;7
4921;22;74;1;land;false;forest;7
4922;23;42;1;land;false;plains;7
4923;35;47;1;land;true;hills;7
4924;23;88;1;land;true;forest;7
4925;24;55;1;land;true;jungle;7
4926;17;86;1;land;true;jungle;7
4927;19;40;1;land;true;jungle;7
4928;8;92;1;land;true;jungle;7
4929;11;87;1;land;true;hills;7
4930;41;78;1;land;true;jungle;7
4931;16;62;1;land;true;jungle;7
4932;2;45;1;land;false;hills;7
4933;40;104;1;land;true;jungle;7
4934;32;36;1;land;true;forest;7
4935;39;105;1;land;false;forest;7
4936;13;71;1;land;true;jungle;7
4937;25;85;1;land;true;jungle;7
4938;27;34;1;land;true;hills;7
4939;19;91;1;land;false;forest;7
4940;9;63;1;land;true;forest;7
4941;25;66;1;land;true;forest;7
4942;18;67;1;land;false;forest;7
4943;29;63;1;land;false;forest;7
4944;36;103;1;land;true;forest;7
4945;10;55;1;land;false;hills;7
4946;10;87;1;land;true;hills;7
4947;12;54;1;land;false;forest;7
4948;20;35;1;land;false;hills;7
4949;112;224;1;land;false;plains;7
4950;133;167;1;land;false;hills;7
4951;151;210;1;land;false;plains;7
4952;94;230;1;land;true;mountain;7
4953;133;165;1;land;true;plains;7
4954;141;155;1;land;false;hills;7
4955;167;150;1;land;false;hills;7
4956;203;199;1;land;false;hills;7
4957;187;178;1;land;false;hills;7
4958;153;136;1;land;true;hills;7
4959;154;165;1;land;true;hills;7
4960;205;146;1;land;false;hills;7
4961;50;56;1;land;true;hills;7
4962;0;83;1;land;false;hills;7
4963;11;27;1;land;true;mountain;7
4964;50;78;1;land;true;hills;7
4965;54;88;1;land;false;hills;7
4966;16;9;1;land;true;desert;7
4967;24;62;1;land;true;hills;7
4968;61;58;1;land;true;hills;7
4969;49;22;1;land;true;hills;7
4970;64;175;1;land;false;forest;7
4971;21;167;1;land;false;hills;7
4972;18;142;1;land;false;forest;7
4973;47;189;1;land;false;forest;7
4974;40;195;1;land;false;hills;7
4975;37;192;1;land;false;hills;7
4976;75;126;1;land;false;hills;7
4977;74;21;1;land;false;plains;7
4978;77;14;1;land;false;plains;7
4979;109;42;1;land;false;plains;7
4980;63;1;1;land;false;plains;7
4981;114;10;1;land;false;hills;7
4982;127;55;1;land;false;plains;7
4983;55;17;1;land;false;hills;7
4984;114;34;1;land;false;hills;7
4985;106;47;1;land;false;plains;7
4986;74;124;1;land;false;forest;7
4987;131;112;1;land;false;plains;7
4988;75;140;1;land;false;hills;7
4989;111;100;1;land;false;hills;7
4990;88;107;1;land;false;hills;7
4991;81;133;1;land;false;hills;7
4992;112;141;1;land;false;hills;7
4993;78;114;1;land;false;hills;7
4994;234;39;1;land;false;mountain;7
4995;178;49;1;land;false;mountain;7
4996;179;6;1;land;false;mountain;7
4997;182;41;1;land;false;hills;7
4998;189;19;1;land;false;hills;7
4999;214;13;1;land;false;hills;7
5000;218;4;1;land;false;hills;7
5001;236;21;1;land;false;hills;7
5002;183;36;1;land;false;hills;7
5003;182;16;1;land;false;plains;7
5004;189;24;1;land;false;plains;7
5005;209;41;1;land;false;hills;7
5006;224;41;1;land;false;hills;7
5007;187;12;1;land;false;hills;7
5008;193;46;1;land;false;plains;7
5009;194;42;1;land;false;forest;7
5010;180;27;1;land;false;hills;7
5011;229;153;1;land;true;mountain;7
5012;234;105;1;land;true;forest;7
5013;182;130;1;land;true;mountain;7
5014;235;114;1;land;false;hills;7
5015;242;105;1;land;true;forest;7
5016;204;169;1;land;false;hills;7
5017;179;146;1;land;true;mountain;7
5018;173;195;1;land;false;hills;7
5019;172;218;1;land;false;desert;7
5020;135;242;1;land;false;desert;7
5021;173;187;1;land;false;hills;7
5022;139;176;1;land;false;hills;7
5023;52;145;1;land;false;hills;7
5024;98;213;1;land;false;hills;7
5025;62;162;1;land;false;hills;7
5026;41;193;1;land;false;hills;7
5027;105;170;1;land;false;hills;7
5028;60;221;1;land;false;hills;7
5029;96;145;1;land;false;hills;7
5030;76;151;1;land;false;mountain;7
5031;42;206;1;land;false;hills;7
5032;204;71;1;land;false;hills;7
5033;171;37;1;land;false;plains;7
5034;156;30;1;land;false;plains;7
5035;192;20;1;land;false;hills;7
5036;221;17;1;land;false;hills;7
5037;164;19;1;land;false;plains;7
5038;213;72;1;land;false;plains;7
5039;210;68;1;land;false;plains;7
5040;217;82;1;land;false;plains;7
5041;159;82;1;land;false;hills;7
5042;160;61;1;land;false;hills;7
5043;216;67;1;land;false;hills;7
5044;157;80;1;land;false;plains;7
5045;188;80;1;land;false;plains;7
5046;210;82;1;land;false;plains;7
5047;168;70;1;land;false;plains;7
5048;236;141;1;land;false;plains;7
5049;211;139;1;land;false;plains;7
5050;217;183;1;land;false;plains;7
5051;238;123;1;land;false;hills;7
5052;236;164;1;land;false;plains;7
5053;241;145;1;land;false;plains;7
5054;252;173;1;land;false;plains;7
5055;231;178;1;land;false;plains;7
5056;251;150;1;land;false;mountain;7
5057;211;123;1;land;false;plains;7
5058;229;124;1;land;false;plains;7
5059;241;152;1;land;false;plains;7
5060;243;156;1;land;false;hills;7
5061;247;143;1;land;false;plains;7
5062;249;173;1;land;false;hills;7
5063;17;39;1;land;true;mountain;7
5064;7;21;1;land;false;hills;7
5065;35;42;1;land;true;hills;7
5066;30;30;1;land;false;hills;7
5067;9;34;1;land;false;hills;7
5068;32;33;1;land;true;plains;7
5069;7;2;1;land;false;plains;7
5070;1;7;1;land;true;mountain;7
5071;6;10;1;land;false;plains;7
5072;13;43;1;land;false;plains;7
5073;3;29;1;land;false;plains;7
5074;19;29;1;land;false;plains;7
5075;43;25;1;land;false;plains;7
5076;6;37;1;land;false;plains;7
5077;36;49;1;land;true;plains;7
5078;6;15;1;land;true;mountain;7
5079;7;25;1;land;false;hills;7
5080;42;36;1;land;false;hills;7
5081;1;34;1;land;false;plains;7
5082;19;33;1;land;false;mountain;7
5083;59;161;1;land;true;hills;7
5084;70;147;1;land;true;hills;7
5085;77;138;1;land;true;forest;7
5086;77;144;1;land;true;hills;7
5087;63;126;1;land;false;mountain;7
5088;72;165;1;land;true;forest;7
5089;81;121;1;land;true;hills;7
5090;96;34;1;land;false;forest;7
5091;189;254;1;land;false;plains;7
5092;200;252;1;land;false;hills;7
5093;145;241;1;land;false;plains;7
5094;144;231;1;land;false;plains;7
5095;139;237;1;land;false;plains;7
5096;157;211;1;land;false;plains;7
5097;202;212;1;land;false;plains;7
5098;139;232;1;land;false;hills;7
5099;188;254;1;land;false;plains;7
5100;139;234;1;land;false;plains;7
5101;179;247;1;land;false;plains;7
5102;152;253;1;land;false;hills;7
5103;177;253;1;land;false;plains;7
5104;190;240;1;land;false;desert;7
5105;166;240;1;land;false;plains;7
5106;186;222;1;land;false;plains;7
5107;175;214;1;land;false;plains;7
5108;171;227;1;land;false;plains;7
5109;195;248;1;land;false;hills;7
5110;190;249;1;land;false;plains;7
5111;155;217;1;land;false;plains;7
5112;205;245;1;land;false;plains;7
5113;200;251;1;land;false;desert;7
5114;211;207;1;land;false;plains;7
5115;148;207;1;land;false;hills;7
5116;6;164;1;land;false;hills;7
5117;17;150;1;land;true;mountain;7
5118;17;125;1;land;false;mountain;7
5119;30;153;1;land;true;forest;7
5120;31;116;1;land;true;mountain;7
5121;2;107;1;land;false;hills;7
5122;51;98;1;land;false;hills;7
5123;7;138;1;land;false;forest;7
5124;17;131;1;land;true;mountain;7
5125;13;163;1;land;false;hills;7
5126;30;169;1;land;false;hills;7
5127;53;135;1;land;false;forest;7
5128;39;170;1;land;false;mountain;7
5129;187;143;1;land;true;mountain;7
5130;232;139;1;land;true;plains;7
5131;207;111;1;land;false;hills;7
5132;226;105;1;land;false;hills;7
5133;199;125;1;land;false;hills;7
5134;194;148;1;land;true;plains;7
5135;229;252;1;land;true;mountain;7
5136;242;227;1;land;false;hills;7
5137;242;213;1;land;false;mountain;7
5138;242;240;1;land;false;mountain;7
5139;223;216;1;land;false;plains;7
5140;233;225;1;land;false;mountain;7
5141;229;218;1;land;false;mountain;7
5142;196;217;1;land;true;mountain;7
5143;209;217;1;land;false;plains;7
5144;16;106;1;land;false;hills;7
5145;66;149;1;land;true;plains;7
5146;8;144;1;land;false;mountain;7
5147;43;114;1;land;true;plains;7
5148;12;112;1;land;false;hills;7
5149;52;10;1;land;false;hills;7
5150;80;8;1;land;false;hills;7
5151;73;15;1;land;false;hills;7
5152;47;5;1;land;false;hills;7
5153;37;14;1;land;false;plains;7
5154;35;32;1;land;false;hills;7
5155;87;20;1;land;false;hills;7
5156;24;38;1;land;false;plains;7
5157;19;24;1;land;false;hills;7
5158;79;31;1;land;false;plains;7
5159;62;9;1;land;false;hills;7
5160;20;31;1;land;false;hills;7
5161;29;38;1;land;false;plains;7
5162;208;133;1;land;false;hills;7
5163;199;140;1;land;false;hills;7
5164;223;142;1;land;false;desert;7
5165;228;125;1;land;false;hills;7
5166;189;90;1;land;false;hills;7
5167;216;135;1;land;false;hills;7
5168;232;101;1;land;false;desert;7
5169;239;193;1;land;false;hills;7
5170;228;216;1;land;false;hills;7
5171;239;223;1;land;false;plains;7
5172;245;245;1;land;false;hills;7
5173;229;245;1;land;false;plains;7
5174;195;227;1;land;false;hills;7
5175;247;236;1;land;false;plains;7
5176;198;209;1;land;false;plains;7
5177;210;208;1;land;false;plains;7
5178;195;219;1;land;false;plains;7
5179;224;240;1;land;false;plains;7
5180;190;221;1;land;false;plains;7
5181;235;235;1;land;false;hills;7
5182;248;214;1;land;false;plains;7
5183;248;190;1;land;false;plains;7
5184;212;254;1;land;false;hills;7
5185;198;213;1;land;false;plains;7
5186;253;199;1;land;false;hills;7
5187;218;204;1;land;false;plains;7
5188;209;247;1;land;false;plains;7
5189;62;82;1;land;true;forest;7
5190;58;82;1;land;false;forest;7
5191;69;76;1;land;true;hills;7
5192;41;195;1;land;false;hills;7
5193;27;228;1;land;false;desert;7
5194;63;204;1;land;false;hills;7
5195;7;201;1;land;false;mountain;7
5196;35;174;1;land;false;hills;7
5197;51;203;1;land;false;hills;7
5198;10;211;1;land;false;hills;7
5199;67;236;1;land;false;plains;7
5200;45;194;1;land;false;hills;7
5201;46;180;1;land;false;hills;7
5202;58;228;1;land;false;hills;7
5203;13;235;1;land;false;hills;7
5204;38;227;1;land;false;hills;7
5205;76;193;1;land;false;hills;7
5206;3;210;1;land;false;hills;7
5207;176;164;1;land;true;mountain;7
5208;147;192;1;land;true;mountain;7
5209;153;199;1;land;false;hills;7
5210;22;48;1;land;false;plains;7
5211;52;33;1;land;false;hills;7
5212;49;97;1;land;false;hills;7
5213;71;50;1;land;false;plains;7
5214;18;24;1;land;false;hills;7
5215;63;37;1;land;false;plains;7
5216;73;73;1;land;false;plains;7
5217;50;31;1;land;false;hills;7
5218;92;72;1;land;false;plains;7
5219;15;93;1;land;false;hills;7
5220;25;95;1;land;false;plains;7
5221;37;69;1;land;false;plains;7
5222;19;74;1;land;false;plains;7
5223;80;78;1;land;false;hills;7
5224;68;28;1;land;false;hills;7
5225;39;46;1;land;false;hills;7
5226;57;34;1;land;false;hills;7
5227;65;37;1;land;false;plains;7
5228;72;97;1;land;false;hills;7
5229;37;71;1;land;false;plains;7
5230;28;97;1;land;false;plains;7
5231;42;22;1;land;false;hills;7
5232;65;167;1;land;false;hills;7
5233;55;177;1;land;false;mountain;7
5234;27;135;1;land;false;mountain;7
5235;36;145;1;land;false;plains;7
5236;44;208;1;land;false;hills;7
5237;84;193;1;land;false;plains;7
5238;31;196;1;land;false;plains;7
5239;57;156;1;land;false;hills;7
5240;31;158;1;land;false;hills;7
5241;73;201;1;land;false;plains;7
5242;93;194;1;land;false;hills;7
5243;65;141;1;land;false;hills;7
5244;9;96;1;land;false;hills;7
5245;25;120;1;land;false;hills;7
5246;37;118;1;land;false;hills;7
5247;33;140;1;land;false;hills;7
5248;51;141;1;land;false;hills;7
5249;38;123;1;land;false;hills;7
5250;32;116;1;land;false;hills;7
5251;41;104;1;land;false;hills;7
5252;62;141;1;land;false;hills;7
5253;25;110;1;land;false;hills;7
5254;132;218;1;land;false;plains;7
5255;126;209;1;land;false;hills;7
5256;132;254;1;land;false;plains;7
5257;81;219;1;land;false;mountain;7
5258;142;251;1;land;false;plains;7
5259;91;210;1;land;false;plains;7
5260;111;210;1;land;false;plains;7
5261;150;242;1;land;false;plains;7
5262;131;238;1;land;false;plains;7
5263;139;221;1;land;false;plains;7
5264;131;239;1;land;false;plains;7
5265;108;230;1;land;false;plains;7
5266;106;222;1;land;false;plains;7
5267;122;215;1;land;false;plains;7
5268;84;247;1;land;false;hills;7
5269;147;231;1;land;false;plains;7
5270;142;253;1;land;false;plains;7
5271;109;248;1;land;false;plains;7
5272;109;225;1;land;false;plains;7
5273;110;222;1;land;false;hills;7
5274;154;216;1;land;false;hills;7
5275;122;230;1;land;false;plains;7
5276;110;120;1;land;true;plains;7
5277;104;121;1;land;false;plains;7
5278;111;90;1;land;true;plains;7
5279;150;149;1;land;true;plains;7
5280;152;134;1;land;true;plains;7
5281;152;140;1;land;false;plains;7
5282;109;138;1;land;true;hills;7
5283;101;148;1;land;false;plains;7
5284;122;124;1;land;true;plains;7
5285;117;102;1;land;true;plains;7
5286;217;217;1;land;false;desert;7
5287;193;199;1;land;false;hills;7
5288;145;180;1;land;false;plains;7
5289;193;180;1;land;false;desert;7
5290;161;232;1;land;false;desert;7
5291;172;252;1;land;false;hills;7
5292;149;213;1;land;false;hills;7
5293;186;89;1;land;false;hills;7
5294;186;61;1;land;false;hills;7
5295;202;95;1;land;false;mountain;7
5296;236;41;1;land;false;hills;7
5297;165;66;1;land;false;plains;7
5298;190;66;1;land;false;plains;7
5299;192;65;1;land;false;hills;7
5300;192;97;1;land;false;plains;7
5301;231;117;1;land;false;forest;7
5302;164;91;1;land;false;hills;7
5303;33;225;1;land;false;hills;7
5304;1;248;1;land;false;hills;7
5305;14;235;1;land;false;hills;7
5306;37;230;1;land;false;hills;7
5307;40;223;1;land;false;hills;7
5308;0;221;1;land;false;plains;7
5309;65;231;1;land;false;hills;7
5310;45;183;1;land;false;hills;7
5311;38;186;1;land;false;hills;7
5312;56;210;1;land;false;plains;7
5313;14;230;1;land;false;plains;7
5314;26;249;1;land;false;plains;7
5315;72;200;1;land;false;hills;7
5316;13;197;1;land;false;hills;7
5317;4;234;1;land;false;plains;7
5318;2;187;1;land;false;plains;7
5319;37;217;1;land;false;plains;7
5320;28;213;1;land;false;hills;7
5321;58;235;1;land;false;hills;7
5322;26;209;1;land;false;plains;7
5323;51;225;1;land;false;hills;7
5324;44;244;1;land;false;hills;7
5325;29;100;1;land;true;hills;7
5326;40;101;1;land;true;hills;7
5327;73;67;1;land;true;hills;7
5328;12;121;1;land;true;plains;7
5329;174;157;1;land;false;plains;7
5330;214;190;1;land;false;hills;7
5331;182;167;1;land;false;plains;7
5332;192;158;1;land;false;plains;7
5333;170;215;1;land;false;plains;7
5334;237;187;1;land;false;hills;7
5335;214;174;1;land;false;plains;7
5336;245;235;1;land;false;plains;7
5337;198;199;1;land;false;plains;7
5338;225;162;1;land;false;hills;7
5339;178;229;1;land;false;plains;7
5340;194;161;1;land;false;hills;7
5341;180;33;1;land;false;plains;7
5342;250;29;1;land;false;hills;7
5343;189;89;1;land;true;hills;7
5344;250;71;1;land;false;plains;7
5345;214;62;1;land;false;hills;7
5346;197;75;1;land;true;plains;7
5347;226;17;1;land;true;plains;7
5348;243;63;1;land;false;plains;7
5349;242;58;1;land;false;plains;7
5350;228;84;1;land;true;plains;7
5351;253;32;1;land;true;mountain;7
5352;242;66;1;land;true;mountain;7
5353;242;79;1;land;true;plains;7
5354;222;71;1;land;false;plains;7
5355;24;15;1;land;false;plains;7
5356;61;6;1;land;false;plains;7
5357;18;23;1;land;false;plains;7
5358;53;33;1;land;false;plains;7
5359;62;32;1;land;false;plains;7
5360;12;61;1;land;false;hills;7
5361;51;15;1;land;false;hills;7
5362;46;27;1;land;false;hills;7
5363;40;62;1;land;false;forest;7
5364;57;19;1;land;false;desert;7
5365;36;54;1;land;false;hills;7
5366;56;40;1;land;false;hills;7
5367;45;7;1;land;false;forest;7
5368;61;47;1;land;false;desert;7
5369;24;13;1;land;false;plains;7
5370;23;47;1;land;false;plains;7
5371;33;10;1;land;false;plains;7
5372;23;36;1;land;false;forest;7
5373;6;41;1;land;false;plains;7
5374;4;41;1;land;false;plains;7
5375;64;8;1;land;false;mountain;7
5376;32;22;1;land;false;desert;7
5377;6;21;1;land;false;mountain;7
5378;112;163;1;land;false;hills;7
5379;138;173;1;land;false;hills;7
5380;164;205;1;land;false;hills;7
5381;120;175;1;land;false;plains;7
5382;124;171;1;land;false;hills;7
5383;121;198;1;land;false;plains;7
5384;107;205;1;land;false;plains;7
5385;99;166;1;land;false;hills;7
5386;143;201;1;land;false;hills;7
5387;145;198;1;land;false;plains;7
5388;138;196;1;land;false;hills;7
5389;122;207;1;land;false;hills;7
5390;122;202;1;land;false;hills;7
5391;86;161;1;land;false;plains;7
5392;108;184;1;land;false;hills;7
5393;133;143;1;land;false;hills;7
5394;120;196;1;land;false;hills;7
5395;88;191;1;land;false;plains;7
5396;104;12;1;land;false;hills;7
5397;102;48;1;land;false;hills;7
5398;124;31;1;land;false;plains;7
5399;176;35;1;land;false;plains;7
5400;176;4;1;land;false;plains;7
5401;139;46;1;land;false;hills;7
5402;107;61;1;land;false;hills;7
5403;165;34;1;land;false;plains;7
5404;130;3;1;land;false;hills;7
5405;151;37;1;land;false;plains;7
5406;151;17;1;land;false;hills;7
5407;19;46;1;land;false;plains;7
5408;55;29;1;land;false;plains;7
5409;70;10;1;land;false;hills;7
5410;59;41;1;land;false;plains;7
5411;58;28;1;land;false;plains;7
5412;27;24;1;land;false;plains;7
5413;75;46;1;land;false;mountain;7
5414;50;18;1;land;false;hills;7
5415;41;18;1;land;false;hills;7
5416;18;12;1;land;false;hills;7
5417;26;47;1;land;false;hills;7
5418;82;30;1;land;false;hills;7
5419;61;28;1;land;false;mountain;7
5420;23;32;1;land;false;plains;7
5421;45;13;1;land;false;hills;7
5422;52;59;1;land;false;hills;7
5423;17;33;1;land;false;plains;7
5424;10;142;1;land;false;plains;7
5425;33;202;1;land;false;hills;7
5426;12;173;1;land;false;hills;7
5427;61;140;1;land;false;hills;7
5428;16;202;1;land;false;hills;7
5429;42;127;1;land;false;hills;7
5430;38;133;1;land;false;hills;7
5431;44;133;1;land;false;hills;7
5432;7;144;1;land;false;hills;7
5433;13;129;1;land;false;hills;7
5434;51;164;1;land;false;hills;7
5435;46;145;1;land;false;hills;7
5436;2;149;1;land;false;hills;7
5437;0;162;1;land;false;hills;7
5438;23;138;1;land;false;hills;7
5439;11;140;1;land;false;hills;7
5440;220;220;1;land;true;mountain;7
5441;171;246;1;land;true;mountain;7
5442;187;213;1;land;true;forest;7
5443;106;45;1;land;true;mountain;7
5444;138;52;1;land;true;mountain;7
5445;124;8;1;land;true;mountain;7
5446;136;0;1;land;true;mountain;7
5447;76;20;1;land;true;mountain;7
5448;72;50;1;land;false;hills;7
5449;90;30;1;land;false;mountain;7
5450;92;27;1;land;true;plains;7
5451;116;0;1;land;true;mountain;7
5452;130;19;1;land;false;mountain;7
5453;133;42;1;land;false;mountain;7
5454;128;48;1;land;true;hills;7
5455;45;83;1;land;false;plains;7
5456;70;120;1;land;false;plains;7
5457;60;135;1;land;false;forest;7
5458;107;112;1;land;false;forest;7
5459;55;117;1;land;false;forest;7
5460;77;152;1;land;false;forest;7
5461;226;195;1;land;false;hills;7
5462;33;190;1;land;true;mountain;7
5463;4;179;1;land;true;plains;7
5464;14;215;1;land;false;mountain;7
5465;37;189;1;land;false;hills;7
5466;57;182;1;land;true;plains;7
5467;37;200;1;land;true;mountain;7
5468;11;220;1;land;false;hills;7
5469;202;233;1;land;false;hills;7
5470;208;211;1;land;false;hills;7
5471;181;197;1;land;false;hills;7
5472;228;205;1;land;false;hills;7
5473;154;186;1;land;false;hills;7
5474;175;193;1;land;false;hills;7
5475;210;184;1;land;false;hills;7
5476;196;194;1;land;false;hills;7
5477;196;251;1;land;false;hills;7
5478;172;209;1;land;false;hills;7
5479;166;194;1;land;false;hills;7
5480;212;231;1;land;false;hills;7
5481;209;234;1;land;false;mountain;7
5482;154;251;1;land;false;hills;7
5483;153;50;1;land;true;mountain;7
5484;189;72;1;land;true;hills;7
5485;197;42;1;land;true;hills;7
5486;185;29;1;land;true;mountain;7
5487;196;50;1;land;true;hills;7
5488;142;44;1;land;true;mountain;7
5489;135;51;1;land;true;mountain;7
5490;161;91;1;land;false;hills;7
5491;171;68;1;land;true;forest;7
5492;197;82;1;land;false;mountain;7
5493;153;231;1;land;false;hills;7
5494;226;229;1;land;false;plains;7
5495;206;242;1;land;true;hills;7
5496;174;246;1;land;true;mountain;7
5497;141;138;1;land;false;plains;7
5498;207;135;1;land;false;hills;7
5499;200;158;1;land;false;hills;7
5500;188;102;1;land;false;hills;7
5501;133;147;1;land;false;hills;7
5502;190;250;1;land;false;hills;7
5503;134;206;1;land;false;forest;7
5504;115;254;1;land;false;hills;7
5505;185;250;1;land;false;hills;7
5506;175;232;1;land;false;plains;7
5507;149;245;1;land;false;plains;7
5508;174;226;1;land;false;forest;7
5509;117;217;1;land;false;hills;7
5510;160;201;1;land;true;mountain;7
5511;156;247;1;land;false;plains;7
5512;155;196;1;land;false;plains;7
5513;180;254;1;land;false;hills;7
5514;119;254;1;land;false;hills;7
5515;158;248;1;land;false;hills;7
5516;158;229;1;land;false;hills;7
5517;121;191;1;land;false;hills;7
5518;118;215;1;land;false;hills;7
5519;148;227;1;land;false;forest;7
5520;139;247;1;land;false;plains;7
5521;156;241;1;land;false;forest;7
5522;129;186;1;land;false;hills;7
5523;123;243;1;land;false;plains;7
5524;176;196;1;land;false;forest;7
5525;159;231;1;land;false;hills;7
5526;165;243;1;land;false;plains;7
5527;190;197;1;land;false;plains;7
5528;151;246;1;land;false;forest;7
5529;122;235;1;land;false;hills;7
5530;179;239;1;land;false;hills;7
5531;169;246;1;land;false;hills;7
5532;169;230;1;land;true;plains;7
5533;136;239;1;land;false;mountain;7
5534;159;209;1;land;false;hills;7
5535;139;194;1;land;false;hills;7
5536;189;210;1;land;false;plains;7
5537;178;211;1;land;false;forest;7
5538;77;87;1;land;false;hills;7
5539;19;60;1;land;false;hills;7
5540;48;107;1;land;false;hills;7
5541;54;68;1;land;false;hills;7
5542;52;91;1;land;false;plains;7
5543;45;91;1;land;false;jungle;7
5544;89;83;1;land;false;hills;7
5545;60;45;1;land;false;plains;7
5546;23;98;1;land;false;plains;7
5547;64;124;1;land;false;plains;7
5548;66;110;1;land;false;hills;7
5549;72;63;1;land;false;plains;7
5550;21;60;1;land;false;hills;7
5551;29;62;1;land;false;forest;7
5552;33;53;1;land;false;plains;7
5553;35;124;1;land;false;hills;7
5554;75;111;1;land;false;hills;7
5555;25;90;1;land;false;hills;7
5556;66;90;1;land;false;hills;7
5557;23;102;1;land;false;jungle;7
5558;64;55;1;land;false;hills;7
5559;51;146;1;land;true;hills;7
5560;65;196;1;land;true;hills;7
5561;52;205;1;land;true;plains;7
5562;49;193;1;land;true;hills;7
5563;37;149;1;land;true;hills;7
5564;202;72;1;land;true;plains;7
5565;231;51;1;land;false;hills;7
5566;221;109;1;land;true;plains;7
5567;182;116;1;land;true;hills;7
5568;254;81;1;land;false;mountain;7
5569;239;65;1;land;false;hills;7
5570;181;50;1;land;true;mountain;7
5571;205;47;1;land;false;hills;7
5572;192;94;1;land;true;plains;7
5573;197;93;1;land;true;mountain;7
5574;205;92;1;land;true;plains;7
5575;237;87;1;land;true;hills;7
5576;231;106;1;land;true;plains;7
5577;226;53;1;land;true;plains;7
5578;226;116;1;land;false;hills;7
5579;221;45;1;land;false;mountain;7
5580;232;68;1;land;false;mountain;7
5581;194;205;1;land;false;plains;7
5582;200;217;1;land;false;plains;7
5583;165;225;1;land;false;plains;7
5584;203;201;1;land;false;mountain;7
5585;159;225;1;land;false;plains;7
5586;167;237;1;land;false;hills;7
5587;209;198;1;land;false;plains;7
5588;89;25;1;land;true;plains;7
5589;106;13;1;land;false;plains;7
5590;115;52;1;land;false;hills;7
5591;115;51;1;land;true;plains;7
5592;107;12;1;land;false;hills;7
5593;80;22;1;land;false;hills;7
5594;59;44;1;land;false;hills;7
5595;107;16;1;land;false;plains;7
5596;104;41;1;land;false;plains;7
5597;105;23;1;land;false;hills;7
5598;113;74;1;land;false;plains;7
5599;83;45;1;land;false;plains;7
5600;123;34;1;land;false;hills;7
5601;111;11;1;land;false;plains;7
5602;88;10;1;land;false;hills;7
5603;73;41;1;land;false;plains;7
5604;100;63;1;land;true;plains;7
5605;103;190;1;land;true;hills;7
5606;81;203;1;land;true;hills;7
5607;36;187;1;land;true;hills;7
5608;42;204;1;land;true;plains;7
5609;89;162;1;land;true;hills;7
5610;50;201;1;land;false;hills;7
5611;50;183;1;land;false;hills;7
5612;240;178;1;land;false;plains;7
5613;205;179;1;land;false;plains;7
5614;231;162;1;land;false;plains;7
5615;236;198;1;land;false;hills;7
5616;142;43;1;land;false;mountain;7
5617;170;52;1;land;false;hills;7
5618;201;41;1;land;false;hills;7
5619;128;49;1;land;false;hills;7
5620;126;84;1;land;false;hills;7
5621;180;38;1;land;false;hills;7
5622;183;28;1;land;false;hills;7
5623;203;96;1;land;false;forest;7
5624;146;69;1;land;false;hills;7
5625;168;41;1;land;false;hills;7
5626;146;26;1;land;false;hills;7
5627;21;145;1;land;false;plains;7
5628;25;181;1;land;false;plains;7
5629;58;149;1;land;false;hills;7
5630;51;144;1;land;false;hills;7
5631;26;183;1;land;false;hills;7
5632;29;178;1;land;false;plains;7
5633;10;168;1;land;true;mountain;7
5634;27;176;1;land;false;mountain;7
5635;53;145;1;land;true;hills;7
5636;59;151;1;land;false;hills;7
5637;21;133;1;land;false;hills;7
5638;15;171;1;land;false;mountain;7
5639;32;161;1;land;true;plains;7
5640;24;151;1;land;false;plains;7
5641;5;196;1;land;false;hills;7
5642;12;151;1;land;true;hills;7
5643;51;152;1;land;false;plains;7
5644;61;146;1;land;false;hills;7
5645;9;167;1;land;false;plains;7
5646;26;164;1;land;true;plains;7
5647;5;192;1;land;false;hills;7
5648;32;150;1;land;false;hills;7
5649;57;122;1;land;false;hills;7
5650;59;159;1;land;false;plains;7
5651;31;136;1;land;false;hills;7
5652;101;79;1;land;false;hills;7
5653;51;102;1;land;false;hills;7
5654;81;86;1;land;true;mountain;7
5655;74;93;1;land;true;plains;7
5656;60;137;1;land;false;plains;7
5657;79;122;1;land;false;hills;7
5658;107;143;1;land;true;mountain;7
5659;44;74;1;land;false;hills;7
5660;78;147;1;land;true;hills;7
5661;45;115;1;land;false;plains;7
5662;18;15;1;land;false;plains;7
5663;14;41;1;land;false;plains;7
5664;36;38;1;land;false;hills;7
5665;9;27;1;land;false;plains;7
5666;38;28;1;land;false;hills;7
5667;22;24;1;land;false;hills;7
5668;7;5;1;land;false;plains;7
5669;11;39;1;land;false;plains;7
5670;3;28;1;land;false;hills;7
5671;33;4;1;land;false;hills;7
5672;94;206;1;land;false;mountain;7
5673;141;243;1;land;true;mountain;7
5674;139;67;1;land;false;hills;7
5675;85;65;1;land;false;mountain;7
5676;123;133;1;land;false;hills;7
5677;119;119;1;land;false;hills;7
5678;114;144;1;land;false;mountain;7
5679;145;90;1;land;false;forest;7
5680;94;111;1;land;false;hills;7
5681;108;98;1;land;false;hills;7
5682;126;144;1;land;true;mountain;7
5683;105;80;1;land;false;hills;7
5684;87;113;1;land;false;hills;7
5685;82;136;1;land;false;hills;7
5686;139;117;1;land;false;mountain;7
5687;105;81;1;land;false;hills;7
5688;126;133;1;land;false;mountain;7
5689;146;103;1;land;false;hills;7
5690;121;103;1;land;false;hills;7
5691;125;106;1;land;false;mountain;7
5692;85;82;1;land;false;forest;7
5693;121;77;1;land;false;hills;7
5694;120;78;1;land;false;hills;7
5695;90;144;1;land;true;plains;7
5696;107;76;1;land;false;hills;7
5697;120;91;1;land;false;hills;7
5698;84;94;1;land;true;mountain;7
5699;87;78;1;land;false;hills;7
5700;151;121;1;land;true;mountain;7
5701;140;93;1;land;false;mountain;7
5702;137;95;1;land;false;hills;7
5703;129;98;1;land;false;mountain;7
5704;134;85;1;land;false;mountain;7
5705;149;121;1;land;false;hills;7
5706;74;108;1;land;true;mountain;7
5707;143;134;1;land;false;forest;7
5708;95;82;1;land;false;jungle;7
5709;119;113;1;land;false;hills;7
5710;104;135;1;land;false;hills;7
5711;119;137;1;land;false;forest;7
5712;129;112;1;land;false;forest;7
5713;95;135;1;land;false;forest;7
5714;112;103;1;land;false;forest;7
5715;127;114;1;land;false;hills;7
5716;83;110;1;land;false;mountain;7
5717;119;117;1;land;false;mountain;7
5718;98;98;1;land;false;hills;7
5719;91;98;1;land;false;mountain;7
5720;117;78;1;land;false;plains;7
5721;117;120;1;land;false;hills;7
5722;110;127;1;land;false;hills;7
5723;94;94;1;land;false;hills;7
5724;129;82;1;land;false;hills;7
5725;152;67;1;land;false;forest;7
5726;141;78;1;land;false;forest;7
5727;102;114;1;land;false;mountain;7
5728;93;112;1;land;false;plains;7
5729;91;73;1;land;false;hills;7
5730;85;101;1;land;false;hills;7
5731;117;107;1;land;true;mountain;7
5732;91;70;1;land;false;mountain;7
5733;25;231;1;land;false;hills;7
5734;52;214;1;land;false;plains;7
5735;67;226;1;land;false;plains;7
5736;56;247;1;land;false;plains;7
5737;30;231;1;land;false;hills;7
5738;42;214;1;land;false;hills;7
5739;81;249;1;land;false;hills;7
5740;85;227;1;land;false;hills;7
5741;31;253;1;land;false;hills;7
5742;70;245;1;land;false;hills;7
5743;74;221;1;land;false;plains;7
5744;29;236;1;land;false;plains;7
5745;82;225;1;land;false;hills;7
5746;20;243;1;land;false;plains;7
5747;83;226;1;land;false;hills;7
5748;72;238;1;land;false;plains;7
5749;52;108;1;land;false;hills;7
5750;43;132;1;land;true;plains;7
5751;46;133;1;land;false;plains;7
5752;64;126;1;land;false;plains;7
5753;23;132;1;land;false;plains;7
5754;51;130;1;land;false;plains;7
5755;6;92;1;land;false;plains;7
5756;57;85;1;land;false;hills;7
5757;42;116;1;land;false;hills;7
5758;38;122;1;land;false;plains;7
5759;58;64;1;land;false;plains;7
5760;35;56;1;land;true;hills;7
5761;47;56;1;land;true;hills;7
5762;51;18;1;land;true;hills;7
5763;19;34;1;land;false;mountain;7
5764;58;40;1;land;false;hills;7
5765;76;13;1;land;false;plains;7
5766;75;22;1;land;false;plains;7
5767;40;21;1;land;false;hills;7
5768;41;1;1;land;false;hills;7
5769;40;11;1;land;false;hills;7
5770;67;43;1;land;false;plains;7
5771;232;208;1;land;false;forest;7
5772;204;193;1;land;true;hills;7
5773;237;132;1;land;true;hills;7
5774;199;146;1;land;false;forest;7
5775;232;178;1;land;false;forest;7
5776;100;20;1;land;false;mountain;7
5777;107;18;1;land;false;hills;7
5778;92;15;1;land;false;mountain;7
5779;97;4;1;land;false;mountain;7
5780;57;48;1;land;false;hills;7
5781;95;37;1;land;false;hills;7
5782;104;21;1;land;false;mountain;7
5783;83;2;1;land;false;mountain;7
5784;116;16;1;land;true;hills;7
5785;94;13;1;land;true;plains;7
5786;88;51;1;land;false;plains;7
5787;59;28;1;land;true;mountain;7
5788;88;24;1;land;false;mountain;7
5789;101;37;1;land;false;hills;7
5790;97;12;1;land;false;mountain;7
5791;132;44;1;land;false;hills;7
5792;73;14;1;land;false;hills;7
5793;127;17;1;land;false;mountain;7
5794;33;32;1;land;true;mountain;7
5795;32;27;1;land;true;mountain;7
5796;22;44;1;land;false;mountain;7
5797;22;13;1;land;true;mountain;7
5798;37;33;1;land;false;hills;7
5799;16;25;1;land;true;plains;7
5800;3;38;1;land;true;mountain;7
5801;196;83;1;land;true;hills;7
5802;130;98;1;land;true;hills;7
5803;157;134;1;land;true;hills;7
5804;130;158;1;land;true;hills;7
5805;147;234;1;land;false;hills;7
5806;117;188;1;land;false;plains;7
5807;113;215;1;land;false;hills;7
5808;179;231;1;land;false;plains;7
5809;121;195;1;land;false;hills;7
5810;138;207;1;land;false;hills;7
5811;161;193;1;land;false;plains;7
5812;173;243;1;land;false;hills;7
5813;97;88;1;land;false;hills;7
5814;57;86;1;land;false;hills;7
5815;45;114;1;land;false;hills;7
5816;79;107;1;land;false;hills;7
5817;35;147;1;land;false;forest;7
5818;51;79;1;land;false;hills;7
5819;81;152;1;land;false;mountain;7
5820;66;91;1;land;false;hills;7
5821;77;82;1;land;false;hills;7
5822;35;99;1;land;false;hills;7
5823;93;141;1;land;false;hills;7
5824;75;114;1;land;false;forest;7
5825;49;31;1;land;false;mountain;7
5826;42;32;1;land;true;hills;7
5827;16;33;1;land;false;hills;7
5828;80;18;1;land;true;mountain;7
5829;22;12;1;land;true;hills;7
5830;54;29;1;land;true;hills;7
5831;234;48;1;land;false;plains;7
5832;219;44;1;land;false;plains;7
5833;213;52;1;land;false;hills;7
5834;220;88;1;land;false;mountain;7
5835;179;41;1;land;false;hills;7
5836;199;55;1;land;false;hills;7
5837;204;66;1;land;false;hills;7
5838;226;108;1;land;false;hills;7
5839;216;102;1;land;false;hills;7
5840;246;56;1;land;false;plains;7
5841;170;100;1;land;false;plains;7
5842;217;96;1;land;false;mountain;7
5843;246;58;1;land;false;hills;7
5844;204;108;1;land;false;hills;7
5845;191;45;1;land;false;plains;7
5846;181;230;1;land;false;plains;7
5847;178;193;1;land;false;hills;7
5848;171;210;1;land;false;hills;7
5849;187;191;1;land;false;plains;7
5850;162;215;1;land;false;hills;7
5851;152;227;1;land;false;forest;7
5852;149;176;1;land;false;forest;7
5853;201;212;1;land;false;hills;7
5854;172;205;1;land;false;plains;7
5855;126;121;1;land;false;hills;7
5856;89;93;1;land;false;hills;7
5857;140;82;1;land;false;hills;7
5858;94;96;1;land;false;mountain;7
5859;93;82;1;land;false;mountain;7
5860;142;127;1;land;false;hills;7
5861;122;90;1;land;false;hills;7
5862;141;123;1;land;false;mountain;7
5863;87;135;1;land;false;hills;7
5864;153;141;1;land;false;mountain;7
5865;76;210;1;land;false;hills;7
5866;135;209;1;land;false;hills;7
5867;76;211;1;land;false;hills;7
5868;59;221;1;land;false;mountain;7
5869;81;193;1;land;false;hills;7
5870;88;101;1;land;true;hills;7
5871;123;90;1;land;true;hills;7
5872;104;117;1;land;false;plains;7
5873;73;139;1;land;false;hills;7
5874;88;102;1;land;true;hills;7
5875;121;116;1;land;false;plains;7
5876;107;65;1;land;true;hills;7
5877;93;102;1;land;true;hills;7
5878;135;69;1;land;true;hills;7
5879;69;78;1;land;true;mountain;7
5880;90;118;1;land;true;hills;7
5881;61;174;1;land;true;mountain;7
5882;61;187;1;land;true;desert;7
5883;110;216;1;land;false;hills;7
5884;49;233;1;land;false;mountain;7
5885;117;178;1;land;false;hills;7
5886;81;200;1;land;false;mountain;7
5887;56;222;1;land;true;hills;7
5888;106;216;1;land;false;hills;7
5889;81;190;1;land;false;hills;7
5890;77;202;1;land;true;plains;7
5891;89;231;1;land;true;mountain;7
5892;80;189;1;land;true;mountain;7
5893;56;194;1;land;true;hills;7
5894;94;238;1;land;true;hills;7
5895;81;198;1;land;false;plains;7
5896;95;217;1;land;true;plains;7
5897;119;240;1;land;true;mountain;7
5898;89;222;1;land;true;desert;7
5899;111;238;1;land;false;mountain;7
5900;110;231;1;land;false;mountain;7
5901;123;187;1;land;false;mountain;7
5902;111;216;1;land;true;hills;7
5903;76;168;1;land;false;mountain;7
5904;120;162;1;land;true;plains;7
5905;92;219;1;land;false;hills;7
5906;103;187;1;land;false;plains;7
5907;100;169;1;land;false;hills;7
5908;78;184;1;land;false;hills;7
5909;41;60;1;land;false;hills;7
5910;44;94;1;land;false;hills;7
5911;53;107;1;land;false;hills;7
5912;56;109;1;land;false;hills;7
5913;50;103;1;land;true;hills;7
5914;12;119;1;land;false;mountain;7
5915;28;70;1;land;false;hills;7
5916;54;59;1;land;false;plains;7
5917;3;208;1;land;false;plains;7
5918;35;235;1;land;false;plains;7
5919;1;221;1;land;false;plains;7
5920;2;201;1;land;false;plains;7
5921;30;249;1;land;false;hills;7
5922;19;208;1;land;false;hills;7
5923;29;207;1;land;false;plains;7
5924;25;219;1;land;false;hills;7
5925;24;213;1;land;false;plains;7
5926;28;207;1;land;false;plains;7
5927;12;238;1;land;false;plains;7
5928;21;230;1;land;false;hills;7
5929;20;232;1;land;false;plains;7
5930;17;208;1;land;false;plains;7
5931;28;223;1;land;false;hills;7
5932;4;217;1;land;false;hills;7
5933;36;244;1;land;false;plains;7
5934;4;219;1;land;false;hills;7
5935;12;243;1;land;false;plains;7
5936;8;245;1;land;false;hills;7
5937;1;240;1;land;false;plains;7
5938;85;92;1;land;false;hills;7
5939;57;61;1;land;false;hills;7
5940;47;106;1;land;false;hills;7
5941;102;120;1;land;false;plains;7
5942;99;62;1;land;false;plains;7
5943;35;98;1;land;false;plains;7
5944;80;81;1;land;false;hills;7
5945;163;75;1;land;false;plains;7
5946;237;84;1;land;false;hills;7
5947;190;67;1;land;false;desert;7
5948;165;43;1;land;false;plains;7
5949;176;66;1;land;false;hills;7
5950;215;24;1;land;false;hills;7
5951;196;9;1;land;false;hills;7
5952;219;8;1;land;false;hills;7
5953;167;107;1;land;false;hills;7
5954;186;174;1;land;false;hills;7
5955;166;146;1;land;false;plains;7
5956;163;112;1;land;false;hills;7
5957;152;144;1;land;false;plains;7
5958;107;70;1;land;true;mountain;7
5959;94;35;1;land;true;hills;7
5960;97;68;1;land;false;mountain;7
5961;106;48;1;land;false;hills;7
5962;151;19;1;land;true;mountain;7
5963;90;38;1;land;true;mountain;7
5964;106;30;1;land;false;mountain;7
5965;126;26;1;land;false;hills;7
5966;121;159;1;land;false;hills;7
5967;88;199;1;land;false;hills;7
5968;68;160;1;land;false;hills;7
5969;91;170;1;land;false;hills;7
5970;77;161;1;land;false;hills;7
5971;68;193;1;land;false;hills;7
5972;86;184;1;land;false;mountain;7
5973;99;205;1;land;false;hills;7
5974;105;195;1;land;false;hills;7
5975;103;201;1;land;false;hills;7
5976;246;162;1;land;false;hills;7
5977;225;119;1;land;false;hills;7
5978;223;179;1;land;false;hills;7
5979;206;179;1;land;false;hills;7
5980;239;129;1;land;false;hills;7
5981;187;160;1;land;false;hills;7
5982;186;139;1;land;false;hills;7
5983;242;174;1;land;false;hills;7
5984;188;106;1;land;false;hills;7
5985;191;142;1;land;false;hills;7
5986;191;131;1;land;false;hills;7
5987;229;108;1;land;false;hills;7
5988;228;156;1;land;false;hills;7
5989;185;153;1;land;false;hills;7
5990;177;68;1;land;false;hills;7
5991;123;7;1;land;false;hills;7
5992;151;11;1;land;false;hills;7
5993;161;66;1;land;false;mountain;7
5994;141;24;1;land;false;hills;7
5995;170;1;1;land;false;forest;7
5996;127;23;1;land;false;hills;7
5997;184;63;1;land;false;hills;7
5998;160;66;1;land;false;forest;7
5999;128;23;1;land;false;mountain;7
6000;186;29;1;land;false;plains;7
6001;163;40;1;land;false;hills;7
6002;147;3;1;land;false;forest;7
6003;179;65;1;land;false;forest;7
6004;171;65;1;land;false;forest;7
6005;144;142;1;land;false;forest;7
6006;99;152;1;land;false;forest;7
6007;144;96;1;land;false;plains;7
6008;162;145;1;land;false;plains;7
6009;122;172;1;land;false;hills;7
6010;133;148;1;land;false;plains;7
6011;164;64;1;land;false;hills;7
6012;172;23;1;land;false;hills;7
6013;125;45;1;land;false;plains;7
6014;150;63;1;land;false;mountain;7
6015;194;66;1;land;false;hills;7
6016;169;18;1;land;false;hills;7
6017;168;28;1;land;false;plains;7
6018;155;28;1;land;false;plains;7
6019;168;89;1;land;false;hills;7
6020;187;18;1;land;false;plains;7
6021;96;221;1;land;false;plains;7
6022;95;176;1;land;true;hills;7
6023;127;232;1;land;false;hills;7
6024;62;165;1;land;false;hills;7
6025;118;231;1;land;false;plains;7
6026;129;204;1;land;false;plains;7
6027;76;214;1;land;false;plains;7
6028;77;197;1;land;false;plains;7
6029;129;175;1;land;false;plains;7
6030;55;216;1;land;false;hills;7
6031;123;216;1;land;false;plains;7
6032;95;193;1;land;true;plains;7
6033;99;224;1;land;false;plains;7
6034;70;220;1;land;true;hills;7
6035;92;175;1;land;false;plains;7
6036;77;213;1;land;false;hills;7
6037;82;205;1;land;true;hills;7
6038;77;192;1;land;false;plains;7
6039;94;169;1;land;false;plains;7
6040;97;216;1;land;false;plains;7
6041;55;210;1;land;true;hills;7
6042;96;199;1;land;false;plains;7
6043;54;128;1;land;false;hills;7
6044;33;108;1;land;false;hills;7
6045;63;93;1;land;false;hills;7
6046;110;121;1;land;false;hills;7
6047;85;62;1;land;false;hills;7
6048;71;118;1;land;false;plains;7
6049;37;124;1;land;false;hills;7
6050;77;68;1;land;false;hills;7
6051;52;105;1;land;false;mountain;7
6052;59;78;1;land;false;mountain;7
6053;191;46;1;land;false;hills;7
6054;166;51;1;land;false;mountain;7
6055;186;15;1;land;false;mountain;7
6056;174;59;1;land;false;hills;7
6057;200;68;1;land;false;plains;7
6058;189;33;1;land;false;hills;7
6059;226;45;1;land;false;hills;7
6060;193;10;1;land;false;hills;7
6061;211;88;1;land;false;desert;7
6062;243;80;1;land;false;plains;7
6063;168;86;1;land;false;desert;7
6064;180;18;1;land;false;hills;7
6065;210;54;1;land;false;hills;7
6066;233;70;1;land;false;desert;7
6067;190;52;1;land;false;desert;7
6068;196;73;1;land;false;hills;7
6069;175;27;1;land;false;hills;7
6070;224;52;1;land;false;mountain;7
6071;225;14;1;land;false;plains;7
6072;194;57;1;land;false;mountain;7
6073;209;68;1;land;false;hills;7
6074;227;17;1;land;false;hills;7
6075;206;40;1;land;false;plains;7
6076;182;87;1;land;false;mountain;7
6077;234;61;1;land;false;hills;7
6078;221;24;1;land;false;hills;7
6079;154;200;1;land;false;hills;7
6080;132;213;1;land;false;hills;7
6081;173;190;1;land;false;hills;7
6082;169;160;1;land;false;plains;7
6083;175;179;1;land;false;hills;7
6084;139;233;1;land;false;hills;7
6085;158;182;1;land;false;mountain;7
6086;107;237;1;land;false;mountain;7
6087;161;213;1;land;false;hills;7
6088;94;19;1;land;false;hills;7
6089;101;12;1;land;true;plains;7
6090;138;67;1;land;false;hills;7
6091;100;36;1;land;true;hills;7
6092;98;59;1;land;false;hills;7
6093;105;51;1;land;false;hills;7
6094;84;50;1;land;true;plains;7
6095;111;20;1;land;true;hills;7
6096;137;56;1;land;false;hills;7
6097;114;6;1;land;true;forest;7
6098;97;29;1;land;false;hills;7
6099;123;38;1;land;true;plains;7
6100;86;82;1;land;false;hills;7
6101;126;8;1;land;false;hills;7
6102;108;78;1;land;false;plains;7
6103;97;71;1;land;false;hills;7
6104;148;19;1;land;false;hills;7
6105;105;48;1;land;true;mountain;7
6106;137;61;1;land;false;hills;7
6107;150;13;1;land;true;hills;7
6108;117;19;1;land;false;hills;7
6109;146;61;1;land;true;mountain;7
6110;153;65;1;land;true;hills;7
6111;137;55;1;land;false;hills;7
6112;32;154;1;land;false;hills;7
6113;26;165;1;land;false;hills;7
6114;22;140;1;land;false;hills;7
6115;13;122;1;land;false;hills;7
6116;45;135;1;land;false;plains;7
6117;24;126;1;land;false;plains;7
6118;42;197;1;land;false;plains;7
6119;46;186;1;land;false;plains;7
6120;54;135;1;land;false;hills;7
6121;29;136;1;land;false;plains;7
6122;54;143;1;land;false;hills;7
6123;44;167;1;land;false;hills;7
6124;229;10;1;land;false;hills;7
6125;216;5;1;land;true;plains;7
6126;231;28;1;land;true;hills;7
6127;220;30;1;land;true;hills;7
6128;235;26;1;land;true;hills;7
6129;219;35;1;land;false;hills;7
6130;251;11;1;land;true;hills;7
6131;238;32;1;land;true;hills;7
6132;222;37;1;land;true;hills;7
6133;246;27;1;land;false;hills;7
6134;241;25;1;land;true;plains;7
6135;239;33;1;land;false;hills;7
6136;251;7;1;land;true;hills;7
6137;246;22;1;land;false;hills;7
6138;243;16;1;land;true;plains;7
6139;245;12;1;land;true;hills;7
6140;242;19;1;land;false;hills;7
6141;218;9;1;land;false;hills;7
6142;215;15;1;land;true;desert;7
6143;232;13;1;land;true;plains;7
6144;247;31;1;land;true;plains;7
6145;239;26;1;land;false;plains;7
6146;233;27;1;land;true;desert;7
6147;245;5;1;land;false;hills;7
6148;240;4;1;land;true;hills;7
6149;199;182;1;land;false;hills;7
6150;166;117;1;land;false;hills;7
6151;218;128;1;land;false;hills;7
6152;149;120;1;land;false;hills;7
6153;173;131;1;land;false;hills;7
6154;158;68;1;land;false;hills;7
6155;149;52;1;land;false;mountain;7
6156;147;31;1;land;false;hills;7
6157;128;58;1;land;false;plains;7
6158;182;38;1;land;false;plains;7
6159;173;56;1;land;false;hills;7
6160;200;65;1;land;false;forest;7
6161;184;31;1;land;false;hills;7
6162;171;21;1;land;false;hills;7
6163;179;54;1;land;false;mountain;7
6164;138;8;1;land;false;hills;7
6165;72;237;1;land;false;hills;7
6166;42;241;1;land;false;desert;7
6167;74;249;1;land;false;plains;7
6168;7;241;1;land;false;plains;7
6169;61;224;1;land;false;desert;7
6170;52;227;1;land;false;hills;7
6171;21;214;1;land;false;desert;7
6172;13;218;1;land;false;desert;7
6173;32;220;1;land;false;hills;7
6174;79;210;1;land;false;hills;7
6175;65;244;1;land;false;desert;7
6176;77;238;1;land;false;hills;7
6177;188;233;1;land;false;hills;7
6178;213;241;1;land;false;hills;7
6179;164;238;1;land;false;plains;7
6180;193;204;1;land;false;mountain;7
6181;207;200;1;land;false;hills;7
6182;172;228;1;land;false;hills;7
6183;184;209;1;land;true;hills;7
6184;217;233;1;land;false;plains;7
6185;175;240;1;land;false;hills;7
6186;162;202;1;land;false;hills;7
6187;173;233;1;land;false;hills;7
6188;226;206;1;land;false;hills;7
6189;225;212;1;land;true;plains;7
6190;164;207;1;land;false;hills;7
6191;206;206;1;land;false;hills;7
6192;217;204;1;land;false;hills;7
6193;186;237;1;land;true;mountain;7
6194;179;248;1;land;true;hills;7
6195;237;204;1;land;false;hills;7
6196;168;233;1;land;false;hills;7
6197;167;239;1;land;false;hills;7
6198;196;220;1;land;false;hills;7
6199;212;217;1;land;false;hills;7
6200;208;254;1;land;true;mountain;7
6201;166;253;1;land;false;plains;7
6202;229;247;1;land;false;hills;7
6203;173;226;1;land;false;hills;7
6204;190;225;1;land;true;plains;7
6205;179;227;1;land;false;plains;7
6206;196;244;1;land;true;mountain;7
6207;234;217;1;land;false;hills;7
6208;176;229;1;land;false;hills;7
6209;185;208;1;land;false;hills;7
6210;181;253;1;land;false;hills;7
6211;232;225;1;land;false;plains;7
6212;193;245;1;land;false;hills;7
6213;166;218;1;land;false;plains;7
6214;76;0;1;land;false;hills;7
6215;116;20;1;land;false;plains;7
6216;133;4;1;land;false;plains;7
6217;131;21;1;land;false;plains;7
6218;110;0;1;land;false;plains;7
6219;74;30;1;land;false;hills;7
6220;103;44;1;land;false;plains;7
6221;72;53;1;land;false;plains;7
6222;138;44;1;land;false;hills;7
6223;120;23;1;land;false;plains;7
6224;93;54;1;land;false;plains;7
6225;97;48;1;land;false;plains;7
6226;78;50;1;land;false;plains;7
6227;106;14;1;land;false;plains;7
6228;145;8;1;land;false;plains;7
6229;144;6;1;land;false;plains;7
6230;101;16;1;land;false;plains;7
6231;79;37;1;land;false;plains;7
6232;133;29;1;land;false;hills;7
6233;72;31;1;land;false;hills;7
6234;149;9;1;land;false;hills;7
6235;101;35;1;land;false;plains;7
6236;238;245;1;land;false;plains;7
6237;219;247;1;land;false;plains;7
6238;247;221;1;land;false;hills;7
6239;229;212;1;land;false;forest;7
6240;219;238;1;land;false;forest;7
6241;226;201;1;land;false;forest;7
6242;227;211;1;land;false;forest;7
6243;226;222;1;land;false;plains;7
6244;246;251;1;land;false;plains;7
6245;238;199;1;land;false;plains;7
6246;254;231;1;land;false;plains;7
6247;167;163;1;land;false;hills;7
6248;184;96;1;land;false;mountain;7
6249;150;163;1;land;false;forest;7
6250;169;102;1;land;false;hills;7
6251;150;132;1;land;false;hills;7
6252;150;94;1;land;false;forest;7
6253;186;144;1;land;false;plains;7
6254;204;99;1;land;false;plains;7
6255;215;129;1;land;false;hills;7
6256;185;214;1;land;false;plains;7
6257;191;241;1;land;false;plains;7
6258;175;190;1;land;false;plains;7
6259;193;250;1;land;false;hills;7
6260;144;213;1;land;false;mountain;7
6261;167;214;1;land;false;mountain;7
6262;180;193;1;land;true;mountain;7
6263;127;189;1;land;true;mountain;7
6264;137;244;1;land;false;hills;7
6265;192;250;1;land;true;desert;7
6266;66;77;1;land;false;hills;7
6267;93;110;1;land;false;hills;7
6268;17;117;1;land;false;hills;7
6269;63;62;1;land;false;hills;7
6270;55;98;1;land;false;hills;7
6271;67;53;1;land;false;hills;7
6272;94;105;1;land;false;hills;7
6273;36;118;1;land;false;hills;7
6274;42;105;1;land;false;hills;7
6275;4;145;1;land;false;mountain;7
6276;64;218;1;land;false;hills;7
6277;17;200;1;land;false;forest;7
6278;36;169;1;land;false;mountain;7
6279;20;175;1;land;false;hills;7
6280;16;181;1;land;false;mountain;7
6281;71;172;1;land;false;hills;7
6282;45;163;1;land;false;mountain;7
6283;1;144;1;land;false;mountain;7
6284;72;160;1;land;false;hills;7
6285;6;168;1;land;false;hills;7
6286;43;150;1;land;false;mountain;7
6287;4;178;1;land;false;hills;7
6288;66;152;1;land;false;hills;7
6289;1;170;1;land;false;hills;7
6290;67;201;1;land;false;hills;7
6291;189;80;1;land;false;hills;7
6292;248;92;1;land;false;hills;7
6293;213;99;1;land;false;hills;7
6294;212;106;1;land;false;hills;7
6295;191;68;1;land;false;mountain;7
6296;212;41;1;land;false;hills;7
6297;224;114;1;land;false;hills;7
6298;207;72;1;land;false;hills;7
6299;140;14;1;land;true;hills;7
6300;123;24;1;land;true;hills;7
6301;77;65;1;land;false;hills;7
6302;97;44;1;land;true;hills;7
6303;106;67;1;land;true;hills;7
6304;78;13;1;land;true;mountain;7
6305;95;21;1;land;false;hills;7
6306;80;56;1;land;false;hills;7
6307;61;57;1;land;true;plains;7
6308;64;44;1;land;false;hills;7
6309;70;27;1;land;false;plains;7
6310;85;158;1;land;true;mountain;7
6311;56;140;1;land;true;mountain;7
6312;61;181;1;land;true;mountain;7
6313;87;191;1;land;true;mountain;7
6314;18;49;1;land;false;hills;7
6315;28;79;1;land;false;hills;7
6316;11;89;1;land;false;hills;7
6317;42;100;1;land;false;hills;7
6318;48;104;1;land;false;hills;7
6319;15;79;1;land;false;hills;7
6320;22;104;1;land;false;mountain;7
6321;22;106;1;land;false;plains;7
6322;7;47;1;land;false;hills;7
6323;53;77;1;land;false;hills;7
6324;26;53;1;land;false;mountain;7
6325;0;68;1;land;false;plains;7
6326;9;65;1;land;false;hills;7
6327;35;104;1;land;false;hills;7
6328;48;72;1;land;false;hills;7
6329;21;77;1;land;false;hills;7
6330;9;72;1;land;false;plains;7
6331;52;50;1;land;false;mountain;7
6332;43;45;1;land;false;hills;7
6333;46;101;1;land;false;plains;7
6334;32;95;1;land;false;hills;7
6335;229;192;1;land;false;hills;7
6336;215;171;1;land;false;hills;7
6337;251;134;1;land;false;hills;7
6338;233;136;1;land;false;hills;7
6339;253;173;1;land;false;hills;7
6340;216;188;1;land;false;hills;7
6341;230;194;1;land;false;hills;7
6342;230;188;1;land;false;hills;7
6343;224;177;1;land;false;plains;7
6344;215;203;1;land;false;mountain;7
6345;218;146;1;land;false;hills;7
6346;242;201;1;land;false;hills;7
6347;211;209;1;land;false;hills;7
6348;242;136;1;land;false;hills;7
6349;230;182;1;land;false;hills;7
6350;232;168;1;land;false;hills;7
6351;36;61;1;land;false;hills;7
6352;53;105;1;land;false;mountain;7
6353;13;84;1;land;true;mountain;7
6354;18;114;1;land;false;hills;7
6355;15;102;1;land;false;hills;7
6356;22;71;1;land;false;hills;7
6357;40;75;1;land;false;hills;7
6358;44;101;1;land;false;hills;7
6359;46;60;1;land;false;hills;7
6360;8;53;1;land;false;mountain;7
6361;177;251;1;land;false;hills;7
6362;230;242;1;land;false;hills;7
6363;189;207;1;land;false;plains;7
6364;185;211;1;land;false;hills;7
6365;215;229;1;land;false;plains;7
6366;243;246;1;land;false;hills;7
6367;177;222;1;land;false;hills;7
6368;226;218;1;land;false;plains;7
6369;199;250;1;land;false;plains;7
6370;183;230;1;land;false;plains;7
6371;144;104;1;land;false;hills;7
6372;193;166;1;land;false;mountain;7
6373;161;109;1;land;false;hills;7
6374;179;147;1;land;false;hills;7
6375;171;129;1;land;false;hills;7
6376;158;102;1;land;false;hills;7
6377;168;147;1;land;false;hills;7
6378;217;119;1;land;false;hills;7
6379;180;130;1;land;false;plains;7
6380;176;156;1;land;false;hills;7
6381;242;228;1;land;true;mountain;7
6382;216;200;1;land;false;mountain;7
6383;224;225;1;land;false;hills;7
6384;217;243;1;land;false;plains;7
6385;218;207;1;land;true;mountain;7
6386;236;241;1;land;false;mountain;7
6387;252;220;1;land;true;plains;7
6388;215;195;1;land;false;hills;7
6389;231;213;1;land;false;mountain;7
6390;210;249;1;land;true;plains;7
6391;216;237;1;land;false;plains;7
6392;225;197;1;land;true;hills;7
6393;152;160;1;land;true;hills;7
6394;164;185;1;land;false;hills;7
6395;103;178;1;land;false;hills;7
6396;156;187;1;land;true;hills;7
6397;97;233;1;land;false;hills;7
6398;89;204;1;land;false;plains;7
6399;118;221;1;land;false;plains;7
6400;133;209;1;land;false;plains;7
6401;127;181;1;land;true;hills;7
6402;123;226;1;land;false;plains;7
6403;100;223;1;land;true;plains;7
6404;129;169;1;land;false;plains;7
6405;146;233;1;land;false;hills;7
6406;153;219;1;land;true;hills;7
6407;90;196;1;land;false;plains;7
6408;105;188;1;land;true;hills;7
6409;97;220;1;land;false;plains;7
6410;105;206;1;land;true;hills;7
6411;95;182;1;land;false;hills;7
6412;74;3;1;land;false;hills;7
6413;112;0;1;land;false;plains;7
6414;140;50;1;land;false;plains;7
6415;75;43;1;land;false;plains;7
6416;84;47;1;land;false;plains;7
6417;31;199;1;land;false;hills;7
6418;64;181;1;land;false;hills;7
6419;31;167;1;land;false;hills;7
6420;77;221;1;land;false;hills;7
6421;60;162;1;land;false;hills;7
6422;4;208;1;land;true;hills;7
6423;14;198;1;land;false;hills;7
6424;6;182;1;land;true;plains;7
6425;48;196;1;land;true;plains;7
6426;2;158;1;land;false;hills;7
6427;10;194;1;land;false;hills;7
6428;1;165;1;land;true;plains;7
6429;57;204;1;land;false;plains;7
6430;1;214;1;land;true;hills;7
6431;74;154;1;land;false;plains;7
6432;56;212;1;land;false;hills;7
6433;89;160;1;land;false;forest;7
6434;116;206;1;land;false;hills;7
6435;71;150;1;land;false;hills;7
6436;77;191;1;land;false;hills;7
6437;109;175;1;land;false;hills;7
6438;49;178;1;land;false;mountain;7
6439;117;183;1;land;false;forest;7
6440;68;185;1;land;false;desert;7
6441;73;193;1;land;false;hills;7
6442;72;143;1;land;false;hills;7
6443;93;58;1;land;false;forest;7
6444;83;41;1;land;false;forest;7
6445;104;5;1;land;false;forest;7
6446;77;31;1;land;false;forest;7
6447;63;15;1;land;false;hills;7
6448;77;45;1;land;false;forest;7
6449;84;36;1;land;false;forest;7
6450;105;33;1;land;false;forest;7
6451;101;13;1;land;false;forest;7
6452;74;63;1;land;false;desert;7
6453;43;24;1;land;false;desert;7
6454;114;41;1;land;false;plains;7
6455;86;53;1;land;false;plains;7
6456;21;148;1;land;false;hills;7
6457;70;194;1;land;false;hills;7
6458;18;137;1;land;false;hills;7
6459;86;176;1;land;false;hills;7
6460;40;185;1;land;false;plains;7
6461;244;229;1;land;false;plains;7
6462;177;241;1;land;false;hills;7
6463;246;247;1;land;false;hills;7
6464;200;227;1;land;false;hills;7
6465;249;244;1;land;false;hills;7
6466;208;213;1;land;false;hills;7
6467;201;204;1;land;false;plains;7
6468;213;206;1;land;false;plains;7
6469;240;220;1;land;false;mountain;7
6470;233;228;1;land;false;plains;7
6471;209;240;1;land;false;hills;7
6472;242;241;1;land;false;hills;7
6473;201;207;1;land;false;hills;7
6474;216;113;1;land;false;hills;7
6475;161;142;1;land;false;hills;7
6476;222;89;1;land;false;plains;7
6477;179;127;1;land;false;hills;7
6478;184;121;1;land;false;plains;7
6479;203;106;1;land;false;hills;7
6480;228;144;1;land;false;plains;7
6481;196;144;1;land;false;plains;7
6482;191;136;1;land;false;hills;7
6483;183;97;1;land;false;plains;7
6484;160;111;1;land;false;plains;7
6485;117;16;1;land;true;hills;7
6486;128;5;1;land;true;plains;7
6487;122;39;1;land;true;hills;7
6488;120;30;1;land;true;hills;7
6489;39;217;1;land;true;mountain;7
6490;26;203;1;land;true;hills;7
6491;40;197;1;land;false;hills;7
6492;25;210;1;land;true;mountain;7
6493;39;251;1;land;true;mountain;7
6494;36;203;1;land;false;hills;7
6495;8;230;1;land;true;forest;7
6496;1;226;1;land;false;hills;7
6497;236;55;1;land;false;hills;7
6498;231;63;1;land;false;hills;7
6499;228;88;1;land;false;hills;7
6500;244;49;1;land;false;desert;7
6501;235;42;1;land;false;hills;7
6502;241;39;1;land;false;hills;7
6503;216;57;1;land;false;hills;7
6504;250;95;1;land;false;mountain;7
6505;227;75;1;land;false;hills;7
6506;247;83;1;land;false;plains;7
6507;237;98;1;land;false;desert;7
6508;214;109;1;land;false;desert;7
6509;229;111;1;land;false;desert;7
6510;242;63;1;land;false;desert;7
6511;234;82;1;land;false;hills;7
6512;249;43;1;land;false;desert;7
6513;223;43;1;land;false;desert;7
6514;240;103;1;land;false;hills;7
6515;212;80;1;land;false;plains;7
6516;208;39;1;land;false;desert;7
6517;248;82;1;land;false;hills;7
6518;223;76;1;land;false;plains;7
6519;220;82;1;land;false;desert;7
6520;209;111;1;land;false;hills;7
6521;254;48;1;land;false;plains;7
6522;211;46;1;land;false;desert;7
6523;165;235;1;land;false;hills;7
6524;195;254;1;land;true;desert;7
6525;202;201;1;land;true;mountain;7
6526;198;239;1;land;false;hills;7
6527;145;206;1;land;false;mountain;7
6528;170;234;1;land;true;mountain;7
6529;146;238;1;land;true;mountain;7
6530;158;227;1;land;true;mountain;7
6531;161;216;1;land;false;hills;7
6532;175;207;1;land;false;hills;7
6533;190;254;1;land;true;hills;7
6534;31;203;1;land;false;mountain;7
6535;65;45;1;land;false;plains;7
6536;34;87;1;land;false;hills;7
6537;5;110;1;land;false;plains;7
6538;36;99;1;land;false;plains;7
6539;7;77;1;land;false;plains;7
6540;44;61;1;land;false;plains;7
6541;34;92;1;land;false;plains;7
6542;63;99;1;land;false;plains;7
6543;15;91;1;land;false;plains;7
6544;39;84;1;land;false;plains;7
6545;1;71;1;land;false;plains;7
6546;5;89;1;land;false;plains;7
6547;56;96;1;land;false;plains;7
6548;24;81;1;land;false;plains;7
6549;245;240;1;land;false;hills;7
6550;195;210;1;land;false;mountain;7
6551;209;214;1;land;false;hills;7
6552;195;238;1;land;true;hills;7
6553;225;248;1;land;false;mountain;7
6554;205;248;1;land;false;mountain;7
6555;197;207;1;land;true;plains;7
6556;248;179;1;land;false;mountain;7
6557;216;232;1;land;false;mountain;7
6558;209;221;1;land;true;mountain;7
6559;220;46;1;land;false;forest;7
6560;209;38;1;land;false;hills;7
6561;160;44;1;land;false;forest;7
6562;184;27;1;land;false;forest;7
6563;195;93;1;land;false;forest;7
6564;222;167;1;land;false;hills;7
6565;203;169;1;land;false;hills;7
6566;237;114;1;land;false;forest;7
6567;249;108;1;land;false;hills;7
6568;205;117;1;land;false;hills;7
6569;230;140;1;land;false;hills;7
6570;246;179;1;land;false;hills;7
6571;199;238;1;land;false;plains;7
6572;227;208;1;land;false;hills;7
6573;249;203;1;land;false;plains;7
6574;203;219;1;land;false;plains;7
6575;201;224;1;land;false;plains;7
6576;231;238;1;land;false;plains;7
6577;238;210;1;land;false;plains;7
6578;232;243;1;land;false;plains;7
6579;239;244;1;land;false;plains;7
6580;186;204;1;land;false;hills;7
6581;235;239;1;land;false;plains;7
6582;207;206;1;land;false;plains;7
6583;238;248;1;land;false;plains;7
6584;190;232;1;land;false;plains;7
6585;248;234;1;land;false;plains;7
6586;223;230;1;land;false;plains;7
6587;231;208;1;land;false;plains;7
6588;196;213;1;land;false;plains;7
6589;240;249;1;land;false;plains;7
6590;244;234;1;land;false;plains;7
6591;235;223;1;land;false;plains;7
6592;178;235;1;land;true;hills;7
6593;228;250;1;land;false;plains;7
6594;248;233;1;land;false;plains;7
6595;209;224;1;land;false;plains;7
6596;245;210;1;land;false;plains;7
6597;237;220;1;land;false;plains;7
6598;206;227;1;land;false;plains;7
6599;179;232;1;land;false;plains;7
6600;186;236;1;land;true;plains;7
6601;179;202;1;land;false;plains;7
6602;215;238;1;land;false;hills;7
6603;140;2;1;land;false;hills;7
6604;161;7;1;land;false;hills;7
6605;144;49;1;land;false;mountain;7
6606;99;23;1;land;false;mountain;7
6607;106;2;1;land;false;mountain;7
6608;162;9;1;land;false;hills;7
6609;165;3;1;land;false;hills;7
6610;150;33;1;land;false;hills;7
6611;97;53;1;land;false;mountain;7
6612;97;20;1;land;false;hills;7
6613;161;43;1;land;false;hills;7
6614;157;10;1;land;false;hills;7
6615;165;5;1;land;false;hills;7
6616;153;3;1;land;false;hills;7
6617;102;6;1;land;false;mountain;7
6618;96;26;1;land;false;hills;7
6619;117;22;1;land;false;hills;7
6620;170;20;1;land;false;mountain;7
6621;168;18;1;land;false;hills;7
6622;151;31;1;land;false;mountain;7
6623;108;12;1;land;false;mountain;7
6624;159;46;1;land;false;hills;7
6625;128;22;1;land;false;hills;7
6626;53;82;1;land;false;hills;7
6627;23;106;1;land;true;hills;7
6628;43;64;1;land;true;hills;7
6629;2;118;1;land;false;mountain;7
6630;21;130;1;land;true;plains;7
6631;1;127;1;land;false;plains;7
6632;39;68;1;land;false;mountain;7
6633;42;81;1;land;false;hills;7
6634;30;78;1;land;false;mountain;7
6635;1;128;1;land;true;hills;7
6636;38;97;1;land;false;plains;7
6637;0;119;1;land;false;mountain;7
6638;36;88;1;land;true;hills;7
6639;12;236;1;land;false;hills;7
6640;19;207;1;land;false;hills;7
6641;8;212;1;land;true;hills;7
6642;15;216;1;land;false;mountain;7
6643;13;251;1;land;true;hills;7
6644;10;244;1;land;true;hills;7
6645;37;223;1;land;true;hills;7
6646;12;203;1;land;true;hills;7
6647;21;250;1;land;false;forest;7
6648;8;204;1;land;true;hills;7
6649;35;231;1;land;false;hills;7
6650;184;94;1;land;false;hills;7
6651;232;127;1;land;false;hills;7
6652;213;151;1;land;false;forest;7
6653;201;101;1;land;false;hills;7
6654;226;117;1;land;false;plains;7
6655;225;153;1;land;false;hills;7
6656;216;123;1;land;false;hills;7
6657;173;104;1;land;false;plains;7
6658;231;114;1;land;false;forest;7
6659;202;129;1;land;false;plains;7
6660;160;157;1;land;false;plains;7
6661;190;90;1;land;false;hills;7
6662;186;138;1;land;false;plains;7
6663;224;152;1;land;false;plains;7
6664;177;130;1;land;false;plains;7
6665;226;164;1;land;false;hills;7
6666;160;167;1;land;false;plains;7
6667;213;129;1;land;false;plains;7
6668;174;144;1;land;false;plains;7
6669;192;110;1;land;false;hills;7
6670;226;106;1;land;false;hills;7
6671;193;152;1;land;false;hills;7
6672;172;97;1;land;false;forest;7
6673;188;91;1;land;false;hills;7
6674;170;126;1;land;false;plains;7
6675;167;159;1;land;false;plains;7
6676;65;100;1;land;false;desert;7
6677;34;123;1;land;false;plains;7
6678;64;113;1;land;false;desert;7
6679;99;50;1;land;false;hills;7
6680;70;63;1;land;false;plains;7
6681;41;65;1;land;false;desert;7
6682;60;104;1;land;false;plains;7
6683;80;64;1;land;false;desert;7
6684;77;89;1;land;false;plains;7
6685;60;113;1;land;false;desert;7
6686;85;110;1;land;false;desert;7
6687;38;99;1;land;false;desert;7
6688;36;68;1;land;false;plains;7
6689;80;194;1;land;true;plains;7
6690;36;154;1;land;true;plains;7
6691;63;156;1;land;false;hills;7
6692;230;244;1;land;false;hills;7
6693;252;198;1;land;false;hills;7
6694;254;249;1;land;false;hills;7
6695;254;238;1;land;false;hills;7
6696;242;192;1;land;false;hills;7
6697;190;219;1;land;true;mountain;7
6698;207;205;1;land;false;mountain;7
6699;229;203;1;land;false;hills;7
6700;199;209;1;land;true;mountain;7
6701;203;225;1;land;false;plains;7
6702;249;183;1;land;false;plains;7
6703;225;238;1;land;false;hills;7
6704;222;184;1;land;false;hills;7
6705;242;220;1;land;false;plains;7
6706;252;249;1;land;false;plains;7
6707;208;240;1;land;false;hills;7
6708;211;206;1;land;false;plains;7
6709;215;197;1;land;false;hills;7
6710;240;223;1;land;false;hills;7
6711;203;237;1;land;false;hills;7
6712;194;249;1;land;true;mountain;7
6713;222;235;1;land;false;hills;7
6714;189;186;1;land;false;mountain;7
6715;205;234;1;land;false;plains;7
6716;211;234;1;land;false;plains;7
6717;228;253;1;land;false;hills;7
6718;201;218;1;land;false;mountain;7
6719;206;247;1;land;false;hills;7
6720;236;240;1;land;false;hills;7
6721;242;181;1;land;false;hills;7
6722;184;252;1;land;false;hills;7
6723;249;185;1;land;false;plains;7
6724;111;46;1;land;false;plains;7
6725;154;3;1;land;false;plains;7
6726;111;19;1;land;false;plains;7
6727;156;7;1;land;false;plains;7
6728;99;48;1;land;false;plains;7
6729;94;26;1;land;false;plains;7
6730;98;49;1;land;false;plains;7
6731;122;77;1;land;false;plains;7
6732;99;49;1;land;false;plains;7
6733;153;16;1;land;false;plains;7
6734;61;158;1;land;false;hills;7
6735;112;166;1;land;true;hills;7
6736;109;183;1;land;true;mountain;7
6737;79;202;1;land;false;mountain;7
6738;74;145;1;land;false;forest;7
6739;94;189;1;land;false;hills;7
6740;136;211;1;land;false;hills;7
6741;75;193;1;land;false;hills;7
6742;79;196;1;land;false;forest;7
6743;114;183;1;land;true;forest;7
6744;109;200;1;land;false;hills;7
6745;121;158;1;land;false;mountain;7
6746;100;201;1;land;false;hills;7
6747;69;203;1;land;true;forest;7
6748;116;181;1;land;false;plains;7
6749;116;180;1;land;false;forest;7
6750;18;80;1;land;false;hills;7
6751;63;104;1;land;true;hills;7
6752;42;90;1;land;false;mountain;7
6753;58;50;1;land;true;hills;7
6754;53;73;1;land;false;hills;7
6755;11;82;1;land;false;hills;7
6756;7;160;1;land;false;mountain;7
6757;12;159;1;land;false;mountain;7
6758;37;198;1;land;false;mountain;7
6759;39;148;1;land;false;hills;7
6760;2;166;1;land;false;hills;7
6761;13;179;1;land;false;hills;7
6762;30;102;1;land;false;hills;7
6763;35;57;1;land;false;hills;7
6764;30;66;1;land;false;hills;7
6765;11;92;1;land;false;plains;7
6766;19;80;1;land;false;hills;7
6767;16;48;1;land;false;hills;7
6768;1;89;1;land;false;hills;7
6769;47;90;1;land;false;hills;7
6770;25;70;1;land;false;hills;7
6771;45;107;1;land;false;hills;7
6772;1;90;1;land;false;hills;7
6773;44;28;1;land;false;hills;7
6774;31;105;1;land;false;hills;7
6775;49;74;1;land;false;hills;7
6776;18;168;1;land;true;plains;7
6777;32;207;1;land;false;hills;7
6778;25;157;1;land;true;plains;7
6779;16;152;1;land;false;hills;7
6780;17;144;1;land;false;plains;7
6781;9;176;1;land;false;hills;7
6782;4;163;1;land;false;hills;7
6783;2;154;1;land;false;hills;7
6784;5;146;1;land;true;plains;7
6785;24;154;1;land;false;hills;7
6786;23;205;1;land;false;hills;7
6787;12;178;1;land;false;hills;7
6788;8;165;1;land;true;plains;7
6789;194;65;1;land;false;hills;7
6790;208;96;1;land;false;plains;7
6791;202;67;1;land;false;hills;7
6792;216;71;1;land;false;plains;7
6793;189;27;1;land;false;plains;7
6794;27;13;1;land;true;hills;7
6795;74;33;1;land;true;hills;7
6796;61;40;1;land;true;hills;7
6797;31;38;1;land;true;plains;7
6798;42;21;1;land;true;plains;7
6799;80;23;1;land;false;hills;7
6800;102;55;1;land;true;hills;7
6801;75;192;1;land;true;plains;7
6802;64;194;1;land;false;hills;7
6803;16;172;1;land;false;hills;7
6804;15;121;1;land;true;plains;7
6805;30;177;1;land;false;forest;7
6806;49;167;1;land;false;hills;7
6807;81;163;1;land;true;mountain;7
6808;11;127;1;land;false;hills;7
6809;45;121;1;land;false;forest;7
6810;54;140;1;land;false;forest;7
6811;51;192;1;land;false;hills;7
6812;43;170;1;land;false;forest;7
6813;9;136;1;land;false;mountain;7
6814;235;56;1;land;false;plains;7
6815;204;54;1;land;false;hills;7
6816;243;53;1;land;false;hills;7
6817;248;66;1;land;false;hills;7
6818;251;85;1;land;false;plains;7
6819;190;158;1;land;false;hills;7
6820;208;122;1;land;false;mountain;7
6821;211;173;1;land;false;mountain;7
6822;238;148;1;land;false;mountain;7
6823;219;128;1;land;false;hills;7
6824;243;163;1;land;false;plains;7
6825;219;155;1;land;false;plains;7
6826;253;132;1;land;false;plains;7
6827;177;122;1;land;false;hills;7
6828;214;124;1;land;false;mountain;7
6829;227;121;1;land;false;plains;7
6830;215;136;1;land;false;plains;7
6831;82;38;1;land;false;plains;7
6832;129;52;1;land;false;hills;7
6833;87;46;1;land;false;hills;7
6834;108;7;1;land;false;hills;7
6835;114;40;1;land;false;mountain;7
6836;134;48;1;land;false;hills;7
6837;81;11;1;land;false;hills;7
6838;80;32;1;land;false;plains;7
6839;81;0;1;land;false;hills;7
6840;87;47;1;land;false;mountain;7
6841;75;2;1;land;false;hills;7
6842;116;50;1;land;false;hills;7
6843;57;114;1;land;false;hills;7
6844;90;132;1;land;false;mountain;7
6845;60;101;1;land;false;hills;7
6846;90;150;1;land;false;mountain;7
6847;79;112;1;land;false;mountain;7
6848;65;140;1;land;false;mountain;7
6849;104;129;1;land;false;mountain;7
6850;120;120;1;land;false;hills;7
6851;61;147;1;land;false;mountain;7
6852;86;98;1;land;false;mountain;7
6853;80;147;1;land;false;mountain;7
6854;17;9;1;land;true;plains;7
6855;51;29;1;land;true;hills;7
6856;10;39;1;land;true;forest;7
6857;13;16;1;land;true;forest;7
6858;55;28;1;land;true;plains;7
6859;45;30;1;land;true;hills;7
6860;47;44;1;land;true;plains;7
6861;19;7;1;land;true;forest;7
6862;61;33;1;land;true;hills;7
6863;16;42;1;land;false;hills;7
6864;63;4;1;land;true;hills;7
6865;39;29;1;land;false;hills;7
6866;6;19;1;land;true;forest;7
6867;47;9;1;land;true;forest;7
6868;50;27;1;land;true;forest;7
6869;38;4;1;land;false;mountain;7
6870;50;8;1;land;true;mountain;7
6871;36;14;1;land;true;forest;7
6872;22;165;1;land;false;plains;7
6873;21;174;1;land;false;hills;7
6874;25;119;1;land;false;hills;7
6875;44;152;1;land;false;hills;7
6876;8;127;1;land;false;plains;7
6877;9;126;1;land;false;hills;7
6878;187;205;1;land;false;plains;7
6879;125;239;1;land;false;hills;7
6880;139;210;1;land;false;hills;7
6881;172;244;1;land;false;desert;7
6882;162;214;1;land;false;hills;7
6883;192;199;1;land;false;hills;7
6884;173;250;1;land;false;mountain;7
6885;182;234;1;land;false;mountain;7
6886;182;226;1;land;false;plains;7
6887;169;190;1;land;false;mountain;7
6888;197;195;1;land;false;mountain;7
6889;152;188;1;land;false;plains;7
6890;158;220;1;land;false;plains;7
6891;183;229;1;land;false;hills;7
6892;168;202;1;land;false;desert;7
6893;178;245;1;land;false;mountain;7
6894;131;246;1;land;false;plains;7
6895;128;254;1;land;false;hills;7
6896;119;187;1;land;false;mountain;7
6897;148;231;1;land;false;mountain;7
6898;100;117;1;land;false;hills;7
6899;166;67;1;land;false;hills;7
6900;119;124;1;land;true;mountain;7
6901;152;76;1;land;false;hills;7
6902;101;116;1;land;true;mountain;7
6903;147;96;1;land;false;hills;7
6904;142;100;1;land;false;hills;7
6905;149;76;1;land;true;mountain;7
6906;168;80;1;land;false;hills;7
6907;113;84;1;land;false;desert;7
6908;112;74;1;land;false;plains;7
6909;161;140;1;land;false;hills;7
6910;160;82;1;land;false;plains;7
6911;168;77;1;land;false;hills;7
6912;139;112;1;land;true;mountain;7
6913;160;116;1;land;false;hills;7
6914;114;124;1;land;false;desert;7
6915;128;138;1;land;false;plains;7
6916;157;85;1;land;false;hills;7
6917;136;120;1;land;false;plains;7
6918;139;68;1;land;false;desert;7
6919;98;137;1;land;false;hills;7
6920;102;116;1;land;false;mountain;7
6921;95;210;1;land;false;forest;7
6922;105;153;1;land;false;plains;7
6923;130;176;1;land;false;hills;7
6924;75;166;1;land;false;hills;7
6925;86;6;1;land;true;plains;7
6926;33;36;1;land;true;hills;7
6927;75;17;1;land;false;hills;7
6928;23;145;1;land;false;hills;7
6929;19;134;1;land;false;plains;7
6930;24;199;1;land;false;hills;7
6931;19;148;1;land;false;hills;7
6932;35;205;1;land;false;desert;7
6933;8;138;1;land;false;hills;7
6934;15;161;1;land;false;desert;7
6935;12;199;1;land;false;hills;7
6936;37;160;1;land;false;hills;7
6937;9;197;1;land;false;plains;7
6938;33;205;1;land;false;hills;7
6939;15;180;1;land;false;mountain;7
6940;29;183;1;land;false;hills;7
6941;38;162;1;land;false;hills;7
6942;20;157;1;land;false;desert;7
6943;3;146;1;land;false;hills;7
6944;13;155;1;land;false;mountain;7
6945;33;197;1;land;false;hills;7
6946;32;208;1;land;false;hills;7
6947;32;204;1;land;false;hills;7
6948;22;187;1;land;false;hills;7
6949;34;200;1;land;false;plains;7
6950;15;145;1;land;false;hills;7
6951;4;197;1;land;false;hills;7
6952;44;130;1;land;false;hills;7
6953;20;159;1;land;false;plains;7
6954;42;130;1;land;false;hills;7
6955;28;155;1;land;false;plains;7
6956;26;176;1;land;false;hills;7
6957;218;24;1;land;false;hills;7
6958;232;43;1;land;false;plains;7
6959;237;75;1;land;false;hills;7
6960;229;46;1;land;false;hills;7
6961;214;78;1;land;false;hills;7
6962;230;85;1;land;false;plains;7
6963;207;18;1;land;false;hills;7
6964;231;77;1;land;false;jungle;7
6965;221;79;1;land;false;hills;7
6966;239;67;1;land;false;mountain;7
6967;252;20;1;land;false;hills;7
6968;245;84;1;land;false;mountain;7
6969;245;29;1;land;false;jungle;7
6970;249;42;1;land;false;hills;7
6971;217;42;1;land;false;jungle;7
6972;241;16;1;land;false;jungle;7
6973;210;83;1;land;false;jungle;7
6974;220;53;1;land;false;hills;7
6975;246;30;1;land;false;hills;7
6976;215;45;1;land;false;hills;7
6977;250;34;1;land;false;hills;7
6978;245;17;1;land;false;hills;7
6979;231;81;1;land;false;mountain;7
6980;176;129;1;land;false;hills;7
6981;124;108;1;land;false;plains;7
6982;151;129;1;land;false;plains;7
6983;117;146;1;land;false;plains;7
6984;166;107;1;land;false;hills;7
6985;123;96;1;land;false;hills;7
6986;163;95;1;land;false;hills;7
6987;134;127;1;land;false;plains;7
6988;106;89;1;land;false;hills;7
6989;124;96;1;land;false;plains;7
6990;105;168;1;land;false;plains;7
6991;141;167;1;land;false;plains;7
6992;104;152;1;land;false;plains;7
6993;86;7;1;land;true;mountain;7
6994;103;10;1;land;true;hills;7
6995;157;18;1;land;false;mountain;7
6996;92;8;1;land;false;hills;7
6997;83;19;1;land;true;hills;7
6998;116;6;1;land;false;hills;7
6999;144;53;1;land;false;hills;7
7000;119;46;1;land;true;hills;7
7001;158;35;1;land;false;hills;7
7002;114;37;1;land;false;hills;7
7003;107;11;1;land;false;hills;7
7004;107;1;1;land;true;hills;7
7005;99;43;1;land;true;plains;7
7006;14;188;1;land;false;plains;7
7007;68;174;1;land;true;plains;7
7008;57;183;1;land;false;plains;7
7009;74;193;1;land;false;plains;7
7010;67;127;1;land;true;plains;7
7011;64;131;1;land;true;plains;7
7012;78;189;1;land;false;plains;7
7013;85;149;1;land;false;plains;7
7014;20;171;1;land;false;plains;7
7015;27;136;1;land;false;plains;7
7016;14;24;1;land;false;hills;7
7017;6;30;1;land;false;hills;7
7018;49;39;1;land;false;mountain;7
7019;22;10;1;land;false;plains;7
7020;181;162;1;land;false;hills;7
7021;204;93;1;land;false;mountain;7
7022;216;145;1;land;false;hills;7
7023;166;108;1;land;false;hills;7
7024;177;84;1;land;false;hills;7
7025;169;146;1;land;false;mountain;7
7026;170;97;1;land;false;hills;7
7027;150;85;1;land;false;mountain;7
7028;159;116;1;land;false;mountain;7
7029;187;157;1;land;false;hills;7
7030;181;120;1;land;false;plains;7
7031;210;151;1;land;false;hills;7
7032;222;86;1;land;false;plains;7
7033;155;94;1;land;false;hills;7
7034;155;87;1;land;false;mountain;7
7035;205;102;1;land;false;plains;7
7036;160;100;1;land;false;hills;7
7037;178;133;1;land;false;mountain;7
7038;157;117;1;land;false;plains;7
7039;108;132;1;land;true;mountain;7
7040;91;92;1;land;true;plains;7
7041;131;130;1;land;true;plains;7
7042;102;137;1;land;false;hills;7
7043;111;121;1;land;false;plains;7
7044;111;84;1;land;false;mountain;7
7045;90;123;1;land;true;mountain;7
7046;107;77;1;land;true;mountain;7
7047;88;105;1;land;true;hills;7
7048;84;81;1;land;true;mountain;7
7049;106;112;1;land;true;plains;7
7050;95;119;1;land;false;mountain;7
7051;96;88;1;land;true;plains;7
7052;79;129;1;land;false;mountain;7
7053;62;140;1;land;false;plains;7
7054;226;98;1;land;false;hills;7
7055;222;79;1;land;false;hills;7
7056;204;67;1;land;false;hills;7
7057;226;107;1;land;false;mountain;7
7058;229;93;1;land;false;hills;7
7059;217;112;1;land;false;plains;7
7060;114;138;1;land;false;mountain;7
7061;134;143;1;land;false;hills;7
7062;166;106;1;land;false;mountain;7
7063;162;80;1;land;false;hills;7
7064;152;127;1;land;false;plains;7
7065;117;140;1;land;false;plains;7
7066;112;83;1;land;false;hills;7
7067;150;148;1;land;false;plains;7
7068;148;105;1;land;false;hills;7
7069;125;70;1;land;false;plains;7
7070;136;93;1;land;false;hills;7
7071;131;70;1;land;true;hills;7
7072;130;129;1;land;true;hills;7
7073;133;129;1;land;false;hills;7
7074;107;108;1;land;true;plains;7
7075;115;142;1;land;false;plains;7
7076;101;68;1;land;true;hills;7
7077;141;67;1;land;false;hills;7
7078;167;133;1;land;true;hills;7
7079;102;65;1;land;false;plains;7
7080;138;100;1;land;true;plains;7
7081;171;121;1;land;false;plains;7
7082;123;200;1;land;true;plains;7
7083;82;212;1;land;true;plains;7
7084;117;234;1;land;true;plains;7
7085;103;240;1;land;true;hills;7
7086;130;168;1;land;false;plains;7
7087;108;167;1;land;false;hills;7
7088;146;169;1;land;false;plains;7
7089;121;223;1;land;false;mountain;7
7090;71;194;1;land;false;hills;7
7091;139;184;1;land;false;plains;7
7092;74;219;1;land;true;plains;7
7093;126;184;1;land;true;plains;7
7094;129;170;1;land;false;plains;7
7095;109;192;1;land;false;hills;7
7096;99;210;1;land;true;hills;7
7097;93;240;1;land;true;plains;7
7098;71;187;1;land;false;plains;7
7099;83;225;1;land;false;plains;7
7100;101;186;1;land;true;plains;7
7101;96;182;1;land;false;plains;7
7102;83;173;1;land;true;hills;7
7103;93;228;1;land;true;mountain;7
7104;82;224;1;land;true;hills;7
7105;78;202;1;land;false;plains;7
7106;109;214;1;land;false;plains;7
7107;16;104;1;land;false;hills;7
7108;17;113;1;land;false;hills;7
7109;80;61;1;land;false;hills;7
7110;78;59;1;land;false;hills;7
7111;14;89;1;land;false;hills;7
7112;27;114;1;land;false;forest;7
7113;59;66;1;land;false;plains;7
7114;175;68;1;land;false;hills;7
7115;140;89;1;land;false;plains;7
7116;151;51;1;land;false;plains;7
7117;144;65;1;land;false;plains;7
7118;213;56;1;land;false;hills;7
7119;147;86;1;land;false;plains;7
7120;158;64;1;land;false;mountain;7
7121;190;68;1;land;false;hills;7
7122;145;51;1;land;false;hills;7
7123;148;77;1;land;false;plains;7
7124;216;16;1;land;false;hills;7
7125;164;38;1;land;false;hills;7
7126;198;73;1;land;false;hills;7
7127;154;184;1;land;false;plains;7
7128;190;181;1;land;false;plains;7
7129;165;163;1;land;false;hills;7
7130;153;229;1;land;false;plains;7
7131;188;229;1;land;false;hills;7
7132;163;236;1;land;false;plains;7
7133;143;196;1;land;false;hills;7
7134;169;159;1;land;false;hills;7
7135;170;171;1;land;false;plains;7
7136;124;166;1;land;false;plains;7
7137;154;221;1;land;false;hills;7
7138;149;226;1;land;false;plains;7
7139;118;77;1;land;false;hills;7
7140;86;62;1;land;false;hills;7
7141;118;62;1;land;false;hills;7
7142;130;106;1;land;false;mountain;7
7143;105;61;1;land;false;mountain;7
7144;54;126;1;land;false;desert;7
7145;107;72;1;land;false;mountain;7
7146;249;12;1;land;true;hills;7
7147;215;85;1;land;true;hills;7
7148;194;62;1;land;true;hills;7
7149;231;65;1;land;true;hills;7
7150;242;33;1;land;true;plains;7
7151;239;39;1;land;false;plains;7
7152;253;60;1;land;true;hills;7
7153;104;31;1;land;false;hills;7
7154;118;73;1;land;false;hills;7
7155;104;77;1;land;false;hills;7
7156;103;13;1;land;false;hills;7
7157;163;64;1;land;false;hills;7
7158;135;78;1;land;false;hills;7
7159;129;26;1;land;false;hills;7
7160;166;6;1;land;false;hills;7
7161;136;21;1;land;false;hills;7
7162;137;52;1;land;false;hills;7
7163;127;78;1;land;false;hills;7
7164;117;75;1;land;false;plains;7
7165;148;27;1;land;false;hills;7
7166;119;173;1;land;false;hills;7
7167;88;217;1;land;false;plains;7
7168;144;167;1;land;false;mountain;7
7169;126;188;1;land;false;hills;7
7170;155;164;1;land;false;hills;7
7171;99;168;1;land;false;hills;7
7172;113;146;1;land;true;mountain;7
7173;99;177;1;land;false;hills;7
7174;149;184;1;land;true;desert;7
7175;98;156;1;land;false;hills;7
7176;94;211;1;land;true;desert;7
7177;125;205;1;land;false;plains;7
7178;155;152;1;land;false;plains;7
7179;96;223;1;land;false;plains;7
7180;208;3;1;land;false;plains;7
7181;157;5;1;land;false;plains;7
7182;207;59;1;land;false;plains;7
7183;216;4;1;land;false;plains;7
7184;148;14;1;land;false;plains;7
7185;213;35;1;land;false;plains;7
7186;177;39;1;land;false;plains;7
7187;163;20;1;land;false;plains;7
7188;215;33;1;land;false;plains;7
7189;154;43;1;land;false;plains;7
7190;170;60;1;land;false;plains;7
7191;186;14;1;land;false;plains;7
7192;177;6;1;land;false;plains;7
7193;174;50;1;land;false;hills;7
7194;180;139;1;land;false;mountain;7
7195;152;129;1;land;false;mountain;7
7196;144;147;1;land;false;mountain;7
7197;179;136;1;land;false;hills;7
7198;172;121;1;land;false;plains;7
7199;176;149;1;land;false;hills;7
7200;156;102;1;land;false;hills;7
7201;190;199;1;land;false;hills;7
7202;213;217;1;land;false;plains;7
7203;240;216;1;land;false;hills;7
7204;234;184;1;land;false;hills;7
7205;180;247;1;land;false;plains;7
7206;233;240;1;land;false;hills;7
7207;193;234;1;land;false;hills;7
7208;183;184;1;land;false;mountain;7
7209;221;196;1;land;true;hills;7
7210;188;240;1;land;false;plains;7
7211;164;212;1;land;true;hills;7
7212;213;227;1;land;false;hills;7
7213;209;209;1;land;false;plains;7
7214;206;78;1;land;true;hills;7
7215;147;20;1;land;true;plains;7
7216;185;27;1;land;false;plains;7
7217;181;86;1;land;false;hills;7
7218;87;178;1;land;false;hills;7
7219;141;189;1;land;true;forest;7
7220;84;201;1;land;true;hills;7
7221;217;137;1;land;false;mountain;7
7222;241;147;1;land;false;hills;7
7223;234;158;1;land;false;plains;7
7224;227;167;1;land;false;forest;7
7225;243;203;1;land;false;mountain;7
7226;244;173;1;land;false;hills;7
7227;254;172;1;land;false;hills;7
7228;235;164;1;land;false;plains;7
7229;222;186;1;land;false;mountain;7
7230;253;46;1;land;false;hills;7
7231;200;70;1;land;false;mountain;7
7232;199;43;1;land;false;mountain;7
7233;196;76;1;land;false;mountain;7
7234;121;63;1;land;true;mountain;7
7235;165;33;1;land;true;plains;7
7236;114;22;1;land;true;mountain;7
7237;175;11;1;land;true;plains;7
7238;43;184;1;land;false;hills;7
7239;12;153;1;land;true;mountain;7
7240;56;136;1;land;false;mountain;7
7241;23;169;1;land;false;hills;7
7242;26;153;1;land;false;hills;7
7243;74;148;1;land;false;mountain;7
7244;202;177;1;land;true;plains;7
7245;209;160;1;land;true;plains;7
7246;247;152;1;land;true;hills;7
7247;104;99;1;land;false;hills;7
7248;94;147;1;land;false;plains;7
7249;105;143;1;land;false;hills;7
7250;108;116;1;land;false;hills;7
7251;101;142;1;land;false;plains;7
7252;58;117;1;land;false;hills;7
7253;95;85;1;land;false;plains;7
7254;101;115;1;land;true;hills;7
7255;84;87;1;land;true;plains;7
7256;104;125;1;land;true;plains;7
7257;98;83;1;land;false;hills;7
7258;68;69;1;land;false;hills;7
7259;51;149;1;land;true;hills;7
7260;111;120;1;land;false;hills;7
7261;49;93;1;land;false;plains;7
7262;104;108;1;land;false;plains;7
7263;98;87;1;land;true;hills;7
7264;51;76;1;land;false;plains;7
7265;108;85;1;land;true;hills;7
7266;69;137;1;land;false;hills;7
7267;223;165;1;land;false;hills;7
7268;240;161;1;land;true;hills;7
7269;227;119;1;land;true;hills;7
7270;227;180;1;land;true;hills;7
7271;242;179;1;land;true;hills;7
7272;245;173;1;land;true;hills;7
7273;224;109;1;land;true;hills;7
7274;240;162;1;land;true;hills;7
7275;254;137;1;land;true;hills;7
7276;227;166;1;land;true;hills;7
7277;246;127;1;land;false;plains;7
7278;228;165;1;land;false;hills;7
7279;120;53;1;land;false;hills;7
7280;130;10;1;land;false;hills;7
7281;165;56;1;land;true;hills;7
7282;136;4;1;land;true;hills;7
7283;128;3;1;land;false;hills;7
7284;161;27;1;land;true;plains;7
7285;53;96;1;land;false;plains;7
7286;0;56;1;land;false;plains;7
7287;6;76;1;land;false;hills;7
7288;30;56;1;land;false;hills;7
7289;55;86;1;land;false;hills;7
7290;24;98;1;land;false;plains;7
7291;55;103;1;land;false;plains;7
7292;21;126;1;land;false;plains;7
7293;59;69;1;land;false;hills;7
7294;72;94;1;land;false;hills;7
7295;39;91;1;land;false;hills;7
7296;39;52;1;land;false;plains;7
7297;10;119;1;land;false;plains;7
7298;34;61;1;land;false;hills;7
7299;65;107;1;land;false;mountain;7
7300;66;56;1;land;false;plains;7
7301;27;125;1;land;false;plains;7
7302;67;112;1;land;false;plains;7
7303;54;91;1;land;false;plains;7
7304;32;96;1;land;false;plains;7
7305;12;60;1;land;false;hills;7
7306;21;80;1;land;false;plains;7
7307;1;109;1;land;false;hills;7
7308;6;80;1;land;false;plains;7
7309;37;126;1;land;false;hills;7
7310;11;80;1;land;false;plains;7
7311;4;93;1;land;false;hills;7
7312;3;80;1;land;false;hills;7
7313;26;93;1;land;false;hills;7
7314;70;95;1;land;false;plains;7
7315;45;124;1;land;false;plains;7
7316;4;120;1;land;false;plains;7
7317;57;117;1;land;false;plains;7
7318;0;126;1;land;false;plains;7
7319;67;99;1;land;false;hills;7
7320;9;60;1;land;false;plains;7
7321;37;119;1;land;false;plains;7
7322;56;99;1;land;false;plains;7
7323;16;125;1;land;false;plains;7
7324;22;85;1;land;false;hills;7
7325;38;79;1;land;false;hills;7
7326;24;73;1;land;false;hills;7
7327;42;95;1;land;false;plains;7
7328;39;117;1;land;false;plains;7
7329;67;77;1;land;false;plains;7
7330;5;59;1;land;false;hills;7
7331;13;81;1;land;false;plains;7
7332;33;249;1;land;false;hills;7
7333;20;248;1;land;false;hills;7
7334;29;211;1;land;false;plains;7
7335;46;222;1;land;false;hills;7
7336;40;229;1;land;false;plains;7
7337;36;212;1;land;false;mountain;7
7338;28;235;1;land;false;hills;7
7339;24;223;1;land;false;plains;7
7340;49;205;1;land;false;hills;7
7341;36;196;1;land;false;mountain;7
7342;23;218;1;land;false;hills;7
7343;11;212;1;land;false;plains;7
7344;28;201;1;land;false;hills;7
7345;0;208;1;land;false;plains;7
7346;44;206;1;land;false;hills;7
7347;14;217;1;land;false;plains;7
7348;1;254;1;land;false;plains;7
7349;45;246;1;land;false;hills;7
7350;35;252;1;land;false;hills;7
7351;38;218;1;land;false;hills;7
7352;36;246;1;land;false;hills;7
7353;45;196;1;land;false;plains;7
7354;2;209;1;land;false;mountain;7
7355;181;102;1;land;false;mountain;7
7356;174;156;1;land;false;forest;7
7357;165;154;1;land;false;forest;7
7358;176;148;1;land;false;mountain;7
7359;233;106;1;land;false;hills;7
7360;192;162;1;land;false;forest;7
7361;174;203;1;land;false;hills;7
7362;212;190;1;land;false;hills;7
7363;172;187;1;land;false;hills;7
7364;209;203;1;land;false;hills;7
7365;156;196;1;land;false;hills;7
7366;147;193;1;land;false;hills;7
7367;206;195;1;land;false;hills;7
7368;147;196;1;land;false;mountain;7
7369;165;230;1;land;false;hills;7
7370;195;199;1;land;false;hills;7
7371;188;245;1;land;false;hills;7
7372;157;241;1;land;false;hills;7
7373;148;202;1;land;false;hills;7
7374;199;195;1;land;false;hills;7
7375;206;215;1;land;false;hills;7
7376;38;158;1;land;false;hills;7
7377;93;221;1;land;false;hills;7
7378;80;217;1;land;false;hills;7
7379;42;165;1;land;false;plains;7
7380;93;218;1;land;false;plains;7
7381;87;181;1;land;false;plains;7
7382;58;169;1;land;false;hills;7
7383;45;182;1;land;false;plains;7
7384;84;209;1;land;false;plains;7
7385;243;188;1;land;false;mountain;7
7386;209;205;1;land;false;mountain;7
7387;205;194;1;land;false;mountain;7
7388;199;180;1;land;true;hills;7
7389;211;226;1;land;true;hills;7
7390;215;194;1;land;false;mountain;7
7391;228;182;1;land;false;hills;7
7392;145;61;1;land;false;mountain;7
7393;85;42;1;land;false;hills;7
7394;127;61;1;land;false;hills;7
7395;122;55;1;land;false;mountain;7
7396;160;57;1;land;false;hills;7
7397;151;25;1;land;false;mountain;7
7398;91;3;1;land;false;hills;7
7399;116;8;1;land;false;mountain;7
7400;98;66;1;land;false;hills;7
7401;96;25;1;land;false;hills;7
7402;135;63;1;land;false;hills;7
7403;36;190;1;land;false;hills;7
7404;45;173;1;land;false;hills;7
7405;30;205;1;land;false;hills;7
7406;36;131;1;land;false;hills;7
7407;46;209;1;land;false;mountain;7
7408;32;170;1;land;false;hills;7
7409;9;137;1;land;false;desert;7
7410;5;173;1;land;false;hills;7
7411;44;194;1;land;false;hills;7
7412;36;192;1;land;false;hills;7
7413;28;133;1;land;false;hills;7
7414;47;150;1;land;false;hills;7
7415;0;136;1;land;false;hills;7
7416;40;198;1;land;false;hills;7
7417;55;224;1;land;true;hills;7
7418;83;217;1;land;true;hills;7
7419;82;215;1;land;true;plains;7
7420;92;236;1;land;true;hills;7
7421;18;100;1;land;false;plains;7
7422;0;130;1;land;true;hills;7
7423;11;109;1;land;true;plains;7
7424;23;121;1;land;false;forest;7
7425;240;147;1;land;true;hills;7
7426;207;147;1;land;true;hills;7
7427;214;117;1;land;true;plains;7
7428;191;115;1;land;true;hills;7
7429;186;98;1;land;false;plains;7
7430;190;162;1;land;false;plains;7
7431;180;132;1;land;false;hills;7
7432;216;114;1;land;true;hills;7
7433;235;90;1;land;true;hills;7
7434;196;156;1;land;true;plains;7
7435;199;92;1;land;true;plains;7
7436;174;106;1;land;false;plains;7
7437;198;99;1;land;false;plains;7
7438;206;100;1;land;true;plains;7
7439;237;165;1;land;false;mountain;7
7440;171;102;1;land;false;hills;7
7441;197;140;1;land;true;hills;7
7442;75;174;1;land;true;plains;7
7443;120;177;1;land;true;plains;7
7444;135;178;1;land;true;hills;7
7445;117;167;1;land;false;plains;7
7446;65;187;1;land;true;plains;7
7447;80;213;1;land;true;plains;7
7448;126;222;1;land;true;plains;7
7449;67;180;1;land;true;hills;7
7450;144;233;1;land;true;plains;7
7451;92;192;1;land;false;plains;7
7452;102;219;1;land;true;plains;7
7453;67;225;1;land;true;plains;7
7454;117;187;1;land;false;plains;7
7455;120;97;1;land;false;mountain;7
7456;70;111;1;land;false;hills;7
7457;108;118;1;land;false;hills;7
7458;73;78;1;land;false;hills;7
7459;53;113;1;land;false;plains;7
7460;88;72;1;land;false;plains;7
7461;100;51;1;land;false;plains;7
7462;52;119;1;land;false;hills;7
7463;107;99;1;land;false;mountain;7
7464;54;95;1;land;false;plains;7
7465;115;112;1;land;false;hills;7
7466;91;89;1;land;false;plains;7
7467;63;121;1;land;false;hills;7
7468;94;101;1;land;false;plains;7
7469;107;111;1;land;false;hills;7
7470;119;105;1;land;false;hills;7
7471;50;72;1;land;false;plains;7
7472;118;78;1;land;false;mountain;7
7473;75;79;1;land;false;plains;7
7474;72;125;1;land;false;mountain;7
7475;36;229;1;land;false;mountain;7
7476;5;240;1;land;false;hills;7
7477;19;201;1;land;false;hills;7
7478;39;214;1;land;false;hills;7
7479;0;196;1;land;false;hills;7
7480;19;205;1;land;false;hills;7
7481;120;219;1;land;false;forest;7
7482;152;185;1;land;true;hills;7
7483;189;232;1;land;true;forest;7
7484;184;201;1;land;false;plains;7
7485;158;201;1;land;true;forest;7
7486;145;195;1;land;false;forest;7
7487;189;204;1;land;false;forest;7
7488;152;214;1;land;false;forest;7
7489;112;200;1;land;false;hills;7
7490;172;204;1;land;false;forest;7
7491;173;185;1;land;true;forest;7
7492;127;200;1;land;true;forest;7
7493;120;197;1;land;false;hills;7
7494;120;234;1;land;true;mountain;7
7495;154;204;1;land;false;forest;7
7496;88;152;1;land;false;mountain;7
7497;72;207;1;land;false;hills;7
7498;51;187;1;land;false;hills;7
7499;65;158;1;land;false;mountain;7
7500;99;192;1;land;false;mountain;7
7501;89;158;1;land;true;plains;7
7502;57;196;1;land;false;desert;7
7503;70;225;1;land;false;mountain;7
7504;96;172;1;land;false;plains;7
7505;41;110;1;land;false;plains;7
7506;82;101;1;land;false;hills;7
7507;64;91;1;land;false;hills;7
7508;82;111;1;land;false;plains;7
7509;28;55;1;land;false;hills;7
7510;34;84;1;land;false;hills;7
7511;41;85;1;land;false;plains;7
7512;22;70;1;land;false;mountain;7
7513;44;62;1;land;false;hills;7
7514;41;47;1;land;false;hills;7
7515;48;35;1;land;false;hills;7
7516;200;45;1;land;false;hills;7
7517;183;54;1;land;false;mountain;7
7518;224;59;1;land;false;mountain;7
7519;132;52;1;land;false;forest;7
7520;108;23;1;land;false;forest;7
7521;136;30;1;land;true;mountain;7
7522;134;25;1;land;false;hills;7
7523;137;13;1;land;false;forest;7
7524;127;20;1;land;false;forest;7
7525;142;3;1;land;false;forest;7
7526;105;19;1;land;false;forest;7
7527;117;30;1;land;false;forest;7
7528;83;26;1;land;false;hills;7
7529;93;30;1;land;false;forest;7
7530;101;56;1;land;false;forest;7
7531;64;51;1;land;false;hills;7
7532;107;42;1;land;false;hills;7
7533;129;42;1;land;false;forest;7
7534;106;29;1;land;false;hills;7
7535;125;14;1;land;false;forest;7
7536;135;1;1;land;false;hills;7
7537;114;54;1;land;false;forest;7
7538;93;11;1;land;false;hills;7
7539;128;53;1;land;false;forest;7
7540;74;29;1;land;false;forest;7
7541;130;15;1;land;false;forest;7
7542;111;34;1;land;false;hills;7
7543;97;42;1;land;false;forest;7
7544;204;144;1;land;false;hills;7
7545;203;152;1;land;false;hills;7
7546;211;137;1;land;false;hills;7
7547;214;176;1;land;false;plains;7
7548;220;240;1;land;true;plains;7
7549;234;230;1;land;true;plains;7
7550;234;246;1;land;false;hills;7
7551;222;213;1;land;true;hills;7
7552;177;12;1;land;false;hills;7
7553;182;8;1;land;false;hills;7
7554;153;1;1;land;false;hills;7
7555;41;67;1;land;true;jungle;7
7556;60;130;1;land;true;jungle;7
7557;100;138;1;land;false;hills;7
7558;93;101;1;land;true;jungle;7
7559;50;113;1;land;true;plains;7
7560;68;71;1;land;true;hills;7
7561;46;125;1;land;true;hills;7
7562;111;131;1;land;true;plains;7
7563;63;106;1;land;true;hills;7
7564;104;134;1;land;true;hills;7
7565;78;139;1;land;false;jungle;7
7566;113;118;1;land;true;plains;7
7567;95;124;1;land;true;jungle;7
7568;38;141;1;land;false;hills;7
7569;105;107;1;land;true;plains;7
7570;93;146;1;land;true;hills;7
7571;90;124;1;land;true;plains;7
7572;93;126;1;land;true;hills;7
7573;50;115;1;land;false;jungle;7
7574;215;236;1;land;true;hills;7
7575;235;240;1;land;true;hills;7
7576;224;220;1;land;false;hills;7
7577;247;218;1;land;false;hills;7
7578;216;254;1;land;true;hills;7
7579;216;230;1;land;false;hills;7
7580;222;220;1;land;false;hills;7
7581;253;224;1;land;true;hills;7
7582;251;232;1;land;false;hills;7
7583;222;237;1;land;false;hills;7
7584;115;222;1;land;false;hills;7
7585;173;217;1;land;false;hills;7
7586;176;209;1;land;false;mountain;7
7587;155;254;1;land;false;hills;7
7588;159;253;1;land;false;plains;7
7589;175;211;1;land;false;plains;7
7590;178;233;1;land;false;hills;7
7591;166;235;1;land;false;hills;7
7592;179;249;1;land;false;plains;7
7593;117;240;1;land;true;plains;7
7594;145;214;1;land;false;plains;7
7595;110;203;1;land;false;plains;7
7596;147;254;1;land;true;hills;7
7597;134;248;1;land;true;plains;7
7598;180;246;1;land;false;hills;7
7599;129;253;1;land;false;hills;7
7600;106;218;1;land;false;hills;7
7601;150;240;1;land;false;plains;7
7602;163;248;1;land;false;hills;7
7603;114;202;1;land;false;plains;7
7604;172;235;1;land;true;hills;7
7605;122;206;1;land;false;hills;7
7606;167;254;1;land;true;plains;7
7607;142;208;1;land;false;hills;7
7608;151;238;1;land;false;hills;7
7609;161;214;1;land;false;plains;7
7610;174;237;1;land;false;plains;7
7611;153;239;1;land;true;hills;7
7612;108;234;1;land;false;plains;7
7613;176;214;1;land;false;plains;7
7614;135;215;1;land;false;plains;7
7615;199;126;1;land;false;hills;7
7616;192;146;1;land;false;mountain;7
7617;204;132;1;land;false;mountain;7
7618;147;149;1;land;false;mountain;7
7619;135;170;1;land;false;mountain;7
7620;71;11;1;land;true;plains;7
7621;55;35;1;land;true;hills;7
7622;184;214;1;land;false;hills;7
7623;162;208;1;land;false;plains;7
7624;192;205;1;land;false;plains;7
7625;196;234;1;land;false;hills;7
7626;163;245;1;land;false;plains;7
7627;167;236;1;land;false;plains;7
7628;169;243;1;land;false;plains;7
7629;182;191;1;land;false;hills;7
7630;188;194;1;land;false;hills;7
7631;153;242;1;land;false;plains;7
7632;180;243;1;land;false;mountain;7
7633;206;252;1;land;false;plains;7
7634;217;246;1;land;false;hills;7
7635;187;197;1;land;false;hills;7
7636;155;245;1;land;false;plains;7
7637;184;208;1;land;false;hills;7
7638;191;219;1;land;false;plains;7
7639;211;253;1;land;false;mountain;7
7640;196;210;1;land;false;plains;7
7641;204;242;1;land;false;plains;7
7642;193;203;1;land;false;hills;7
7643;207;233;1;land;false;mountain;7
7644;228;243;1;land;false;plains;7
7645;193;221;1;land;false;plains;7
7646;151;248;1;land;false;plains;7
7647;127;79;1;land;false;forest;7
7648;118;123;1;land;false;forest;7
7649;128;52;1;land;false;hills;7
7650;114;91;1;land;false;forest;7
7651;61;56;1;land;false;forest;7
7652;77;115;1;land;false;plains;7
7653;81;98;1;land;false;forest;7
7654;241;157;1;land;false;hills;7
7655;208;185;1;land;false;hills;7
7656;217;188;1;land;false;hills;7
7657;219;180;1;land;false;plains;7
7658;201;175;1;land;false;plains;7
7659;248;175;1;land;false;hills;7
7660;225;221;1;land;false;plains;7
7661;249;186;1;land;false;plains;7
7662;206;162;1;land;false;hills;7
7663;238;164;1;land;false;plains;7
7664;224;147;1;land;false;hills;7
7665;234;218;1;land;false;hills;7
7666;231;200;1;land;false;hills;7
7667;210;143;1;land;false;hills;7
7668;230;162;1;land;false;plains;7
7669;15;90;1;land;true;hills;7
7670;49;59;1;land;true;mountain;7
7671;29;91;1;land;false;hills;7
7672;16;63;1;land;false;hills;7
7673;29;46;1;land;false;mountain;7
7674;32;87;1;land;false;mountain;7
7675;3;106;1;land;false;mountain;7
7676;24;85;1;land;false;mountain;7
7677;4;68;1;land;false;mountain;7
7678;13;116;1;land;false;mountain;7
7679;32;86;1;land;false;hills;7
7680;44;56;1;land;false;hills;7
7681;31;70;1;land;true;mountain;7
7682;20;108;1;land;true;hills;7
7683;18;48;1;land;false;hills;7
7684;38;63;1;land;false;mountain;7
7685;30;58;1;land;false;hills;7
7686;34;80;1;land;false;hills;7
7687;24;117;1;land;false;mountain;7
7688;24;47;1;land;true;hills;7
7689;10;58;1;land;false;mountain;7
7690;5;105;1;land;false;mountain;7
7691;28;46;1;land;false;mountain;7
7692;170;203;1;land;true;forest;7
7693;118;227;1;land;true;plains;7
7694;145;235;1;land;false;mountain;7
7695;135;240;1;land;true;plains;7
7696;184;225;1;land;false;hills;7
7697;55;66;1;land;false;hills;7
7698;33;109;1;land;false;hills;7
7699;46;44;1;land;false;hills;7
7700;222;132;1;land;false;hills;7
7701;210;185;1;land;false;hills;7
7702;185;144;1;land;false;plains;7
7703;183;145;1;land;false;hills;7
7704;165;197;1;land;false;hills;7
7705;161;130;1;land;false;hills;7
7706;217;171;1;land;false;hills;7
7707;221;172;1;land;false;hills;7
7708;205;165;1;land;false;hills;7
7709;74;196;1;land;false;hills;7
7710;130;230;1;land;true;hills;7
7711;129;172;1;land;false;hills;7
7712;107;184;1;land;false;hills;7
7713;98;218;1;land;false;mountain;7
7714;128;178;1;land;false;mountain;7
7715;105;233;1;land;true;mountain;7
7716;76;202;1;land;false;hills;7
7717;98;203;1;land;false;mountain;7
7718;99;228;1;land;false;hills;7
7719;98;221;1;land;false;hills;7
7720;98;196;1;land;false;hills;7
7721;172;163;1;land;false;plains;7
7722;172;166;1;land;false;hills;7
7723;133;159;1;land;false;plains;7
7724;179;183;1;land;false;plains;7
7725;156;120;1;land;false;plains;7
7726;163;164;1;land;false;plains;7
7727;138;161;1;land;false;plains;7
7728;160;143;1;land;false;hills;7
7729;123;164;1;land;false;hills;7
7730;123;149;1;land;false;plains;7
7731;111;147;1;land;false;plains;7
7732;159;164;1;land;false;hills;7
7733;168;129;1;land;false;hills;7
7734;168;134;1;land;false;plains;7
7735;161;141;1;land;false;hills;7
7736;131;188;1;land;false;plains;7
7737;107;166;1;land;false;plains;7
7738;1;148;1;land;false;plains;7
7739;14;119;1;land;true;mountain;7
7740;19;142;1;land;false;hills;7
7741;13;97;1;land;true;mountain;7
7742;39;103;1;land;false;hills;7
7743;55;124;1;land;false;hills;7
7744;46;139;1;land;true;hills;7
7745;29;134;1;land;true;hills;7
7746;11;131;1;land;false;hills;7
7747;15;98;1;land;false;hills;7
7748;48;136;1;land;false;hills;7
7749;27;95;1;land;false;hills;7
7750;35;140;1;land;true;hills;7
7751;33;72;1;land;false;hills;7
7752;30;90;1;land;true;mountain;7
7753;8;116;1;land;false;mountain;7
7754;27;148;1;land;false;hills;7
7755;79;32;1;land;true;plains;7
7756;76;34;1;land;true;plains;7
7757;179;167;1;land;false;hills;7
7758;156;171;1;land;false;hills;7
7759;163;168;1;land;false;hills;7
7760;202;172;1;land;false;hills;7
7761;197;120;1;land;false;hills;7
7762;226;178;1;land;false;desert;7
7763;126;16;1;land;false;hills;7
7764;65;6;1;land;false;hills;7
7765;110;2;1;land;false;plains;7
7766;98;36;1;land;false;plains;7
7767;61;38;1;land;false;plains;7
7768;62;35;1;land;false;hills;7
7769;110;10;1;land;false;hills;7
7770;95;34;1;land;false;plains;7
7771;88;36;1;land;false;plains;7
7772;131;25;1;land;false;plains;7
7773;95;19;1;land;false;plains;7
7774;108;2;1;land;false;plains;7
7775;110;22;1;land;false;mountain;7
7776;79;33;1;land;false;hills;7
7777;109;5;1;land;false;plains;7
7778;80;26;1;land;false;hills;7
7779;89;37;1;land;false;plains;7
7780;111;28;1;land;false;hills;7
7781;127;7;1;land;false;plains;7
7782;119;1;1;land;false;plains;7
7783;111;0;1;land;false;plains;7
7784;135;12;1;land;false;hills;7
7785;83;32;1;land;false;hills;7
7786;100;39;1;land;false;hills;7
7787;89;2;1;land;false;plains;7
7788;90;34;1;land;false;mountain;7
7789;125;37;1;land;false;plains;7
7790;124;7;1;land;false;plains;7
7791;87;24;1;land;false;plains;7
7792;88;35;1;land;false;plains;7
7793;133;9;1;land;false;plains;7
7794;92;39;1;land;false;hills;7
7795;61;23;1;land;false;hills;7
7796;119;144;1;land;false;mountain;7
7797;85;184;1;land;false;hills;7
7798;91;167;1;land;false;mountain;7
7799;119;162;1;land;false;plains;7
7800;94;191;1;land;false;hills;7
7801;90;190;1;land;false;hills;7
7802;94;198;1;land;false;plains;7
7803;148;212;1;land;false;plains;7
7804;144;157;1;land;false;hills;7
7805;100;181;1;land;false;hills;7
7806;113;209;1;land;false;mountain;7
7807;21;20;1;land;false;hills;7
7808;8;11;1;land;false;hills;7
7809;36;25;1;land;false;hills;7
7810;39;1;1;land;false;hills;7
7811;32;11;1;land;false;hills;7
7812;8;55;1;land;false;hills;7
7813;22;45;1;land;false;forest;7
7814;12;20;1;land;false;hills;7
7815;9;51;1;land;false;forest;7
7816;24;170;1;land;false;plains;7
7817;51;143;1;land;false;plains;7
7818;38;165;1;land;false;plains;7
7819;19;169;1;land;false;hills;7
7820;27;177;1;land;false;hills;7
7821;18;136;1;land;false;hills;7
7822;34;176;1;land;false;hills;7
7823;51;167;1;land;false;hills;7
7824;65;199;1;land;false;hills;7
7825;69;192;1;land;false;hills;7
7826;16;136;1;land;false;hills;7
7827;15;139;1;land;false;plains;7
7828;23;201;1;land;false;hills;7
7829;49;140;1;land;false;hills;7
7830;198;90;1;land;false;hills;7
7831;178;62;1;land;false;mountain;7
7832;150;77;1;land;false;hills;7
7833;139;35;1;land;false;hills;7
7834;137;30;1;land;false;hills;7
7835;146;48;1;land;false;hills;7
7836;198;84;1;land;false;hills;7
7837;134;35;1;land;false;hills;7
7838;152;21;1;land;false;plains;7
7839;185;31;1;land;false;mountain;7
7840;147;59;1;land;false;hills;7
7841;207;55;1;land;false;hills;7
7842;193;137;1;land;false;hills;7
7843;186;155;1;land;false;mountain;7
7844;130;160;1;land;false;hills;7
7845;182;156;1;land;false;mountain;7
7846;171;93;1;land;false;hills;7
7847;124;145;1;land;false;hills;7
7848;185;97;1;land;false;mountain;7
7849;144;103;1;land;false;mountain;7
7850;136;161;1;land;false;hills;7
7851;127;159;1;land;false;hills;7
7852;136;169;1;land;false;hills;7
7853;159;153;1;land;false;hills;7
7854;158;148;1;land;false;hills;7
7855;172;91;1;land;false;hills;7
7856;131;150;1;land;false;mountain;7
7857;166;140;1;land;false;desert;7
7858;185;152;1;land;false;hills;7
7859;183;160;1;land;false;hills;7
7860;128;100;1;land;false;plains;7
7861;152;155;1;land;false;hills;7
7862;150;93;1;land;false;mountain;7
7863;156;90;1;land;false;hills;7
7864;173;150;1;land;false;hills;7
7865;156;138;1;land;false;hills;7
7866;35;23;1;land;true;hills;7
7867;14;23;1;land;true;hills;7
7868;66;5;1;land;true;hills;7
7869;62;3;1;land;true;hills;7
7870;49;15;1;land;false;plains;7
7871;96;197;1;land;true;plains;7
7872;95;196;1;land;false;plains;7
7873;44;181;1;land;true;hills;7
7874;88;143;1;land;false;plains;7
7875;52;189;1;land;false;plains;7
7876;54;127;1;land;false;plains;7
7877;86;154;1;land;false;plains;7
7878;218;42;1;land;false;hills;7
7879;189;38;1;land;false;desert;7
7880;199;39;1;land;false;plains;7
7881;244;1;1;land;false;plains;7
7882;196;15;1;land;false;plains;7
7883;241;28;1;land;false;plains;7
7884;215;13;1;land;false;hills;7
7885;179;1;1;land;false;plains;7
7886;236;8;1;land;false;plains;7
7887;195;38;1;land;false;plains;7
7888;184;13;1;land;false;desert;7
7889;198;141;1;land;false;plains;7
7890;204;89;1;land;false;hills;7
7891;181;119;1;land;false;hills;7
7892;211;128;1;land;false;hills;7
7893;187;129;1;land;false;plains;7
7894;203;117;1;land;false;hills;7
7895;221;100;1;land;false;plains;7
7896;78;219;1;land;false;forest;7
7897;126;234;1;land;false;hills;7
7898;89;203;1;land;false;forest;7
7899;108;240;1;land;false;hills;7
7900;86;186;1;land;false;forest;7
7901;86;195;1;land;false;plains;7
7902;120;241;1;land;false;hills;7
7903;125;188;1;land;false;hills;7
7904;70;212;1;land;false;plains;7
7905;7;214;1;land;false;plains;7
7906;16;245;1;land;false;plains;7
7907;9;226;1;land;false;plains;7
7908;36;250;1;land;false;plains;7
7909;27;220;1;land;false;plains;7
7910;155;130;1;land;false;forest;7
7911;143;101;1;land;false;plains;7
7912;197;114;1;land;false;plains;7
7913;180;71;1;land;false;plains;7
7914;195;124;1;land;false;plains;7
7915;207;107;1;land;false;mountain;7
7916;196;85;1;land;false;hills;7
7917;182;113;1;land;false;plains;7
7918;145;94;1;land;false;plains;7
7919;130;146;1;land;false;hills;7
7920;145;127;1;land;false;hills;7
7921;205;129;1;land;false;plains;7
7922;175;135;1;land;false;forest;7
7923;171;83;1;land;false;forest;7
7924;72;205;1;land;false;mountain;7
7925;57;190;1;land;false;forest;7
7926;82;228;1;land;false;mountain;7
7927;43;169;1;land;false;forest;7
7928;40;228;1;land;false;mountain;7
7929;80;186;1;land;false;mountain;7
7930;51;195;1;land;false;hills;7
7931;44;199;1;land;false;mountain;7
7932;63;185;1;land;false;plains;7
7933;128;66;1;land;true;forest;7
7934;186;119;1;land;true;plains;7
7935;166;109;1;land;true;plains;7
7936;167;114;1;land;true;forest;7
7937;190;95;1;land;true;forest;7
7938;117;68;1;land;true;plains;7
7939;38;206;1;land;false;hills;7
7940;46;229;1;land;false;hills;7
7941;31;177;1;land;false;hills;7
7942;186;245;1;land;false;forest;7
7943;195;244;1;land;true;hills;7
7944;168;248;1;land;false;forest;7
7945;203;238;1;land;false;hills;7
7946;209;206;1;land;false;hills;7
7947;238;204;1;land;true;hills;7
7948;214;238;1;land;false;forest;7
7949;176;50;1;land;false;hills;7
7950;196;74;1;land;false;hills;7
7951;149;90;1;land;false;hills;7
7952;80;121;1;land;false;mountain;7
7953;84;113;1;land;false;mountain;7
7954;88;92;1;land;false;hills;7
7955;86;123;1;land;false;mountain;7
7956;111;72;1;land;false;hills;7
7957;90;113;1;land;false;hills;7
7958;112;73;1;land;false;hills;7
7959;130;124;1;land;false;hills;7
7960;84;128;1;land;false;hills;7
7961;153;70;1;land;false;mountain;7
7962;148;126;1;land;false;mountain;7
7963;251;217;1;land;false;hills;7
7964;220;199;1;land;false;hills;7
7965;223;157;1;land;false;hills;7
7966;217;163;1;land;false;hills;7
7967;249;163;1;land;false;plains;7
7968;244;198;1;land;false;hills;7
7969;230;177;1;land;false;hills;7
7970;229;179;1;land;false;plains;7
7971;223;222;1;land;false;hills;7
7972;235;154;1;land;false;hills;7
7973;231;205;1;land;false;hills;7
7974;248;146;1;land;false;hills;7
7975;214;180;1;land;false;hills;7
7976;235;72;1;land;false;plains;7
7977;223;67;1;land;false;hills;7
7978;249;56;1;land;false;plains;7
7979;245;54;1;land;false;plains;7
7980;244;44;1;land;false;plains;7
7981;170;41;1;land;false;jungle;7
7982;159;20;1;land;false;jungle;7
7983;139;34;1;land;false;jungle;7
7984;63;32;1;land;false;plains;7
7985;25;1;1;land;true;plains;7
7986;38;41;1;land;false;plains;7
7987;52;27;1;land;true;plains;7
7988;75;28;1;land;false;plains;7
7989;59;14;1;land;false;plains;7
7990;72;25;1;land;false;hills;7
7991;33;25;1;land;false;plains;7
7992;12;11;1;land;false;plains;7
7993;32;12;1;land;false;plains;7
7994;38;37;1;land;false;plains;7
7995;21;7;1;land;false;plains;7
7996;8;34;1;land;false;plains;7
7997;33;24;1;land;false;plains;7
7998;51;31;1;land;false;hills;7
7999;54;18;1;land;false;plains;7
8000;74;10;1;land;false;plains;7
8001;22;14;1;land;false;plains;7
8002;37;12;1;land;false;hills;7
8003;36;2;1;land;false;plains;7
8004;137;131;1;land;false;plains;7
8005;159;176;1;land;false;mountain;7
8006;170;124;1;land;false;hills;7
8007;208;167;1;land;false;desert;7
8008;191;178;1;land;false;mountain;7
8009;178;156;1;land;false;hills;7
8010;216;105;1;land;false;plains;7
8011;187;130;1;land;false;mountain;7
8012;187;152;1;land;false;mountain;7
8013;170;144;1;land;false;hills;7
8014;160;130;1;land;false;plains;7
8015;157;159;1;land;false;mountain;7
8016;193;151;1;land;false;hills;7
8017;210;128;1;land;false;plains;7
8018;159;133;1;land;false;hills;7
8019;169;156;1;land;false;plains;7
8020;170;164;1;land;false;hills;7
8021;164;177;1;land;false;plains;7
8022;145;162;1;land;false;mountain;7
8023;167;142;1;land;false;hills;7
8024;192;108;1;land;false;hills;7
8025;194;120;1;land;false;hills;7
8026;215;167;1;land;false;hills;7
8027;137;104;1;land;false;hills;7
8028;175;116;1;land;false;hills;7
8029;203;109;1;land;false;hills;7
8030;159;131;1;land;false;desert;7
8031;198;105;1;land;false;hills;7
8032;211;38;1;land;false;forest;7
8033;246;77;1;land;false;forest;7
8034;175;67;1;land;false;forest;7
8035;169;44;1;land;false;hills;7
8036;220;2;1;land;false;forest;7
8037;228;40;1;land;false;hills;7
8038;67;93;1;land;false;hills;7
8039;70;139;1;land;false;hills;7
8040;61;139;1;land;false;desert;7
8041;89;167;1;land;false;desert;7
8042;128;104;1;land;false;hills;7
8043;60;155;1;land;false;desert;7
8044;54;122;1;land;false;plains;7
8045;76;150;1;land;false;desert;7
8046;120;121;1;land;false;hills;7
8047;56;115;1;land;false;desert;7
8048;114;165;1;land;false;hills;7
8049;101;164;1;land;false;hills;7
8050;91;129;1;land;false;desert;7
8051;66;157;1;land;false;desert;7
8052;85;97;1;land;false;hills;7
8053;253;193;1;land;false;hills;7
8054;205;249;1;land;false;forest;7
8055;214;175;1;land;false;plains;7
8056;205;177;1;land;true;hills;7
8057;212;186;1;land;false;plains;7
8058;227;216;1;land;true;hills;7
8059;238;242;1;land;false;hills;7
8060;94;51;1;land;false;plains;7
8061;138;45;1;land;false;hills;7
8062;145;50;1;land;false;hills;7
8063;75;65;1;land;false;forest;7
8064;124;40;1;land;false;plains;7
8065;92;38;1;land;false;hills;7
8066;92;63;1;land;false;forest;7
8067;143;59;1;land;false;plains;7
8068;148;78;1;land;false;hills;7
8069;86;81;1;land;false;plains;7
8070;85;33;1;land;false;plains;7
8071;169;182;1;land;false;hills;7
8072;143;230;1;land;false;hills;7
8073;159;239;1;land;false;hills;7
8074;141;229;1;land;false;plains;7
8075;140;216;1;land;false;mountain;7
8076;111;174;1;land;false;desert;7
8077;161;242;1;land;false;hills;7
8078;167;244;1;land;false;hills;7
8079;1;140;1;land;false;mountain;7
8080;24;161;1;land;false;hills;7
8081;27;167;1;land;false;hills;7
8082;42;142;1;land;false;mountain;7
8083;11;162;1;land;false;hills;7
8084;191;36;1;land;false;hills;7
8085;217;239;1;land;true;plains;7
8086;221;228;1;land;true;plains;7
8087;157;218;1;land;false;hills;7
8088;181;194;1;land;true;plains;7
8089;226;219;1;land;true;mountain;7
8090;225;191;1;land;true;plains;7
8091;105;60;1;land;true;hills;7
8092;45;21;1;land;true;hills;7
8093;66;39;1;land;true;hills;7
8094;43;10;1;land;true;hills;7
8095;101;174;1;land;true;plains;7
8096;103;143;1;land;true;mountain;7
8097;59;150;1;land;true;hills;7
8098;92;180;1;land;true;hills;7
8099;94;146;1;land;true;hills;7
8100;70;195;1;land;false;hills;7
8101;69;139;1;land;false;hills;7
8102;98;124;1;land;false;hills;7
8103;208;216;1;land;true;hills;7
8104;235;230;1;land;false;forest;7
8105;212;216;1;land;false;plains;7
8106;221;221;1;land;true;hills;7
8107;199;252;1;land;false;plains;7
8108;212;157;1;land;false;hills;7
8109;199;163;1;land;false;mountain;7
8110;204;179;1;land;false;hills;7
8111;205;173;1;land;false;forest;7
8112;245;124;1;land;false;hills;7
8113;224;159;1;land;false;hills;7
8114;251;170;1;land;false;hills;7
8115;209;171;1;land;false;hills;7
8116;232;150;1;land;false;forest;7
8117;218;144;1;land;false;forest;7
8118;245;136;1;land;false;forest;7
8119;202;124;1;land;false;hills;7
8120;218;181;1;land;false;forest;7
8121;217;189;1;land;false;hills;7
8122;232;114;1;land;false;forest;7
8123;241;137;1;land;false;hills;7
8124;254;121;1;land;false;hills;7
8125;203;147;1;land;false;hills;7
8126;225;174;1;land;false;hills;7
8127;203;145;1;land;false;hills;7
8128;207;185;1;land;false;forest;7
8129;235;126;1;land;false;hills;7
8130;236;168;1;land;false;hills;7
8131;198;142;1;land;false;forest;7
8132;230;164;1;land;false;hills;7
8133;248;174;1;land;false;hills;7
8134;241;176;1;land;false;forest;7
8135;204;138;1;land;false;hills;7
8136;238;167;1;land;false;forest;7
8137;206;172;1;land;false;hills;7
8138;207;160;1;land;false;hills;7
8139;242;177;1;land;false;mountain;7
8140;78;135;1;land;true;plains;7
8141;115;116;1;land;true;plains;7
8142;79;119;1;land;true;hills;7
8143;17;121;1;land;true;hills;7
8144;36;139;1;land;true;hills;7
8145;38;107;1;land;false;hills;7
8146;36;175;1;land;false;mountain;7
8147;37;152;1;land;false;mountain;7
8148;25;123;1;land;true;hills;7
8149;49;145;1;land;true;hills;7
8150;6;114;1;land;false;hills;7
8151;41;109;1;land;true;hills;7
8152;193;170;1;land;false;hills;7
8153;157;124;1;land;false;plains;7
8154;219;126;1;land;false;hills;7
8155;218;166;1;land;false;hills;7
8156;179;154;1;land;false;hills;7
8157;147;97;1;land;false;plains;7
8158;144;112;1;land;false;hills;7
8159;42;30;1;land;false;plains;7
8160;40;13;1;land;false;plains;7
8161;58;9;1;land;false;plains;7
8162;72;9;1;land;false;plains;7
8163;102;19;1;land;false;plains;7
8164;62;10;1;land;false;plains;7
8165;63;7;1;land;false;plains;7
8166;168;242;1;land;false;mountain;7
8167;164;227;1;land;true;mountain;7
8168;165;220;1;land;false;mountain;7
8169;179;242;1;land;true;mountain;7
8170;185;219;1;land;true;mountain;7
8171;181;216;1;land;false;hills;7
8172;226;203;1;land;false;plains;7
8173;226;237;1;land;false;plains;7
8174;233;252;1;land;false;mountain;7
8175;183;217;1;land;false;mountain;7
8176;164;193;1;land;false;mountain;7
8177;220;249;1;land;false;hills;7
8178;217;133;1;land;false;desert;7
8179;254;92;1;land;false;hills;7
8180;236;102;1;land;false;desert;7
8181;242;122;1;land;false;desert;7
8182;188;100;1;land;false;desert;7
8183;244;148;1;land;false;hills;7
8184;206;146;1;land;false;hills;7
8185;232;135;1;land;false;plains;7
8186;242;113;1;land;false;plains;7
8187;201;99;1;land;false;plains;7
8188;193;156;1;land;false;hills;7
8189;254;96;1;land;false;hills;7
8190;214;126;1;land;false;plains;7
8191;127;183;1;land;false;forest;7
8192;126;213;1;land;true;forest;7
8193;120;186;1;land;true;forest;7
8194;77;245;1;land;true;hills;7
8195;116;224;1;land;true;hills;7
8196;99;59;1;land;false;plains;7
8197;107;66;1;land;false;hills;7
8198;120;119;1;land;false;plains;7
8199;134;110;1;land;false;plains;7
8200;132;80;1;land;false;plains;7
8201;90;101;1;land;false;hills;7
8202;122;87;1;land;false;hills;7
8203;246;217;1;land;false;mountain;7
8204;233;141;1;land;false;hills;7
8205;251;145;1;land;false;hills;7
8206;202;144;1;land;false;mountain;7
8207;204;211;1;land;false;hills;7
8208;245;218;1;land;false;hills;7
8209;223;158;1;land;false;hills;7
8210;243;198;1;land;false;forest;7
8211;207;179;1;land;false;hills;7
8212;223;218;1;land;false;mountain;7
8213;247;195;1;land;false;hills;7
8214;33;103;1;land;true;hills;7
8215;10;79;1;land;true;hills;7
8216;41;84;1;land;false;mountain;7
8217;51;111;1;land;true;mountain;7
8218;47;97;1;land;false;hills;7
8219;55;41;1;land;true;hills;7
8220;48;103;1;land;false;mountain;7
8221;17;95;1;land;false;mountain;7
8222;8;50;1;land;true;hills;7
8223;46;80;1;land;false;mountain;7
8224;2;49;1;land;true;hills;7
8225;32;41;1;land;false;hills;7
8226;39;95;1;land;false;hills;7
8227;14;108;1;land;false;hills;7
8228;8;47;1;land;false;mountain;7
8229;27;111;1;land;false;hills;7
8230;5;188;1;land;false;hills;7
8231;66;140;1;land;false;hills;7
8232;52;206;1;land;false;plains;7
8233;62;197;1;land;false;plains;7
8234;62;180;1;land;false;plains;7
8235;208;128;1;land;true;mountain;7
8236;226;136;1;land;false;hills;7
8237;232;189;1;land;false;hills;7
8238;237;192;1;land;false;hills;7
8239;200;205;1;land;false;hills;7
8240;216;180;1;land;false;hills;7
8241;208;147;1;land;true;mountain;7
8242;227;141;1;land;false;plains;7
8243;175;143;1;land;false;mountain;7
8244;236;134;1;land;false;hills;7
8245;98;250;1;land;false;desert;7
8246;109;245;1;land;false;desert;7
8247;84;254;1;land;false;desert;7
8248;44;252;1;land;false;desert;7
8249;69;212;1;land;false;desert;7
8250;93;219;1;land;false;desert;7
8251;43;221;1;land;false;plains;7
8252;63;228;1;land;true;hills;7
8253;75;253;1;land;false;plains;7
8254;121;246;1;land;false;desert;7
8255;119;248;1;land;false;plains;7
8256;99;211;1;land;false;hills;7
8257;75;220;1;land;false;desert;7
8258;206;67;1;land;false;desert;7
8259;227;114;1;land;false;hills;7
8260;157;204;1;land;false;forest;7
8261;112;185;1;land;false;forest;7
8262;91;230;1;land;false;forest;7
8263;149;216;1;land;false;forest;7
8264;106;207;1;land;false;forest;7
8265;116;225;1;land;false;forest;7
8266;154;222;1;land;false;plains;7
8267;134;230;1;land;false;forest;7
8268;107;226;1;land;false;forest;7
8269;9;254;1;land;false;hills;7
8270;45;225;1;land;false;hills;7
8271;140;190;1;land;false;hills;7
8272;207;169;1;land;false;hills;7
8273;208;212;1;land;false;mountain;7
8274;142;206;1;land;false;hills;7
8275;214;219;1;land;false;hills;7
8276;214;231;1;land;false;mountain;7
8277;140;203;1;land;false;plains;7
8278;148;163;1;land;false;hills;7
8279;186;210;1;land;false;mountain;7
8280;172;223;1;land;false;plains;7
8281;144;234;1;land;false;mountain;7
8282;89;30;1;land;true;hills;7
8283;58;5;1;land;false;hills;7
8284;70;33;1;land;false;hills;7
8285;42;59;1;land;true;hills;7
8286;86;169;1;land;true;hills;7
8287;107;150;1;land;true;hills;7
8288;53;184;1;land;true;hills;7
8289;75;218;1;land;true;hills;7
8290;122;154;1;land;true;plains;7
8291;212;60;1;land;false;mountain;7
8292;193;36;1;land;false;mountain;7
8293;206;79;1;land;false;hills;7
8294;193;148;1;land;false;mountain;7
8295;243;177;1;land;false;mountain;7
8296;205;170;1;land;false;mountain;7
8297;253;144;1;land;false;mountain;7
8298;235;0;1;land;true;forest;7
8299;185;18;1;land;true;forest;7
8300;250;42;1;land;false;hills;7
8301;220;50;1;land;false;mountain;7
8302;208;32;1;land;false;hills;7
8303;183;53;1;land;false;forest;7
8304;192;63;1;land;true;plains;7
8305;188;54;1;land;false;hills;7
8306;245;51;1;land;false;hills;7
8307;193;9;1;land;false;forest;7
8308;199;32;1;land;false;hills;7
8309;242;65;1;land;true;mountain;7
8310;207;42;1;land;true;forest;7
8311;212;46;1;land;true;mountain;7
8312;188;58;1;land;false;hills;7
8313;224;18;1;land;true;forest;7
8314;174;37;1;land;false;hills;7
8315;235;16;1;land;true;hills;7
8316;180;8;1;land;false;hills;7
8317;232;22;1;land;false;hills;7
8318;77;166;1;land;false;mountain;7
8319;76;116;1;land;false;mountain;7
8320;103;94;1;land;false;hills;7
8321;58;115;1;land;false;hills;7
8322;84;112;1;land;false;hills;7
8323;90;162;1;land;false;hills;7
8324;121;134;1;land;false;hills;7
8325;102;33;1;land;false;mountain;7
8326;118;35;1;land;false;hills;7
8327;138;38;1;land;false;hills;7
8328;164;17;1;land;false;hills;7
8329;108;58;1;land;false;hills;7
8330;105;1;1;land;false;hills;7
8331;128;47;1;land;false;plains;7
8332;134;14;1;land;false;hills;7
8333;110;62;1;land;false;hills;7
8334;162;5;1;land;false;mountain;7
8335;151;10;1;land;false;hills;7
8336;48;188;1;land;true;hills;7
8337;7;136;1;land;false;hills;7
8338;36;195;1;land;true;mountain;7
8339;38;171;1;land;false;hills;7
8340;22;177;1;land;false;mountain;7
8341;20;148;1;land;true;mountain;7
8342;11;171;1;land;true;mountain;7
8343;5;132;1;land;false;plains;7
8344;24;177;1;land;true;hills;7
8345;2;132;1;land;false;mountain;7
8346;45;148;1;land;false;mountain;7
8347;0;158;1;land;false;hills;7
8348;19;204;1;land;false;mountain;7
8349;25;161;1;land;true;mountain;7
8350;36;153;1;land;true;hills;7
8351;37;127;1;land;false;plains;7
8352;35;169;1;land;false;mountain;7
8353;15;163;1;land;false;plains;7
8354;20;127;1;land;false;plains;7
8355;29;185;1;land;false;hills;7
8356;47;136;1;land;true;hills;7
8357;32;166;1;land;false;mountain;7
8358;2;198;1;land;false;mountain;7
8359;44;164;1;land;false;plains;7
8360;28;136;1;land;false;plains;7
8361;47;138;1;land;false;hills;7
8362;40;133;1;land;false;plains;7
8363;45;190;1;land;false;plains;7
8364;13;133;1;land;false;plains;7
8365;7;165;1;land;false;mountain;7
8366;14;175;1;land;false;plains;7
8367;7;190;1;land;true;hills;7
8368;3;157;1;land;false;mountain;7
8369;9;165;1;land;true;plains;7
8370;41;177;1;land;true;plains;7
8371;17;182;1;land;false;hills;7
8372;39;194;1;land;false;mountain;7
8373;5;217;1;land;false;mountain;7
8374;10;227;1;land;false;forest;7
8375;21;210;1;land;false;hills;7
8376;19;215;1;land;false;forest;7
8377;9;233;1;land;false;hills;7
8378;37;251;1;land;false;hills;7
8379;154;33;1;land;false;hills;7
8380;137;5;1;land;false;hills;7
8381;177;2;1;land;false;hills;7
8382;180;5;1;land;false;plains;7
8383;212;58;1;land;false;plains;7
8384;220;69;1;land;false;plains;7
8385;203;69;1;land;false;plains;7
8386;187;112;1;land;false;mountain;7
8387;223;62;1;land;false;plains;7
8388;185;36;1;land;false;mountain;7
8389;225;68;1;land;true;hills;7
8390;186;100;1;land;true;plains;7
8391;173;105;1;land;false;hills;7
8392;211;36;1;land;false;plains;7
8393;210;81;1;land;false;plains;7
8394;167;40;1;land;false;hills;7
8395;125;140;1;land;false;mountain;7
8396;93;103;1;land;false;mountain;7
8397;134;90;1;land;false;hills;7
8398;69;90;1;land;false;hills;7
8399;62;131;1;land;false;mountain;7
8400;102;117;1;land;false;mountain;7
8401;100;108;1;land;false;plains;7
8402;83;140;1;land;false;mountain;7
8403;105;113;1;land;false;hills;7
8404;80;92;1;land;false;hills;7
8405;101;117;1;land;false;hills;7
8406;3;189;1;land;true;hills;7
8407;1;199;1;land;false;forest;7
8408;34;214;1;land;false;forest;7
8409;30;244;1;land;true;hills;7
8410;112;43;1;land;true;hills;7
8411;181;49;1;land;true;hills;7
8412;174;49;1;land;false;forest;7
8413;133;83;1;land;false;plains;7
8414;178;96;1;land;true;hills;7
8415;147;35;1;land;true;hills;7
8416;113;60;1;land;true;hills;7
8417;187;34;1;land;true;hills;7
8418;187;32;1;land;false;plains;7
8419;111;40;1;land;true;hills;7
8420;152;78;1;land;true;plains;7
8421;171;40;1;land;true;hills;7
8422;166;84;1;land;true;hills;7
8423;145;85;1;land;true;plains;7
8424;143;85;1;land;true;plains;7
8425;124;42;1;land;false;hills;7
8426;175;79;1;land;false;hills;7
8427;132;91;1;land;true;hills;7
8428;117;59;1;land;true;hills;7
8429;132;56;1;land;true;hills;7
8430;162;24;1;land;false;hills;7
8431;110;43;1;land;false;plains;7
8432;137;74;1;land;true;plains;7
8433;172;42;1;land;true;plains;7
8434;124;21;1;land;false;plains;7
8435;177;76;1;land;false;hills;7
8436;135;49;1;land;false;plains;7
8437;159;71;1;land;true;hills;7
8438;41;112;1;land;false;hills;7
8439;4;123;1;land;false;plains;7
8440;22;114;1;land;false;plains;7
8441;47;143;1;land;false;plains;7
8442;33;149;1;land;false;hills;7
8443;26;107;1;land;false;plains;7
8444;28;127;1;land;false;plains;7
8445;232;214;1;land;false;hills;7
8446;243;205;1;land;false;hills;7
8447;175;203;1;land;false;hills;7
8448;219;223;1;land;false;hills;7
8449;242;202;1;land;false;plains;7
8450;239;234;1;land;false;hills;7
8451;223;205;1;land;false;plains;7
8452;216;229;1;land;false;hills;7
8453;167;222;1;land;true;hills;7
8454;113;228;1;land;false;hills;7
8455;101;197;1;land;true;hills;7
8456;163;229;1;land;false;hills;7
8457;125;230;1;land;false;hills;7
8458;88;227;1;land;false;hills;7
8459;110;195;1;land;false;mountain;7
8460;115;223;1;land;false;hills;7
8461;97;188;1;land;false;mountain;7
8462;44;210;1;land;false;plains;7
8463;13;184;1;land;false;hills;7
8464;2;157;1;land;false;plains;7
8465;30;147;1;land;false;plains;7
8466;8;155;1;land;false;plains;7
8467;12;168;1;land;false;hills;7
8468;3;148;1;land;false;plains;7
8469;41;169;1;land;false;mountain;7
8470;25;205;1;land;false;hills;7
8471;25;213;1;land;false;hills;7
8472;8;159;1;land;false;plains;7
8473;14;165;1;land;false;plains;7
8474;20;183;1;land;false;plains;7
8475;0;184;1;land;false;plains;7
8476;8;220;1;land;false;hills;7
8477;10;160;1;land;false;plains;7
8478;41;147;1;land;false;plains;7
8479;20;168;1;land;false;plains;7
8480;6;176;1;land;false;hills;7
8481;8;216;1;land;false;hills;7
8482;36;177;1;land;false;plains;7
8483;8;207;1;land;false;plains;7
8484;41;207;1;land;false;plains;7
8485;20;153;1;land;false;hills;7
8486;13;220;1;land;false;plains;7
8487;44;211;1;land;false;plains;7
8488;29;146;1;land;false;hills;7
8489;17;201;1;land;false;plains;7
8490;10;201;1;land;false;plains;7
8491;39;198;1;land;false;hills;7
8492;41;170;1;land;false;plains;7
8493;13;170;1;land;false;plains;7
8494;10;151;1;land;false;plains;7
8495;15;149;1;land;false;hills;7
8496;39;186;1;land;false;hills;7
8497;10;172;1;land;false;plains;7
8498;9;223;1;land;false;hills;7
8499;31;153;1;land;false;hills;7
8500;25;168;1;land;false;plains;7
8501;197;236;1;land;false;hills;7
8502;193;226;1;land;false;plains;7
8503;179;189;1;land;false;hills;7
8504;197;205;1;land;false;hills;7
8505;184;219;1;land;false;plains;7
8506;205;252;1;land;false;hills;7
8507;146;219;1;land;false;hills;7
8508;188;239;1;land;false;plains;7
8509;157;230;1;land;false;hills;7
8510;141;236;1;land;false;plains;7
8511;200;199;1;land;false;plains;7
8512;207;212;1;land;false;hills;7
8513;183;254;1;land;false;hills;7
8514;109;89;1;land;false;plains;7
8515;86;64;1;land;false;plains;7
8516;96;91;1;land;false;hills;7
8517;87;93;1;land;false;plains;7
8518;106;44;1;land;false;hills;7
8519;76;106;1;land;true;hills;7
8520;81;59;1;land;false;plains;7
8521;106;50;1;land;true;hills;7
8522;44;50;1;land;true;hills;7
8523;52;43;1;land;false;hills;7
8524;52;70;1;land;true;plains;7
8525;55;57;1;land;false;hills;7
8526;75;56;1;land;false;hills;7
8527;70;73;1;land;false;plains;7
8528;113;76;1;land;false;hills;7
8529;52;35;1;land;true;plains;7
8530;95;53;1;land;false;hills;7
8531;106;93;1;land;false;plains;7
8532;101;48;1;land;false;plains;7
8533;66;85;1;land;false;plains;7
8534;50;94;1;land;false;plains;7
8535;92;85;1;land;false;hills;7
8536;81;46;1;land;false;hills;7
8537;46;111;1;land;false;plains;7
8538;81;83;1;land;true;hills;7
8539;57;76;1;land;false;plains;7
8540;199;204;1;land;true;hills;7
8541;216;150;1;land;true;hills;7
8542;211;156;1;land;true;hills;7
8543;215;158;1;land;true;hills;7
8544;224;160;1;land;true;hills;7
8545;237;157;1;land;true;hills;7
8546;224;141;1;land;true;plains;7
8547;219;166;1;land;true;hills;7
8548;193;131;1;land;true;hills;7
8549;196;145;1;land;true;plains;7
8550;194;167;1;land;true;hills;7
8551;97;80;1;land;false;plains;7
8552;98;41;1;land;false;hills;7
8553;64;96;1;land;false;plains;7
8554;72;92;1;land;false;plains;7
8555;106;99;1;land;false;plains;7
8556;40;100;1;land;false;plains;7
8557;98;51;1;land;false;plains;7
8558;83;76;1;land;false;plains;7
8559;96;80;1;land;false;hills;7
8560;106;98;1;land;false;hills;7
8561;33;96;1;land;false;plains;7
8562;97;61;1;land;false;plains;7
8563;68;61;1;land;false;plains;7
8564;104;35;1;land;false;plains;7
8565;52;80;1;land;false;plains;7
8566;81;94;1;land;false;plains;7
8567;79;39;1;land;false;hills;7
8568;199;138;1;land;false;plains;7
8569;190;134;1;land;false;desert;7
8570;204;151;1;land;false;plains;7
8571;222;148;1;land;false;plains;7
8572;207;194;1;land;false;plains;7
8573;223;143;1;land;false;desert;7
8574;203;162;1;land;false;plains;7
8575;177;188;1;land;false;plains;7
8576;172;140;1;land;false;plains;7
8577;173;138;1;land;false;plains;7
8578;222;181;1;land;false;plains;7
8579;211;170;1;land;false;plains;7
8580;245;145;1;land;false;plains;7
8581;170;169;1;land;false;plains;7
8582;214;173;1;land;false;plains;7
8583;208;138;1;land;false;plains;7
8584;224;60;1;land;true;hills;7
8585;241;78;1;land;true;desert;7
8586;210;75;1;land;true;hills;7
8587;206;53;1;land;false;plains;7
8588;207;46;1;land;false;plains;7
8589;237;33;1;land;false;plains;7
8590;229;86;1;land;false;desert;7
8591;230;44;1;land;false;plains;7
8592;214;97;1;land;true;hills;7
8593;244;41;1;land;false;plains;7
8594;221;37;1;land;true;hills;7
8595;112;38;1;land;false;plains;7
8596;90;31;1;land;false;plains;7
8597;146;54;1;land;false;plains;7
8598;86;15;1;land;false;plains;7
8599;125;33;1;land;false;plains;7
8600;86;51;1;land;true;desert;7
8601;129;55;1;land;true;desert;7
8602;142;10;1;land;true;desert;7
8603;133;13;1;land;false;plains;7
8604;95;12;1;land;false;plains;7
8605;137;25;1;land;false;plains;7
8606;114;36;1;land;false;plains;7
8607;124;50;1;land;false;desert;7
8608;6;87;1;land;false;plains;7
8609;64;84;1;land;false;hills;7
8610;13;49;1;land;false;mountain;7
8611;22;55;1;land;false;plains;7
8612;8;88;1;land;false;plains;7
8613;20;40;1;land;false;plains;7
8614;64;73;1;land;false;plains;7
8615;25;69;1;land;false;hills;7
8616;35;90;1;land;false;plains;7
8617;32;29;1;land;false;plains;7
8618;6;35;1;land;false;plains;7
8619;12;68;1;land;false;hills;7
8620;29;34;1;land;false;plains;7
8621;2;73;1;land;false;plains;7
8622;14;57;1;land;false;plains;7
8623;21;57;1;land;false;mountain;7
8624;19;82;1;land;false;plains;7
8625;60;94;1;land;false;plains;7
8626;53;50;1;land;false;hills;7
8627;56;60;1;land;false;hills;7
8628;4;32;1;land;false;hills;7
8629;3;33;1;land;false;plains;7
8630;34;86;1;land;false;mountain;7
8631;4;83;1;land;false;plains;7
8632;61;91;1;land;false;plains;7
8633;47;83;1;land;false;hills;7
8634;15;68;1;land;false;plains;7
8635;0;77;1;land;false;hills;7
8636;38;20;1;land;false;plains;7
8637;54;64;1;land;false;plains;7
8638;15;50;1;land;false;plains;7
8639;12;41;1;land;false;plains;7
8640;14;90;1;land;false;hills;7
8641;54;79;1;land;false;plains;7
8642;131;119;1;land;false;hills;7
8643;141;122;1;land;true;plains;7
8644;143;136;1;land;false;plains;7
8645;170;137;1;land;false;plains;7
8646;132;129;1;land;false;hills;7
8647;192;141;1;land;false;hills;7
8648;202;131;1;land;false;hills;7
8649;133;138;1;land;false;plains;7
8650;168;153;1;land;false;plains;7
8651;186;190;1;land;false;plains;7
8652;206;153;1;land;false;hills;7
8653;203;120;1;land;false;plains;7
8654;159;163;1;land;false;hills;7
8655;149;117;1;land;false;hills;7
8656;135;175;1;land;false;hills;7
8657;158;163;1;land;false;plains;7
8658;171;125;1;land;false;plains;7
8659;133;120;1;land;false;plains;7
8660;146;177;1;land;false;hills;7
8661;171;177;1;land;false;plains;7
8662;172;112;1;land;false;plains;7
8663;199;112;1;land;false;plains;7
8664;141;179;1;land;false;hills;7
8665;201;137;1;land;false;hills;7
8666;179;149;1;land;false;hills;7
8667;155;189;1;land;false;plains;7
8668;136;164;1;land;false;hills;7
8669;180;13;1;land;false;hills;7
8670;130;44;1;land;false;hills;7
8671;170;30;1;land;false;hills;7
8672;162;39;1;land;false;hills;7
8673;153;30;1;land;false;hills;7
8674;155;31;1;land;false;forest;7
8675;170;7;1;land;false;forest;7
8676;121;33;1;land;false;mountain;7
8677;192;8;1;land;false;hills;7
8678;154;7;1;land;false;hills;7
8679;54;92;1;land;true;hills;7
8680;25;82;1;land;true;hills;7
8681;51;135;1;land;true;hills;7
8682;30;71;1;land;true;hills;7
8683;31;149;1;land;true;hills;7
8684;35;43;1;land;false;plains;7
8685;91;28;1;land;false;hills;7
8686;105;2;1;land;false;plains;7
8687;46;0;1;land;false;hills;7
8688;37;10;1;land;false;hills;7
8689;89;47;1;land;false;hills;7
8690;113;36;1;land;false;hills;7
8691;45;8;1;land;false;plains;7
8692;70;18;1;land;false;plains;7
8693;200;132;1;land;false;plains;7
8694;205;150;1;land;false;plains;7
8695;198;153;1;land;false;plains;7
8696;218;165;1;land;false;hills;7
8697;216;131;1;land;false;plains;7
8698;191;182;1;land;false;plains;7
8699;245;113;1;land;false;plains;7
8700;237;183;1;land;false;plains;7
8701;206;121;1;land;false;plains;7
8702;186;159;1;land;false;plains;7
8703;231;179;1;land;false;plains;7
8704;205;147;1;land;false;hills;7
8705;195;131;1;land;false;hills;7
8706;233;175;1;land;false;plains;7
8707;238;145;1;land;false;plains;7
8708;197;180;1;land;false;plains;7
8709;217;158;1;land;false;plains;7
8710;226;185;1;land;false;plains;7
8711;229;135;1;land;false;plains;7
8712;186;148;1;land;false;plains;7
8713;198;120;1;land;false;plains;7
8714;199;132;1;land;false;plains;7
8715;238;115;1;land;false;plains;7
8716;189;127;1;land;false;plains;7
8717;219;167;1;land;false;hills;7
8718;247;139;1;land;false;plains;7
8719;226;156;1;land;false;plains;7
8720;205;113;1;land;false;plains;7
8721;208;111;1;land;false;plains;7
8722;195;150;1;land;false;plains;7
8723;247;160;1;land;false;plains;7
8724;174;145;1;land;false;plains;7
8725;175;166;1;land;false;plains;7
8726;174;184;1;land;false;plains;7
8727;239;167;1;land;false;plains;7
8728;195;168;1;land;false;plains;7
8729;181;112;1;land;false;plains;7
8730;189;118;1;land;false;plains;7
8731;181;123;1;land;false;hills;7
8732;195;129;1;land;false;plains;7
8733;226;132;1;land;false;plains;7
8734;205;141;1;land;false;plains;7
8735;220;170;1;land;false;plains;7
8736;195;145;1;land;false;plains;7
8737;241;141;1;land;false;plains;7
8738;216;165;1;land;false;plains;7
8739;182;207;1;land;false;plains;7
8740;207;187;1;land;false;hills;7
8741;244;247;1;land;false;hills;7
8742;225;202;1;land;false;mountain;7
8743;218;212;1;land;false;hills;7
8744;244;251;1;land;false;plains;7
8745;232;237;1;land;false;mountain;7
8746;226;240;1;land;false;hills;7
8747;184;246;1;land;true;plains;7
8748;79;126;1;land;false;plains;7
8749;102;126;1;land;false;plains;7
8750;85;128;1;land;false;plains;7
8751;155;26;1;land;false;hills;7
8752;126;33;1;land;false;hills;7
8753;99;14;1;land;false;forest;7
8754;157;32;1;land;false;plains;7
8755;119;17;1;land;false;plains;7
8756;148;4;1;land;false;hills;7
8757;5;97;1;land;true;hills;7
8758;38;86;1;land;false;mountain;7
8759;19;57;1;land;false;hills;7
8760;26;57;1;land;true;plains;7
8761;16;59;1;land;false;plains;7
8762;15;123;1;land;false;plains;7
8763;126;157;1;land;false;plains;7
8764;135;192;1;land;false;plains;7
8765;135;213;1;land;false;hills;7
8766;113;166;1;land;false;hills;7
8767;115;143;1;land;false;hills;7
8768;115;161;1;land;false;plains;7
8769;173;145;1;land;false;plains;7
8770;166;180;1;land;false;hills;7
8771;153;194;1;land;false;plains;7
8772;120;157;1;land;false;plains;7
8773;121;173;1;land;false;plains;7
8774;129;209;1;land;false;hills;7
8775;103;214;1;land;false;plains;7
8776;198;85;1;land;false;hills;7
8777;221;27;1;land;false;hills;7
8778;168;72;1;land;false;hills;7
8779;184;14;1;land;false;hills;7
8780;220;81;1;land;false;hills;7
8781;213;92;1;land;false;hills;7
8782;224;78;1;land;false;hills;7
8783;223;74;1;land;false;hills;7
8784;161;88;1;land;false;hills;7
8785;167;59;1;land;false;hills;7
8786;126;161;1;land;false;hills;7
8787;97;198;1;land;false;plains;7
8788;70;149;1;land;false;desert;7
8789;79;131;1;land;false;hills;7
8790;88;173;1;land;false;hills;7
8791;137;136;1;land;false;plains;7
8792;100;178;1;land;false;plains;7
8793;86;168;1;land;false;hills;7
8794;227;15;1;land;false;mountain;7
8795;219;36;1;land;false;hills;7
8796;201;12;1;land;false;mountain;7
8797;221;41;1;land;false;hills;7
8798;221;2;1;land;false;hills;7
8799;231;31;1;land;false;hills;7
8800;220;33;1;land;false;plains;7
8801;247;42;1;land;false;mountain;7
8802;234;33;1;land;false;plains;7
8803;225;12;1;land;false;plains;7
8804;17;111;1;land;true;hills;7
8805;62;62;1;land;true;hills;7
8806;49;94;1;land;true;hills;7
8807;34;105;1;land;true;hills;7
8808;202;102;1;land;false;hills;7
8809;166;82;1;land;false;mountain;7
8810;197;80;1;land;false;hills;7
8811;188;139;1;land;false;mountain;7
8812;174;101;1;land;false;hills;7
8813;224;148;1;land;false;mountain;7
8814;163;105;1;land;false;hills;7
8815;194;123;1;land;false;mountain;7
8816;213;150;1;land;false;mountain;7
8817;217;84;1;land;false;mountain;7
8818;213;114;1;land;false;hills;7
8819;207;87;1;land;false;mountain;7
8820;197;111;1;land;false;hills;7
8821;160;76;1;land;false;hills;7
8822;36;173;1;land;false;hills;7
8823;38;240;1;land;false;hills;7
8824;82;175;1;land;false;hills;7
8825;73;230;1;land;false;hills;7
8826;64;171;1;land;false;mountain;7
8827;89;172;1;land;true;plains;7
8828;53;227;1;land;true;hills;7
8829;59;234;1;land;true;hills;7
8830;70;178;1;land;true;hills;7
8831;81;188;1;land;true;hills;7
8832;106;200;1;land;true;hills;7
8833;112;238;1;land;true;mountain;7
8834;47;208;1;land;true;hills;7
8835;47;205;1;land;true;hills;7
8836;53;215;1;land;false;hills;7
8837;61;234;1;land;true;hills;7
8838;178;98;1;land;true;mountain;7
8839;203;115;1;land;false;mountain;7
8840;160;99;1;land;false;mountain;7
8841;153;131;1;land;false;hills;7
8842;218;107;1;land;true;plains;7
8843;179;83;1;land;true;hills;7
8844;174;131;1;land;true;hills;7
8845;91;203;1;land;false;hills;7
8846;93;182;1;land;false;plains;7
8847;25;218;1;land;false;forest;7
8848;56;214;1;land;false;plains;7
8849;72;197;1;land;false;plains;7
8850;28;226;1;land;false;forest;7
8851;48;232;1;land;false;plains;7
8852;97;218;1;land;false;plains;7
8853;129;72;1;land;true;mountain;7
8854;81;90;1;land;false;plains;7
8855;59;129;1;land;false;plains;7
8856;84;96;1;land;false;hills;7
8857;120;88;1;land;false;plains;7
8858;80;139;1;land;false;hills;7
8859;107;92;1;land;true;hills;7
8860;128;91;1;land;false;hills;7
8861;65;60;1;land;false;hills;7
8862;66;134;1;land;false;plains;7
8863;78;111;1;land;true;hills;7
8864;103;129;1;land;false;hills;7
8865;76;100;1;land;false;plains;7
8866;80;77;1;land;true;hills;7
8867;129;92;1;land;false;hills;7
8868;115;82;1;land;false;hills;7
8869;131;103;1;land;false;plains;7
8870;53;137;1;land;false;hills;7
8871;97;126;1;land;false;hills;7
8872;132;62;1;land;false;plains;7
8873;89;131;1;land;false;hills;7
8874;117;99;1;land;true;hills;7
8875;75;75;1;land;false;mountain;7
8876;77;91;1;land;false;hills;7
8877;99;63;1;land;false;plains;7
8878;226;209;1;land;false;hills;7
8879;243;248;1;land;false;hills;7
8880;251;242;1;land;false;hills;7
8881;214;201;1;land;false;plains;7
8882;249;227;1;land;false;hills;7
8883;200;215;1;land;false;plains;7
8884;216;250;1;land;false;desert;7
8885;203;229;1;land;false;hills;7
8886;243;206;1;land;false;hills;7
8887;192;66;1;land;true;plains;7
8888;252;33;1;land;true;plains;7
8889;243;95;1;land;true;mountain;7
8890;227;41;1;land;true;hills;7
8891;221;60;1;land;false;hills;7
8892;161;77;1;land;false;plains;7
8893;105;82;1;land;false;plains;7
8894;176;124;1;land;false;plains;7
8895;113;105;1;land;false;plains;7
8896;118;114;1;land;false;hills;7
8897;162;128;1;land;false;hills;7
8898;123;87;1;land;false;hills;7
8899;152;113;1;land;false;hills;7
8900;115;55;1;land;false;plains;7
8901;161;76;1;land;false;hills;7
8902;172;100;1;land;false;hills;7
8903;140;85;1;land;false;mountain;7
8904;151;65;1;land;false;plains;7
8905;142;117;1;land;false;hills;7
8906;111;89;1;land;false;plains;7
8907;110;88;1;land;false;hills;7
8908;26;173;1;land;false;plains;7
8909;39;201;1;land;false;plains;7
8910;22;222;1;land;false;plains;7
8911;15;152;1;land;false;mountain;7
8912;33;173;1;land;false;mountain;7
8913;48;179;1;land;false;mountain;7
8914;52;152;1;land;false;mountain;7
8915;57;150;1;land;false;hills;7
8916;8;199;1;land;false;hills;7
8917;38;223;1;land;false;hills;7
8918;10;176;1;land;false;plains;7
8919;7;151;1;land;false;hills;7
8920;23;44;1;land;false;hills;7
8921;31;40;1;land;false;hills;7
8922;55;42;1;land;false;plains;7
8923;17;67;1;land;false;plains;7
8924;8;75;1;land;false;hills;7
8925;53;80;1;land;false;hills;7
8926;49;34;1;land;false;plains;7
8927;8;29;1;land;false;plains;7
8928;21;69;1;land;false;plains;7
8929;30;67;1;land;false;plains;7
8930;1;47;1;land;false;plains;7
8931;16;60;1;land;false;hills;7
8932;2;23;1;land;false;plains;7
8933;47;46;1;land;false;plains;7
8934;25;29;1;land;false;plains;7
8935;21;68;1;land;false;plains;7
8936;29;32;1;land;false;plains;7
8937;25;60;1;land;false;plains;7
8938;183;124;1;land;false;forest;7
8939;138;137;1;land;false;hills;7
8940;152;130;1;land;false;hills;7
8941;74;27;1;land;false;hills;7
8942;38;42;1;land;false;hills;7
8943;81;23;1;land;false;hills;7
8944;42;38;1;land;false;hills;7
8945;72;39;1;land;false;hills;7
8946;27;22;1;land;false;hills;7
8947;87;32;1;land;false;hills;7
8948;92;25;1;land;false;hills;7
8949;58;15;1;land;false;hills;7
8950;59;34;1;land;false;hills;7
8951;54;22;1;land;false;hills;7
8952;232;128;1;land;false;plains;7
8953;202;176;1;land;false;plains;7
8954;235;124;1;land;true;plains;7
8955;228;163;1;land;false;plains;7
8956;183;154;1;land;true;plains;7
8957;221;110;1;land;false;plains;7
8958;217;110;1;land;true;plains;7
8959;216;125;1;land;true;plains;7
8960;185;112;1;land;false;plains;7
8961;188;116;1;land;false;hills;7
8962;162;151;1;land;false;hills;7
8963;173;110;1;land;false;hills;7
8964;234;113;1;land;true;plains;7
8965;169;166;1;land;true;plains;7
8966;165;166;1;land;false;plains;7
8967;129;130;1;land;false;hills;7
8968;128;115;1;land;false;plains;7
8969;100;151;1;land;false;forest;7
8970;83;116;1;land;false;hills;7
8971;106;119;1;land;false;hills;7
8972;77;106;1;land;false;hills;7
8973;112;157;1;land;false;forest;7
8974;100;145;1;land;false;plains;7
8975;86;126;1;land;false;hills;7
8976;83;141;1;land;false;hills;7
8977;148;112;1;land;false;hills;7
8978;146;92;1;land;false;hills;7
8979;101;125;1;land;false;hills;7
8980;84;116;1;land;false;plains;7
8981;80;126;1;land;false;hills;7
8982;103;168;1;land;false;hills;7
8983;88;97;1;land;false;hills;7
8984;89;153;1;land;false;hills;7
8985;115;163;1;land;false;plains;7
8986;98;167;1;land;false;hills;7
8987;82;127;1;land;false;hills;7
8988;98;144;1;land;false;hills;7
8989;116;102;1;land;false;hills;7
8990;135;99;1;land;false;hills;7
8991;149;139;1;land;false;forest;7
8992;140;124;1;land;false;hills;7
8993;215;32;1;land;false;hills;7
8994;213;30;1;land;false;hills;7
8995;218;77;1;land;false;hills;7
8996;205;69;1;land;false;hills;7
8997;142;32;1;land;false;hills;7
8998;149;39;1;land;false;hills;7
8999;157;33;1;land;false;hills;7
9000;179;68;1;land;false;hills;7
9001;206;34;1;land;false;mountain;7
9002;170;18;1;land;false;hills;7
9003;221;64;1;land;false;hills;7
9004;196;23;1;land;false;hills;7
9005;219;49;1;land;false;mountain;7
9006;182;14;1;land;false;mountain;7
9007;164;42;1;land;false;mountain;7
9008;210;188;1;land;false;mountain;7
9009;185;163;1;land;false;hills;7
9010;197;228;1;land;false;hills;7
9011;238;169;1;land;false;forest;7
9012;217;221;1;land;false;hills;7
9013;223;163;1;land;false;hills;7
9014;248;215;1;land;false;hills;7
9015;221;189;1;land;false;hills;7
9016;234;172;1;land;false;forest;7
9017;98;55;1;land;false;hills;7
9018;54;196;1;land;true;mountain;7
9019;74;158;1;land;false;mountain;7
9020;111;161;1;land;false;mountain;7
9021;48;194;1;land;false;hills;7
9022;64;146;1;land;false;mountain;7
9023;89;135;1;land;false;mountain;7
9024;124;139;1;land;false;hills;7
9025;70;169;1;land;false;mountain;7
9026;75;159;1;land;false;mountain;7
9027;67;174;1;land;false;mountain;7
9028;236;16;1;land;false;hills;7
9029;206;38;1;land;false;hills;7
9030;236;9;1;land;false;plains;7
9031;217;31;1;land;false;hills;7
9032;247;13;1;land;false;plains;7
9033;190;7;1;land;false;hills;7
9034;227;23;1;land;false;hills;7
9035;224;36;1;land;false;plains;7
9036;235;24;1;land;false;plains;7
9037;192;15;1;land;false;hills;7
9038;205;9;1;land;false;hills;7
9039;211;4;1;land;false;hills;7
9040;198;15;1;land;false;plains;7
9041;225;34;1;land;false;hills;7
9042;234;37;1;land;false;plains;7
9043;197;15;1;land;false;plains;7
9044;245;33;1;land;false;hills;7
9045;230;24;1;land;false;hills;7
9046;203;8;1;land;false;hills;7
9047;212;7;1;land;false;hills;7
9048;210;39;1;land;false;hills;7
9049;216;26;1;land;false;plains;7
9050;217;21;1;land;false;plains;7
9051;254;20;1;land;false;hills;7
9052;208;28;1;land;false;hills;7
9053;191;1;1;land;false;hills;7
9054;233;15;1;land;false;hills;7
9055;247;24;1;land;false;plains;7
9056;222;36;1;land;false;plains;7
9057;191;33;1;land;false;plains;7
9058;212;17;1;land;false;plains;7
9059;25;154;1;land;true;forest;7
9060;34;149;1;land;false;mountain;7
9061;5;153;1;land;true;plains;7
9062;13;127;1;land;true;forest;7
9063;10;150;1;land;true;hills;7
9064;31;164;1;land;true;plains;7
9065;178;33;1;land;false;plains;7
9066;146;34;1;land;false;plains;7
9067;103;64;1;land;false;plains;7
9068;139;0;1;land;false;plains;7
9069;122;41;1;land;false;plains;7
9070;165;37;1;land;false;hills;7
9071;177;30;1;land;false;plains;7
9072;125;5;1;land;false;plains;7
9073;167;19;1;land;false;plains;7
9074;116;54;1;land;false;plains;7
9075;174;7;1;land;false;plains;7
9076;119;64;1;land;false;plains;7
9077;141;60;1;land;false;plains;7
9078;139;3;1;land;false;plains;7
9079;153;25;1;land;false;plains;7
9080;172;122;1;land;false;mountain;7
9081;163;129;1;land;false;plains;7
9082;115;126;1;land;false;plains;7
9083;160;140;1;land;false;plains;7
9084;139;132;1;land;false;plains;7
9085;17;228;1;land;false;hills;7
9086;19;241;1;land;false;mountain;7
9087;26;212;1;land;false;hills;7
9088;42;239;1;land;false;plains;7
9089;31;238;1;land;false;hills;7
9090;48;251;1;land;false;plains;7
9091;35;245;1;land;false;forest;7
9092;55;253;1;land;false;hills;7
9093;55;212;1;land;false;forest;7
9094;52;248;1;land;false;forest;7
9095;0;214;1;land;false;forest;7
9096;39;224;1;land;false;forest;7
9097;12;213;1;land;false;desert;7
9098;5;254;1;land;false;hills;7
9099;27;252;1;land;false;forest;7
9100;41;242;1;land;false;plains;7
9101;47;233;1;land;false;forest;7
9102;1;213;1;land;false;forest;7
9103;1;234;1;land;false;forest;7
9104;3;222;1;land;false;hills;7
9105;27;221;1;land;false;forest;7
9106;43;233;1;land;false;hills;7
9107;54;219;1;land;false;hills;7
9108;217;211;1;land;false;hills;7
9109;178;215;1;land;false;hills;7
9110;171;238;1;land;true;hills;7
9111;188;209;1;land;false;plains;7
9112;147;241;1;land;false;hills;7
9113;201;236;1;land;true;hills;7
9114;170;228;1;land;true;hills;7
9115;153;254;1;land;false;forest;7
9116;199;219;1;land;false;mountain;7
9117;25;136;1;land;false;plains;7
9118;18;179;1;land;false;hills;7
9119;73;108;1;land;false;plains;7
9120;4;132;1;land;false;hills;7
9121;61;164;1;land;false;hills;7
9122;5;150;1;land;false;plains;7
9123;37;177;1;land;false;hills;7
9124;6;166;1;land;false;hills;7
9125;209;207;1;land;true;hills;7
9126;172;237;1;land;false;hills;7
9127;142;237;1;land;false;plains;7
9128;153;211;1;land;false;hills;7
9129;155;215;1;land;false;plains;7
9130;143;218;1;land;false;hills;7
9131;240;113;1;land;false;hills;7
9132;213;107;1;land;false;plains;7
9133;242;123;1;land;false;mountain;7
9134;224;111;1;land;false;hills;7
9135;199;96;1;land;false;hills;7
9136;241;162;1;land;false;mountain;7
9137;191;125;1;land;false;desert;7
9138;66;43;1;land;false;hills;7
9139;111;5;1;land;false;hills;7
9140;71;25;1;land;false;hills;7
9141;77;42;1;land;false;hills;7
9142;93;53;1;land;false;mountain;7
9143;59;2;1;land;false;hills;7
9144;123;8;1;land;false;hills;7
9145;61;67;1;land;false;hills;7
9146;88;127;1;land;false;plains;7
9147;59;112;1;land;false;plains;7
9148;95;86;1;land;false;plains;7
9149;44;127;1;land;false;plains;7
9150;120;72;1;land;false;plains;7
9151;61;133;1;land;false;plains;7
9152;41;126;1;land;false;plains;7
9153;89;70;1;land;false;plains;7
9154;64;89;1;land;false;hills;7
9155;118;110;1;land;false;plains;7
9156;114;97;1;land;false;plains;7
9157;82;109;1;land;false;plains;7
9158;82;104;1;land;false;plains;7
9159;110;67;1;land;false;plains;7
9160;94;83;1;land;false;plains;7
9161;99;57;1;land;false;plains;7
9162;49;96;1;land;false;plains;7
9163;97;105;1;land;false;plains;7
9164;99;130;1;land;false;plains;7
9165;234;138;1;land;false;hills;7
9166;228;158;1;land;false;hills;7
9167;220;121;1;land;false;hills;7
9168;225;127;1;land;false;forest;7
9169;220;102;1;land;false;mountain;7
9170;235;123;1;land;false;forest;7
9171;210;122;1;land;false;mountain;7
9172;227;153;1;land;false;mountain;7
9173;226;157;1;land;false;mountain;7
9174;110;230;1;land;false;hills;7
9175;124;235;1;land;false;forest;7
9176;123;202;1;land;false;forest;7
9177;157;235;1;land;false;hills;7
9178;166;197;1;land;false;forest;7
9179;96;104;1;land;false;mountain;7
9180;99;127;1;land;false;mountain;7
9181;138;88;1;land;false;hills;7
9182;87;70;1;land;false;plains;7
9183;164;112;1;land;false;mountain;7
9184;105;57;1;land;false;hills;7
9185;112;114;1;land;false;hills;7
9186;152;54;1;land;true;mountain;7
9187;136;100;1;land;true;mountain;7
9188;126;77;1;land;false;plains;7
9189;99;89;1;land;false;hills;7
9190;88;113;1;land;false;mountain;7
9191;139;59;1;land;false;mountain;7
9192;0;94;1;land;true;plains;7
9193;209;210;1;land;false;plains;7
9194;177;249;1;land;false;forest;7
9195;168;210;1;land;false;plains;7
9196;207;230;1;land;false;plains;7
9197;146;218;1;land;false;forest;7
9198;154;213;1;land;false;forest;7
9199;63;213;1;land;false;hills;7
9200;93;188;1;land;false;hills;7
9201;57;205;1;land;false;mountain;7
9202;62;182;1;land;false;hills;7
9203;95;161;1;land;false;hills;7
9204;52;149;1;land;false;plains;7
9205;49;195;1;land;false;hills;7
9206;48;192;1;land;false;hills;7
9207;56;154;1;land;false;hills;7
9208;22;209;1;land;false;plains;7
9209;36;199;1;land;false;hills;7
9210;79;145;1;land;false;hills;7
9211;48;137;1;land;false;hills;7
9212;23;163;1;land;false;hills;7
9213;93;156;1;land;false;hills;7
9214;53;192;1;land;false;hills;7
9215;70;143;1;land;false;hills;7
9216;51;54;1;land;false;hills;7
9217;69;68;1;land;false;plains;7
9218;113;59;1;land;false;plains;7
9219;52;79;1;land;false;mountain;7
9220;117;104;1;land;false;mountain;7
9221;102;52;1;land;true;mountain;7
9222;78;69;1;land;false;mountain;7
9223;71;87;1;land;false;plains;7
9224;117;86;1;land;false;mountain;7
9225;111;88;1;land;true;mountain;7
9226;53;100;1;land;true;mountain;7
9227;104;105;1;land;false;mountain;7
9228;89;88;1;land;false;plains;7
9229;48;90;1;land;false;hills;7
9230;92;55;1;land;false;hills;7
9231;78;109;1;land;false;hills;7
9232;85;86;1;land;true;mountain;7
9233;229;174;1;land;false;hills;7
9234;212;200;1;land;false;hills;7
9235;186;195;1;land;false;plains;7
9236;132;248;1;land;false;hills;7
9237;122;236;1;land;true;forest;7
9238;116;248;1;land;false;hills;7
9239;136;247;1;land;true;hills;7
9240;119;235;1;land;false;plains;7
9241;96;242;1;land;false;hills;7
9242;82;241;1;land;false;hills;7
9243;71;242;1;land;true;mountain;7
9244;118;243;1;land;true;hills;7
9245;129;223;1;land;false;plains;7
9246;145;233;1;land;false;hills;7
9247;100;236;1;land;false;hills;7
9248;106;225;1;land;true;mountain;7
9249;83;222;1;land;false;forest;7
9250;67;253;1;land;false;hills;7
9251;31;249;1;land;true;plains;7
9252;34;210;1;land;false;hills;7
9253;59;213;1;land;true;plains;7
9254;57;228;1;land;false;hills;7
9255;14;210;1;land;false;hills;7
9256;5;242;1;land;false;hills;7
9257;51;229;1;land;true;plains;7
9258;54;226;1;land;false;forest;7
9259;49;238;1;land;false;hills;7
9260;6;67;1;land;true;plains;7
9261;17;52;1;land;true;mountain;7
9262;22;60;1;land;false;mountain;7
9263;58;98;1;land;true;mountain;7
9264;69;106;1;land;false;plains;7
9265;65;116;1;land;true;hills;7
9266;49;123;1;land;true;plains;7
9267;54;90;1;land;true;plains;7
9268;44;112;1;land;false;hills;7
9269;24;96;1;land;true;hills;7
9270;2;74;1;land;true;plains;7
9271;50;118;1;land;true;hills;7
9272;31;119;1;land;false;plains;7
9273;39;62;1;land;false;hills;7
9274;59;88;1;land;true;hills;7
9275;3;56;1;land;true;plains;7
9276;32;58;1;land;false;hills;7
9277;65;90;1;land;false;hills;7
9278;38;109;1;land;true;hills;7
9279;219;70;1;land;false;plains;7
9280;190;65;1;land;false;plains;7
9281;193;107;1;land;false;hills;7
9282;229;88;1;land;false;plains;7
9283;213;46;1;land;false;hills;7
9284;223;103;1;land;false;plains;7
9285;208;67;1;land;false;hills;7
9286;233;64;1;land;false;plains;7
9287;225;106;1;land;false;plains;7
9288;188;59;1;land;false;plains;7
9289;218;60;1;land;false;plains;7
9290;223;91;1;land;false;plains;7
9291;234;86;1;land;false;plains;7
9292;224;104;1;land;false;plains;7
9293;212;54;1;land;false;plains;7
9294;214;185;1;land;true;hills;7
9295;79;35;1;land;false;hills;7
9296;109;49;1;land;false;jungle;7
9297;67;65;1;land;false;hills;7
9298;53;53;1;land;false;mountain;7
9299;89;4;1;land;false;mountain;7
9300;46;53;1;land;false;jungle;7
9301;116;56;1;land;false;hills;7
9302;65;55;1;land;false;hills;7
9303;82;55;1;land;false;hills;7
9304;121;73;1;land;false;forest;7
9305;103;56;1;land;false;hills;7
9306;77;56;1;land;false;forest;7
9307;62;57;1;land;false;forest;7
9308;115;59;1;land;false;mountain;7
9309;86;61;1;land;false;hills;7
9310;104;16;1;land;false;hills;7
9311;78;49;1;land;false;hills;7
9312;122;29;1;land;false;mountain;7
9313;72;12;1;land;false;mountain;7
9314;70;6;1;land;false;hills;7
9315;102;49;1;land;false;mountain;7
9316;113;34;1;land;false;hills;7
9317;74;15;1;land;false;hills;7
9318;55;4;1;land;false;forest;7
9319;53;25;1;land;false;hills;7
9320;71;65;1;land;false;forest;7
9321;62;50;1;land;false;hills;7
9322;52;40;1;land;false;hills;7
9323;75;69;1;land;false;hills;7
9324;100;57;1;land;false;hills;7
9325;110;45;1;land;false;hills;7
9326;104;57;1;land;false;hills;7
9327;122;1;1;land;false;forest;7
9328;83;34;1;land;false;hills;7
9329;76;37;1;land;false;hills;7
9330;93;72;1;land;false;forest;7
9331;125;169;1;land;false;hills;7
9332;139;207;1;land;true;plains;7
9333;109;209;1;land;true;hills;7
9334;74;205;1;land;true;hills;7
9335;139;214;1;land;true;hills;7
9336;142;218;1;land;false;hills;7
9337;100;203;1;land;true;hills;7
9338;127;175;1;land;true;plains;7
9339;142;210;1;land;true;hills;7
9340;76;219;1;land;true;plains;7
9341;147;164;1;land;true;hills;7
9342;114;162;1;land;false;plains;7
9343;220;110;1;land;false;plains;7
9344;215;59;1;land;false;hills;7
9345;229;42;1;land;false;hills;7
9346;240;81;1;land;false;forest;7
9347;217;52;1;land;false;hills;7
9348;223;36;1;land;false;hills;7
9349;233;58;1;land;false;hills;7
9350;252;55;1;land;false;hills;7
9351;212;100;1;land;false;mountain;7
9352;248;83;1;land;false;hills;7
9353;246;91;1;land;false;hills;7
9354;233;71;1;land;false;forest;7
9355;245;106;1;land;false;hills;7
9356;250;107;1;land;false;mountain;7
9357;234;87;1;land;false;hills;7
9358;228;60;1;land;false;mountain;7
9359;247;71;1;land;false;hills;7
9360;214;61;1;land;false;hills;7
9361;225;45;1;land;false;mountain;7
9362;241;74;1;land;false;forest;7
9363;246;53;1;land;false;mountain;7
9364;228;107;1;land;false;hills;7
9365;229;101;1;land;false;plains;7
9366;237;36;1;land;false;hills;7
9367;235;94;1;land;false;hills;7
9368;242;91;1;land;false;forest;7
9369;232;38;1;land;false;mountain;7
9370;212;85;1;land;false;hills;7
9371;215;56;1;land;false;hills;7
9372;233;98;1;land;false;forest;7
9373;244;102;1;land;false;hills;7
9374;215;133;1;land;false;hills;7
9375;226;109;1;land;false;hills;7
9376;211;161;1;land;false;hills;7
9377;226;172;1;land;false;hills;7
9378;211;180;1;land;false;hills;7
9379;216;167;1;land;false;hills;7
9380;248;185;1;land;false;plains;7
9381;251;123;1;land;false;hills;7
9382;207;122;1;land;false;hills;7
9383;64;32;1;land;false;hills;7
9384;18;10;1;land;false;hills;7
9385;37;9;1;land;false;hills;7
9386;66;26;1;land;false;hills;7
9387;56;4;1;land;false;hills;7
9388;64;24;1;land;false;hills;7
9389;79;18;1;land;false;hills;7
9390;20;42;1;land;false;hills;7
9391;14;37;1;land;false;hills;7
9392;218;40;1;land;false;hills;7
9393;235;22;1;land;false;hills;7
9394;199;64;1;land;false;hills;7
9395;205;74;1;land;false;hills;7
9396;251;9;1;land;false;hills;7
9397;254;52;1;land;false;mountain;7
9398;213;51;1;land;false;mountain;7
9399;231;59;1;land;false;hills;7
9400;232;28;1;land;false;mountain;7
9401;200;69;1;land;false;mountain;7
9402;211;72;1;land;false;hills;7
9403;207;15;1;land;false;mountain;7
9404;218;56;1;land;false;plains;7
9405;230;26;1;land;false;mountain;7
9406;229;2;1;land;false;mountain;7
9407;229;62;1;land;false;desert;7
9408;230;46;1;land;false;hills;7
9409;226;27;1;land;false;hills;7
9410;240;42;1;land;false;hills;7
9411;240;45;1;land;false;hills;7
9412;232;26;1;land;false;plains;7
9413;177;11;1;land;false;hills;7
9414;206;28;1;land;false;hills;7
9415;215;51;1;land;false;hills;7
9416;159;165;1;land;true;hills;7
9417;205;154;1;land;true;hills;7
9418;212;166;1;land;true;mountain;7
9419;218;156;1;land;false;hills;7
9420;155;158;1;land;false;plains;7
9421;229;150;1;land;true;mountain;7
9422;199;159;1;land;false;hills;7
9423;57;229;1;land;true;plains;7
9424;38;214;1;land;true;hills;7
9425;2;210;1;land;true;plains;7
9426;41;226;1;land;true;mountain;7
9427;40;7;1;land;false;hills;7
9428;18;32;1;land;false;hills;7
9429;27;25;1;land;true;hills;7
9430;34;34;1;land;false;hills;7
9431;40;36;1;land;true;hills;7
9432;2;22;1;land;false;plains;7
9433;34;31;1;land;false;desert;7
9434;4;43;1;land;true;hills;7
9435;21;16;1;land;false;hills;7
9436;15;9;1;land;false;mountain;7
9437;23;9;1;land;false;hills;7
9438;3;39;1;land;true;hills;7
9439;236;131;1;land;false;desert;7
9440;205;122;1;land;false;plains;7
9441;224;80;1;land;false;desert;7
9442;212;92;1;land;false;desert;7
9443;33;242;1;land;false;hills;7
9444;58;240;1;land;false;hills;7
9445;51;249;1;land;false;hills;7
9446;77;211;1;land;false;hills;7
9447;102;235;1;land;false;plains;7
9448;68;210;1;land;false;plains;7
9449;96;216;1;land;false;plains;7
9450;94;207;1;land;false;hills;7
9451;80;233;1;land;false;plains;7
9452;80;221;1;land;false;plains;7
9453;91;247;1;land;false;hills;7
9454;80;227;1;land;false;plains;7
9455;84;228;1;land;false;plains;7
9456;37;106;1;land;false;hills;7
9457;73;56;1;land;false;hills;7
9458;29;56;1;land;true;hills;7
9459;88;65;1;land;false;plains;7
9460;48;119;1;land;false;plains;7
9461;81;71;1;land;false;hills;7
9462;73;107;1;land;false;hills;7
9463;13;93;1;land;true;mountain;7
9464;79;88;1;land;false;plains;7
9465;16;101;1;land;true;mountain;7
9466;58;51;1;land;false;hills;7
9467;58;113;1;land;false;plains;7
9468;20;107;1;land;false;hills;7
9469;87;58;1;land;true;hills;7
9470;79;42;1;land;false;plains;7
9471;17;106;1;land;false;desert;7
9472;81;54;1;land;true;hills;7
9473;30;80;1;land;false;mountain;7
9474;79;57;1;land;false;hills;7
9475;66;82;1;land;false;hills;7
9476;61;105;1;land;false;hills;7
9477;25;97;1;land;true;mountain;7
9478;43;49;1;land;true;hills;7
9479;25;108;1;land;true;desert;7
9480;42;108;1;land;false;hills;7
9481;69;99;1;land;false;hills;7
9482;59;71;1;land;false;hills;7
9483;75;76;1;land;false;hills;7
9484;73;90;1;land;false;plains;7
9485;22;72;1;land;false;plains;7
9486;40;128;1;land;false;plains;7
9487;57;136;1;land;false;hills;7
9488;26;79;1;land;false;plains;7
9489;52;115;1;land;false;plains;7
9490;52;122;1;land;false;plains;7
9491;8;107;1;land;false;plains;7
9492;55;101;1;land;false;hills;7
9493;69;136;1;land;false;hills;7
9494;49;141;1;land;false;plains;7
9495;43;139;1;land;false;plains;7
9496;53;106;1;land;false;plains;7
9497;21;99;1;land;false;plains;7
9498;15;120;1;land;false;hills;7
9499;28;117;1;land;false;plains;7
9500;57;71;1;land;false;plains;7
9501;10;77;1;land;false;plains;7
9502;139;219;1;land;true;mountain;7
9503;129;196;1;land;true;hills;7
9504;98;180;1;land;true;mountain;7
9505;139;200;1;land;true;mountain;7
9506;123;185;1;land;false;hills;7
9507;101;201;1;land;true;hills;7
9508;113;149;1;land;false;hills;7
9509;147;165;1;land;true;mountain;7
9510;137;178;1;land;true;mountain;7
9511;99;198;1;land;false;mountain;7
9512;138;181;1;land;true;plains;7
9513;143;204;1;land;true;plains;7
9514;88;211;1;land;false;mountain;7
9515;108;212;1;land;false;hills;7
9516;156;186;1;land;true;plains;7
9517;100;210;1;land;false;forest;7
9518;142;226;1;land;true;mountain;7
9519;109;208;1;land;false;mountain;7
9520;131;187;1;land;false;hills;7
9521;150;183;1;land;false;hills;7
9522;85;168;1;land;true;mountain;7
9523;115;172;1;land;true;mountain;7
9524;152;168;1;land;true;hills;7
9525;137;219;1;land;false;hills;7
9526;130;206;1;land;false;hills;7
9527;115;185;1;land;true;plains;7
9528;129;220;1;land;false;mountain;7
9529;120;188;1;land;true;mountain;7
9530;131;154;1;land;false;hills;7
9531;120;201;1;land;false;hills;7
9532;118;186;1;land;false;hills;7
9533;145;192;1;land;true;plains;7
9534;75;49;1;land;false;hills;7
9535;85;27;1;land;false;plains;7
9536;95;56;1;land;false;hills;7
9537;115;43;1;land;false;hills;7
9538;83;57;1;land;false;hills;7
9539;36;36;1;land;false;mountain;7
9540;60;41;1;land;false;desert;7
9541;49;26;1;land;false;plains;7
9542;63;65;1;land;false;plains;7
9543;62;60;1;land;false;hills;7
9544;107;36;1;land;false;plains;7
9545;80;55;1;land;false;hills;7
9546;56;84;1;land;false;hills;7
9547;90;62;1;land;false;hills;7
9548;82;20;1;land;false;hills;7
9549;72;61;1;land;false;hills;7
9550;103;52;1;land;false;plains;7
9551;88;57;1;land;false;plains;7
9552;54;111;1;land;false;plains;7
9553;88;120;1;land;false;plains;7
9554;29;123;1;land;false;plains;7
9555;34;227;1;land;true;mountain;7
9556;23;248;1;land;false;mountain;7
9557;26;233;1;land;true;mountain;7
9558;62;207;1;land;true;mountain;7
9559;58;142;1;land;true;hills;7
9560;64;145;1;land;false;hills;7
9561;59;163;1;land;false;plains;7
9562;1;99;1;land;false;plains;7
9563;6;112;1;land;false;plains;7
9564;19;111;1;land;false;plains;7
9565;17;159;1;land;false;plains;7
9566;30;109;1;land;true;hills;7
9567;33;130;1;land;true;plains;7
9568;58;109;1;land;false;plains;7
9569;46;164;1;land;false;hills;7
9570;3;147;1;land;false;plains;7
9571;55;161;1;land;false;plains;7
9572;19;140;1;land;true;plains;7
9573;27;130;1;land;false;plains;7
9574;73;241;1;land;false;hills;7
9575;75;205;1;land;false;plains;7
9576;55;228;1;land;false;hills;7
9577;43;223;1;land;false;plains;7
9578;78;236;1;land;false;mountain;7
9579;87;219;1;land;false;hills;7
9580;84;251;1;land;false;mountain;7
9581;76;206;1;land;false;hills;7
9582;59;218;1;land;false;plains;7
9583;73;252;1;land;false;hills;7
9584;101;203;1;land;false;hills;7
9585;85;241;1;land;false;hills;7
9586;94;235;1;land;false;desert;7
9587;44;249;1;land;false;hills;7
9588;55;214;1;land;false;hills;7
9589;60;210;1;land;false;hills;7
9590;104;231;1;land;false;desert;7
9591;51;209;1;land;false;hills;7
9592;80;205;1;land;false;desert;7
9593;98;252;1;land;false;plains;7
9594;76;241;1;land;false;mountain;7
9595;43;210;1;land;false;plains;7
9596;97;227;1;land;false;plains;7
9597;104;215;1;land;false;hills;7
9598;43;219;1;land;false;hills;7
9599;101;244;1;land;false;plains;7
9600;70;205;1;land;false;hills;7
9601;78;243;1;land;false;plains;7
9602;17;191;1;land;false;plains;7
9603;50;214;1;land;true;hills;7
9604;89;246;1;land;false;hills;7
9605;54;233;1;land;true;plains;7
9606;18;226;1;land;false;hills;7
9607;94;208;1;land;true;plains;7
9608;85;224;1;land;false;hills;7
9609;128;187;1;land;false;hills;7
9610;210;72;1;land;true;mountain;7
9611;160;35;1;land;false;hills;7
9612;207;8;1;land;false;mountain;7
9613;180;70;1;land;false;hills;7
9614;158;37;1;land;false;mountain;7
9615;174;4;1;land;false;hills;7
9616;206;68;1;land;true;mountain;7
9617;230;63;1;land;false;hills;7
9618;188;2;1;land;false;mountain;7
9619;200;71;1;land;false;mountain;7
9620;226;69;1;land;true;forest;7
9621;204;158;1;land;true;plains;7
9622;95;94;1;land;false;hills;7
9623;97;72;1;land;false;plains;7
9624;116;68;1;land;false;plains;7
9625;95;60;1;land;false;plains;7
9626;108;86;1;land;false;desert;7
9627;71;88;1;land;false;plains;7
9628;88;33;1;land;false;plains;7
9629;124;67;1;land;false;hills;7
9630;88;154;1;land;false;hills;7
9631;111;142;1;land;false;plains;7
9632;90;204;1;land;false;hills;7
9633;108;170;1;land;false;hills;7
9634;70;89;1;land;true;hills;7
9635;35;53;1;land;true;hills;7
9636;73;29;1;land;false;plains;7
9637;79;49;1;land;true;hills;7
9638;47;61;1;land;false;hills;7
9639;57;40;1;land;false;hills;7
9640;66;63;1;land;false;hills;7
9641;36;69;1;land;true;hills;7
9642;106;60;1;land;true;hills;7
9643;88;172;1;land;true;mountain;7
9644;17;212;1;land;true;mountain;7
9645;178;38;1;land;false;desert;7
9646;149;11;1;land;false;plains;7
9647;161;29;1;land;false;desert;7
9648;107;57;1;land;false;desert;7
9649;172;39;1;land;false;desert;7
9650;129;8;1;land;false;desert;7
9651;123;44;1;land;false;hills;7
9652;139;20;1;land;false;mountain;7
9653;135;54;1;land;false;desert;7
9654;129;35;1;land;true;hills;7
9655;148;52;1;land;false;hills;7
9656;146;49;1;land;true;hills;7
9657;137;11;1;land;false;hills;7
9658;130;16;1;land;false;plains;7
9659;109;79;1;land;false;hills;7
9660;99;36;1;land;false;mountain;7
9661;147;72;1;land;false;hills;7
9662;134;69;1;land;true;hills;7
9663;77;58;1;land;false;hills;7
9664;106;133;1;land;false;hills;7
9665;209;37;1;land;false;plains;7
9666;209;52;1;land;false;mountain;7
9667;170;51;1;land;false;hills;7
9668;178;31;1;land;false;hills;7
9669;176;40;1;land;false;hills;7
9670;166;4;1;land;false;hills;7
9671;199;37;1;land;false;hills;7
9672;186;115;1;land;false;mountain;7
9673;133;140;1;land;false;hills;7
9674;149;108;1;land;false;hills;7
9675;143;112;1;land;false;mountain;7
9676;173;126;1;land;false;hills;7
9677;175;215;1;land;false;forest;7
9678;173;249;1;land;true;mountain;7
9679;164;236;1;land;false;hills;7
9680;166;252;1;land;true;mountain;7
9681;173;235;1;land;false;hills;7
9682;139;245;1;land;false;hills;7
9683;124;217;1;land;false;forest;7
9684;194;245;1;land;false;hills;7
9685;142;224;1;land;false;mountain;7
9686;190;236;1;land;false;mountain;7
9687;189;222;1;land;false;forest;7
9688;126;251;1;land;true;mountain;7
9689;169;227;1;land;false;mountain;7
9690;137;239;1;land;false;hills;7
9691;161;224;1;land;true;mountain;7
9692;197;239;1;land;false;hills;7
9693;131;235;1;land;false;forest;7
9694;139;253;1;land;false;mountain;7
9695;140;234;1;land;false;hills;7
9696;123;222;1;land;true;mountain;7
9697;136;231;1;land;false;forest;7
9698;134;224;1;land;false;mountain;7
9699;169;245;1;land;false;hills;7
9700;178;219;1;land;false;mountain;7
9701;246;243;1;land;false;desert;7
9702;253;248;1;land;false;desert;7
9703;217;236;1;land;false;hills;7
9704;200;197;1;land;false;plains;7
9705;243;231;1;land;false;plains;7
9706;191;231;1;land;false;plains;7
9707;204;225;1;land;false;hills;7
9708;193;209;1;land;false;plains;7
9709;210;226;1;land;false;plains;7
9710;192;210;1;land;false;hills;7
9711;232;204;1;land;false;plains;7
9712;197;184;1;land;false;plains;7
9713;236;238;1;land;false;hills;7
9714;227;222;1;land;false;desert;7
9715;249;254;1;land;false;plains;7
9716;210;242;1;land;false;hills;7
9717;225;218;1;land;false;hills;7
9718;245;254;1;land;false;hills;7
9719;242;237;1;land;false;hills;7
9720;200;221;1;land;false;hills;7
9721;131;201;1;land;false;hills;7
9722;170;208;1;land;false;hills;7
9723;137;206;1;land;false;hills;7
9724;136;187;1;land;false;hills;7
9725;164;220;1;land;false;hills;7
9726;168;166;1;land;false;hills;7
9727;179;148;1;land;true;plains;7
9728;180;166;1;land;true;hills;7
9729;154;198;1;land;true;mountain;7
9730;137;185;1;land;false;mountain;7
9731;142;147;1;land;false;hills;7
9732;132;179;1;land;true;plains;7
9733;199;202;1;land;false;hills;7
9734;172;214;1;land;false;hills;7
9735;178;217;1;land;false;hills;7
9736;150;181;1;land;false;hills;7
9737;198;212;1;land;false;hills;7
9738;129;157;1;land;true;mountain;7
9739;145;64;1;land;true;hills;7
9740;120;7;1;land;true;hills;7
9741;151;2;1;land;true;mountain;7
9742;135;56;1;land;true;hills;7
9743;134;61;1;land;true;plains;7
9744;181;11;1;land;true;plains;7
9745;152;52;1;land;true;hills;7
9746;141;53;1;land;false;mountain;7
9747;171;27;1;land;true;hills;7
9748;181;36;1;land;true;plains;7
9749;143;129;1;land;true;plains;7
9750;160;123;1;land;true;plains;7
9751;119;165;1;land;true;plains;7
9752;145;194;1;land;false;hills;7
9753;137;166;1;land;true;hills;7
9754;110;147;1;land;false;plains;7
9755;179;151;1;land;false;plains;7
9756;121;154;1;land;false;hills;7
9757;108;175;1;land;false;plains;7
9758;132;11;1;land;false;hills;7
9759;123;65;1;land;false;hills;7
9760;115;28;1;land;false;hills;7
9761;150;86;1;land;false;mountain;7
9762;115;47;1;land;false;hills;7
9763;157;58;1;land;false;mountain;7
9764;111;66;1;land;false;mountain;7
9765;132;42;1;land;false;mountain;7
9766;133;58;1;land;false;hills;7
9767;220;94;1;land;false;hills;7
9768;191;108;1;land;false;hills;7
9769;231;140;1;land;false;hills;7
9770;219;133;1;land;false;mountain;7
9771;173;113;1;land;false;mountain;7
9772;175;127;1;land;false;plains;7
9773;205;151;1;land;false;hills;7
9774;235;121;1;land;false;hills;7
9775;204;12;1;land;false;desert;7
9776;166;12;1;land;false;hills;7
9777;186;4;1;land;false;mountain;7
9778;149;13;1;land;false;mountain;7
9779;201;32;1;land;false;hills;7
9780;148;17;1;land;false;mountain;7
9781;146;20;1;land;false;hills;7
9782;200;17;1;land;false;mountain;7
9783;133;33;1;land;false;hills;7
9784;185;30;1;land;false;hills;7
9785;138;12;1;land;false;hills;7
9786;204;7;1;land;false;hills;7
9787;144;9;1;land;false;mountain;7
9788;147;19;1;land;false;mountain;7
9789;154;23;1;land;false;plains;7
9790;29;133;1;land;false;plains;7
9791;19;166;1;land;false;plains;7
9792;36;147;1;land;false;hills;7
9793;28;162;1;land;false;plains;7
9794;28;151;1;land;false;plains;7
9795;25;134;1;land;false;plains;7
9796;15;99;1;land;false;hills;7
9797;14;148;1;land;false;hills;7
9798;216;235;1;land;false;hills;7
9799;208;224;1;land;true;mountain;7
9800;178;216;1;land;false;mountain;7
9801;192;242;1;land;true;mountain;7
9802;233;236;1;land;true;plains;7
9803;188;220;1;land;false;hills;7
9804;8;61;1;land;false;hills;7
9805;50;104;1;land;false;hills;7
9806;38;66;1;land;true;hills;7
9807;12;59;1;land;false;hills;7
9808;43;67;1;land;false;hills;7
9809;84;57;1;land;false;hills;7
9810;85;80;1;land;true;plains;7
9811;37;56;1;land;false;hills;7
9812;17;59;1;land;false;hills;7
9813;42;109;1;land;false;hills;7
9814;15;82;1;land;false;hills;7
9815;51;96;1;land;true;plains;7
9816;27;70;1;land;false;hills;7
9817;38;116;1;land;true;plains;7
9818;23;72;1;land;true;hills;7
9819;69;94;1;land;true;hills;7
9820;84;75;1;land;true;hills;7
9821;39;41;1;land;false;plains;7
9822;43;52;1;land;false;hills;7
9823;78;46;1;land;true;plains;7
9824;29;112;1;land;true;hills;7
9825;47;73;1;land;false;mountain;7
9826;50;75;1;land;false;hills;7
9827;15;41;1;land;true;hills;7
9828;69;117;1;land;false;hills;7
9829;24;116;1;land;true;hills;7
9830;7;205;1;land;false;hills;7
9831;51;207;1;land;false;mountain;7
9832;6;190;1;land;false;hills;7
9833;14;196;1;land;false;hills;7
9834;46;219;1;land;false;mountain;7
9835;31;123;1;land;false;mountain;7
9836;38;126;1;land;true;mountain;7
9837;47;77;1;land;true;mountain;7
9838;43;131;1;land;false;hills;7
9839;62;99;1;land;false;hills;7
9840;45;81;1;land;false;mountain;7
9841;7;91;1;land;true;plains;7
9842;25;103;1;land;false;mountain;7
9843;40;63;1;land;false;mountain;7
9844;39;82;1;land;false;hills;7
9845;54;112;1;land;false;hills;7
9846;34;130;1;land;false;mountain;7
9847;54;100;1;land;true;plains;7
9848;7;129;1;land;true;mountain;7
9849;25;76;1;land;false;hills;7
9850;62;74;1;land;false;mountain;7
9851;18;94;1;land;false;hills;7
9852;25;117;1;land;false;hills;7
9853;12;108;1;land;false;plains;7
9854;45;84;1;land;false;mountain;7
9855;32;128;1;land;false;hills;7
9856;35;61;1;land;false;mountain;7
9857;9;107;1;land;true;plains;7
9858;59;116;1;land;false;mountain;7
9859;28;166;1;land;false;mountain;7
9860;10;177;1;land;false;hills;7
9861;11;231;1;land;false;hills;7
9862;28;200;1;land;false;hills;7
9863;185;108;1;land;false;hills;7
9864;214;98;1;land;false;hills;7
9865;186;108;1;land;false;hills;7
9866;184;107;1;land;false;mountain;7
9867;237;230;1;land;false;plains;7
9868;190;163;1;land;false;plains;7
9869;253;184;1;land;false;plains;7
9870;201;164;1;land;false;hills;7
9871;213;240;1;land;false;plains;7
9872;253;235;1;land;false;plains;7
9873;227;207;1;land;false;plains;7
9874;196;191;1;land;false;plains;7
9875;238;47;1;land;true;hills;7
9876;219;63;1;land;true;hills;7
9877;229;94;1;land;false;hills;7
9878;218;93;1;land;false;plains;7
9879;205;58;1;land;false;plains;7
9880;200;94;1;land;false;plains;7
9881;190;123;1;land;false;hills;7
9882;232;90;1;land;false;plains;7
9883;172;143;1;land;false;hills;7
9884;197;174;1;land;false;hills;7
9885;217;169;1;land;true;mountain;7
9886;175;147;1;land;false;hills;7
9887;187;165;1;land;false;plains;7
9888;212;192;1;land;true;mountain;7
9889;174;153;1;land;false;plains;7
9890;223;144;1;land;false;mountain;7
9891;173;218;1;land;false;plains;7
9892;190;220;1;land;false;hills;7
9893;237;170;1;land;false;hills;7
9894;182;221;1;land;false;plains;7
9895;226;220;1;land;false;hills;7
9896;182;185;1;land;true;mountain;7
9897;207;165;1;land;false;mountain;7
9898;213;171;1;land;false;hills;7
9899;171;161;1;land;false;plains;7
9900;212;174;1;land;true;mountain;7
9901;166;151;1;land;false;plains;7
9902;190;146;1;land;true;mountain;7
9903;2;142;1;land;false;hills;7
9904;39;159;1;land;true;mountain;7
9905;36;159;1;land;true;mountain;7
9906;52;158;1;land;true;mountain;7
9907;6;126;1;land;false;hills;7
9908;42;183;1;land;false;hills;7
9909;56;118;1;land;false;hills;7
9910;13;153;1;land;true;mountain;7
9911;43;138;1;land;true;mountain;7
9912;3;188;1;land;false;mountain;7
9913;44;116;1;land;false;plains;7
9914;16;113;1;land;false;mountain;7
9915;16;127;1;land;true;plains;7
9916;30;186;1;land;false;hills;7
9917;30;130;1;land;false;hills;7
9918;46;74;1;land;false;desert;7
9919;0;51;1;land;false;desert;7
9920;29;36;1;land;false;desert;7
9921;7;64;1;land;false;desert;7
9922;51;64;1;land;false;plains;7
9923;24;75;1;land;false;desert;7
9924;31;57;1;land;false;desert;7
9925;5;51;1;land;true;mountain;7
9926;22;52;1;land;false;desert;7
9927;43;7;1;land;false;hills;7
9928;61;12;1;land;false;hills;7
9929;76;49;1;land;false;desert;7
9930;76;28;1;land;false;hills;7
9931;65;50;1;land;false;hills;7
9932;40;12;1;land;false;hills;7
9933;72;140;1;land;false;plains;7
9934;69;141;1;land;false;plains;7
9935;4;137;1;land;false;mountain;7
9936;42;96;1;land;false;desert;7
9937;10;96;1;land;true;mountain;7
9938;34;68;1;land;false;hills;7
9939;2;98;1;land;false;hills;7
9940;36;67;1;land;true;hills;7
9941;33;84;1;land;false;hills;7
9942;8;80;1;land;false;plains;7
9943;35;37;1;land;false;hills;7
9944;18;46;1;land;false;hills;7
9945;37;42;1;land;false;hills;7
9946;37;70;1;land;false;mountain;7
9947;7;45;1;land;false;hills;7
9948;218;72;1;land;true;hills;7
9949;247;124;1;land;false;mountain;7
9950;46;54;1;land;false;hills;7
9951;47;22;1;land;false;hills;7
9952;51;92;1;land;false;hills;7
9953;40;22;1;land;false;desert;7
9954;21;73;1;land;false;hills;7
9955;70;29;1;land;false;mountain;7
9956;38;10;1;land;false;hills;7
9957;92;48;1;land;false;hills;7
9958;90;56;1;land;false;hills;7
9959;66;9;1;land;false;hills;7
9960;30;50;1;land;false;mountain;7
9961;40;68;1;land;false;hills;7
9962;84;6;1;land;false;hills;7
9963;56;52;1;land;false;hills;7
9964;177;99;1;land;false;plains;7
9965;183;92;1;land;false;hills;7
9966;129;133;1;land;false;plains;7
9967;127;77;1;land;false;hills;7
9968;121;133;1;land;false;hills;7
9969;178;122;1;land;false;hills;7
9970;130;127;1;land;false;hills;7
9971;121;152;1;land;false;hills;7
9972;154;127;1;land;false;mountain;7
9973;161;79;1;land;false;plains;7
9974;119;91;1;land;false;plains;7
9975;160;148;1;land;false;plains;7
9976;156;88;1;land;false;hills;7
9977;120;83;1;land;false;hills;7
9978;191;106;1;land;false;hills;7
9979;187;127;1;land;false;hills;7
9980;128;33;1;land;false;plains;7
9981;100;33;1;land;false;hills;7
9982;158;22;1;land;false;plains;7
9983;103;38;1;land;false;hills;7
9984;141;18;1;land;false;plains;7
9985;170;21;1;land;false;mountain;7
9986;104;37;1;land;false;mountain;7
9987;143;4;1;land;false;plains;7
9988;118;1;1;land;false;plains;7
9989;95;131;1;land;true;hills;7
9990;30;162;1;land;true;hills;7
9991;38;127;1;land;false;hills;7
9992;11;203;1;land;false;hills;7
9993;50;207;1;land;true;hills;7
9994;8;234;1;land;true;mountain;7
9995;27;209;1;land;true;hills;7
9996;28;220;1;land;false;hills;7
9997;62;225;1;land;true;hills;7
9998;9;229;1;land;false;forest;7
9999;1;236;1;land;true;mountain;7
10000;45;231;1;land;false;mountain;7
10001;68;228;1;land;false;mountain;7
10002;52;242;1;land;false;hills;7
10003;16;243;1;land;false;mountain;7
10004;77;249;1;land;true;mountain;7
10005;48;224;1;land;false;mountain;7
10006;7;233;1;land;false;hills;7
10007;73;224;1;land;false;forest;7
10008;73;251;1;land;true;mountain;7
10009;57;223;1;land;false;mountain;7
10010;70;211;1;land;false;mountain;7
10011;54;253;1;land;true;desert;7
10012;76;209;1;land;true;hills;7
10013;42;212;1;land;false;hills;7
10014;23;234;1;land;true;hills;7
10015;62;222;1;land;false;forest;7
10016;17;206;1;land;false;hills;7
10017;37;252;1;land;false;mountain;7
10018;55;37;1;land;false;hills;7
10019;54;0;1;land;false;plains;7
10020;12;45;1;land;false;plains;7
10021;15;1;1;land;false;plains;7
10022;53;21;1;land;false;hills;7
10023;26;51;1;land;false;plains;7
10024;51;6;1;land;false;hills;7
10025;13;51;1;land;true;hills;7
10026;32;47;1;land;true;hills;7
10027;30;13;1;land;false;hills;7
10028;19;27;1;land;false;hills;7
10029;117;230;1;land;false;hills;7
10030;106;201;1;land;false;hills;7
10031;104;211;1;land;false;hills;7
10032;86;218;1;land;false;mountain;7
10033;90;251;1;land;false;hills;7
10034;58;222;1;land;false;hills;7
10035;73;202;1;land;false;mountain;7
10036;111;245;1;land;false;hills;7
10037;88;210;1;land;false;plains;7
10038;56;206;1;land;false;desert;7
10039;50;231;1;land;false;plains;7
10040;60;234;1;land;false;desert;7
10041;68;203;1;land;false;mountain;7
10042;65;209;1;land;false;mountain;7
10043;77;207;1;land;false;mountain;7
10044;60;157;1;land;true;plains;7
10045;104;93;1;land;true;hills;7
10046;113;116;1;land;true;hills;7
10047;182;70;1;land;false;hills;7
10048;114;92;1;land;true;hills;7
10049;141;94;1;land;false;hills;7
10050;171;112;1;land;false;plains;7
10051;190;76;1;land;false;hills;7
10052;142;93;1;land;true;plains;7
10053;177;86;1;land;false;plains;7
10054;141;121;1;land;false;plains;7
10055;143;90;1;land;false;plains;7
10056;116;74;1;land;false;plains;7
10057;154;226;1;land;false;mountain;7
10058;136;153;1;land;false;mountain;7
10059;141;198;1;land;false;hills;7
10060;149;151;1;land;false;hills;7
10061;116;177;1;land;false;hills;7
10062;106;208;1;land;false;mountain;7
10063;159;192;1;land;false;hills;7
10064;154;224;1;land;false;mountain;7
10065;153;175;1;land;false;mountain;7
10066;111;227;1;land;false;mountain;7
10067;148;210;1;land;false;hills;7
10068;158;210;1;land;false;mountain;7
10069;158;93;1;land;false;desert;7
10070;89;66;1;land;false;desert;7
10071;101;70;1;land;false;desert;7
10072;142;41;1;land;false;desert;7
10073;111;106;1;land;false;desert;7
10074;127;66;1;land;false;desert;7
10075;136;47;1;land;false;plains;7
10076;128;103;1;land;false;plains;7
10077;166;36;1;land;false;hills;7
10078;160;69;1;land;false;plains;7
10079;110;93;1;land;false;plains;7
10080;110;48;1;land;false;plains;7
10081;112;102;1;land;false;desert;7
10082;164;66;1;land;false;plains;7
10083;103;98;1;land;false;plains;7
10084;91;86;1;land;false;hills;7
10085;121;100;1;land;false;desert;7
10086;119;98;1;land;false;desert;7
10087;109;210;1;land;true;mountain;7
10088;92;193;1;land;false;plains;7
10089;94;210;1;land;true;hills;7
10090;94;244;1;land;false;hills;7
10091;142;240;1;land;true;plains;7
10092;99;209;1;land;true;plains;7
10093;208;72;1;land;false;mountain;7
10094;193;68;1;land;false;mountain;7
10095;153;101;1;land;false;hills;7
10096;212;56;1;land;false;hills;7
10097;136;91;1;land;false;hills;7
10098;141;83;1;land;false;mountain;7
10099;141;29;1;land;false;hills;7
10100;193;67;1;land;false;hills;7
10101;148;60;1;land;false;hills;7
10102;143;73;1;land;false;mountain;7
10103;143;102;1;land;false;hills;7
10104;157;41;1;land;false;hills;7
10105;161;37;1;land;false;hills;7
10106;160;93;1;land;false;plains;7
10107;138;41;1;land;false;hills;7
10108;166;74;1;land;false;mountain;7
10109;193;97;1;land;false;hills;7
10110;141;48;1;land;false;plains;7
10111;192;27;1;land;false;hills;7
10112;166;42;1;land;false;hills;7
10113;184;61;1;land;false;hills;7
10114;157;25;1;land;false;hills;7
10115;199;73;1;land;false;hills;7
10116;179;38;1;land;false;hills;7
10117;175;74;1;land;false;hills;7
10118;208;64;1;land;false;hills;7
10119;141;76;1;land;false;hills;7
10120;168;46;1;land;false;hills;7
10121;174;39;1;land;false;hills;7
10122;113;127;1;land;false;mountain;7
10123;102;104;1;land;false;mountain;7
10124;99;81;1;land;false;hills;7
10125;140;116;1;land;false;hills;7
10126;58;93;1;land;false;hills;7
10127;250;207;1;land;false;desert;7
10128;185;170;1;land;false;desert;7
10129;218;202;1;land;false;hills;7
10130;251;164;1;land;false;hills;7
10131;249;222;1;land;false;desert;7
10132;191;161;1;land;false;desert;7
10133;218;62;1;land;false;mountain;7
10134;218;12;1;land;true;mountain;7
10135;213;55;1;land;false;hills;7
10136;181;41;1;land;false;mountain;7
10137;180;81;1;land;true;hills;7
10138;202;47;1;land;true;hills;7
10139;195;55;1;land;false;mountain;7
10140;242;4;1;land;true;plains;7
10141;164;22;1;land;false;plains;7
10142;240;46;1;land;false;hills;7
10143;194;4;1;land;true;hills;7
10144;182;76;1;land;false;hills;7
10145;232;196;1;land;false;hills;7
10146;231;218;1;land;false;hills;7
10147;191;185;1;land;false;hills;7
10148;183;183;1;land;false;hills;7
10149;188;185;1;land;false;hills;7
10150;178;172;1;land;false;hills;7
10151;229;152;1;land;false;plains;7
10152;206;178;1;land;false;hills;7
10153;183;141;1;land;false;hills;7
10154;223;181;1;land;false;hills;7
10155;198;146;1;land;false;hills;7
10156;220;206;1;land;false;plains;7
10157;212;199;1;land;false;hills;7
10158;221;201;1;land;false;hills;7
10159;4;136;1;land;false;hills;7
10160;10;137;1;land;false;hills;7
10161;20;149;1;land;false;hills;7
10162;7;126;1;land;false;forest;7
10163;16;140;1;land;false;hills;7
10164;44;190;1;land;false;hills;7
10165;13;165;1;land;false;mountain;7
10166;0;142;1;land;false;hills;7
10167;26;182;1;land;false;forest;7
10168;5;129;1;land;false;hills;7
10169;4;182;1;land;false;hills;7
10170;5;41;1;land;false;hills;7
10171;26;75;1;land;false;hills;7
10172;17;46;1;land;true;mountain;7
10173;11;34;1;land;false;hills;7
10174;8;40;1;land;false;hills;7
10175;4;4;1;land;true;mountain;7
10176;45;5;1;land;true;mountain;7
10177;40;34;1;land;false;hills;7
10178;20;9;1;land;false;hills;7
10179;217;102;1;land;false;plains;7
10180;206;104;1;land;false;mountain;7
10181;243;164;1;land;false;plains;7
10182;229;141;1;land;false;plains;7
10183;198;187;1;land;false;plains;7
10184;178;179;1;land;false;plains;7
10185;206;193;1;land;false;plains;7
10186;213;136;1;land;false;plains;7
10187;251;156;1;land;false;plains;7
10188;70;251;1;land;false;plains;7
10189;87;224;1;land;false;plains;7
10190;22;215;1;land;false;hills;7
10191;27;253;1;land;false;plains;7
10192;53;231;1;land;false;plains;7
10193;13;227;1;land;false;hills;7
10194;39;252;1;land;false;plains;7
10195;42;243;1;land;false;plains;7
10196;73;229;1;land;false;plains;7
10197;84;248;1;land;false;hills;7
10198;40;220;1;land;false;plains;7
10199;27;210;1;land;false;hills;7
10200;59;227;1;land;false;hills;7
10201;51;0;1;land;false;plains;7
10202;27;38;1;land;false;plains;7
10203;36;41;1;land;false;hills;7
10204;27;49;1;land;false;hills;7
10205;26;4;1;land;false;hills;7
10206;26;40;1;land;true;hills;7
10207;24;3;1;land;false;hills;7
10208;4;23;1;land;false;hills;7
10209;24;30;1;land;true;hills;7
10210;73;80;1;land;false;forest;7
10211;62;104;1;land;false;hills;7
10212;85;79;1;land;false;forest;7
10213;61;54;1;land;false;hills;7
10214;111;75;1;land;false;forest;7
10215;44;76;1;land;false;hills;7
10216;63;95;1;land;false;hills;7
10217;61;80;1;land;false;forest;7
10218;92;99;1;land;false;jungle;7
10219;76;105;1;land;false;hills;7
10220;109;69;1;land;false;hills;7
10221;103;49;1;land;false;hills;7
10222;82;85;1;land;false;hills;7
10223;60;74;1;land;false;hills;7
10224;34;197;1;land;false;hills;7
10225;66;229;1;land;false;forest;7
10226;48;216;1;land;true;forest;7
10227;104;216;1;land;true;forest;7
10228;80;187;1;land;true;forest;7
10229;84;56;1;land;true;hills;7
10230;152;107;1;land;true;mountain;7
10231;130;101;1;land;true;plains;7
10232;154;110;1;land;false;mountain;7
10233;126;66;1;land;true;mountain;7
10234;146;56;1;land;false;mountain;7
10235;154;89;1;land;false;hills;7
10236;119;79;1;land;true;plains;7
10237;127;84;1;land;true;plains;7
10238;133;59;1;land;false;mountain;7
10239;126;48;1;land;true;plains;7
10240;151;40;1;land;true;plains;7
10241;98;207;1;land;false;plains;7
10242;123;246;1;land;false;plains;7
10243;155;175;1;land;false;hills;7
10244;121;245;1;land;false;hills;7
10245;133;199;1;land;false;hills;7
10246;85;251;1;land;false;plains;7
10247;117;173;1;land;false;forest;7
10248;100;202;1;land;false;plains;7
10249;118;203;1;land;false;plains;7
10250;146;198;1;land;false;forest;7
10251;134;190;1;land;false;forest;7
10252;141;232;1;land;false;plains;7
10253;145;226;1;land;false;plains;7
10254;120;191;1;land;false;hills;7
10255;97;175;1;land;false;hills;7
10256;157;222;1;land;false;hills;7
10257;104;222;1;land;false;plains;7
10258;107;218;1;land;false;plains;7
10259;145;252;1;land;false;hills;7
10260;154;191;1;land;false;hills;7
10261;141;220;1;land;false;hills;7
10262;120;94;1;land;false;hills;7
10263;62;80;1;land;true;plains;7
10264;112;63;1;land;false;hills;7
10265;126;34;1;land;false;plains;7
10266;24;137;1;land;false;forest;7
10267;26;158;1;land;false;forest;7
10268;68;157;1;land;false;hills;7
10269;22;118;1;land;false;hills;7
10270;84;143;1;land;false;mountain;7
10271;40;90;1;land;false;jungle;7
10272;21;142;1;land;false;mountain;7
10273;18;130;1;land;false;forest;7
10274;53;156;1;land;false;mountain;7
10275;71;110;1;land;false;jungle;7
10276;43;106;1;land;false;hills;7
10277;72;155;1;land;false;jungle;7
10278;65;154;1;land;false;hills;7
10279;81;110;1;land;false;mountain;7
10280;68;91;1;land;false;mountain;7
10281;40;54;1;land;false;desert;7
10282;21;46;1;land;false;plains;7
10283;47;27;1;land;false;hills;7
10284;50;33;1;land;false;hills;7
10285;18;54;1;land;false;hills;7
10286;9;54;1;land;false;hills;7
10287;29;48;1;land;false;hills;7
10288;18;17;1;land;false;plains;7
10289;63;39;1;land;false;plains;7
10290;136;102;1;land;false;hills;7
10291;136;87;1;land;false;plains;7
10292;136;124;1;land;false;plains;7
10293;89;110;1;land;false;hills;7
10294;145;122;1;land;false;hills;7
10295;115;68;1;land;false;hills;7
10296;123;100;1;land;false;hills;7
10297;136;129;1;land;false;hills;7
10298;153;112;1;land;false;hills;7
10299;138;97;1;land;false;plains;7
10300;115;133;1;land;false;hills;7
10301;160;137;1;land;false;hills;7
10302;89;76;1;land;false;hills;7
10303;156;103;1;land;false;hills;7
10304;92;95;1;land;false;plains;7
10305;144;101;1;land;false;hills;7
10306;131;65;1;land;false;hills;7
10307;73;243;1;land;false;plains;7
10308;51;204;1;land;false;plains;7
10309;64;220;1;land;false;plains;7
10310;96;237;1;land;false;plains;7
10311;79;199;1;land;false;plains;7
10312;82;217;1;land;false;plains;7
10313;110;193;1;land;false;hills;7
10314;108;231;1;land;false;plains;7
10315;105;234;1;land;false;plains;7
10316;59;198;1;land;false;plains;7
10317;59;232;1;land;false;hills;7
10318;72;250;1;land;false;plains;7
10319;99;230;1;land;false;plains;7
10320;110;241;1;land;false;hills;7
10321;73;237;1;land;false;hills;7
10322;119;245;1;land;false;hills;7
10323;48;244;1;land;false;plains;7
10324;102;241;1;land;false;mountain;7
10325;66;198;1;land;false;plains;7
10326;71;218;1;land;false;plains;7
10327;76;253;1;land;false;plains;7
10328;89;234;1;land;false;plains;7
10329;88;246;1;land;false;plains;7
10330;81;215;1;land;false;plains;7
10331;92;202;1;land;false;plains;7
10332;70;235;1;land;false;plains;7
10333;47;254;1;land;false;plains;7
10334;72;227;1;land;false;hills;7
10335;56;209;1;land;false;plains;7
10336;89;212;1;land;false;hills;7
10337;88;232;1;land;false;hills;7
10338;108;225;1;land;false;plains;7
10339;104;218;1;land;false;plains;7
10340;81;208;1;land;false;plains;7
10341;54;250;1;land;false;hills;7
10342;97;242;1;land;false;plains;7
10343;57;249;1;land;false;hills;7
10344;85;201;1;land;false;hills;7
10345;147;80;1;land;true;plains;7
10346;160;127;1;land;true;hills;7
10347;133;57;1;land;true;hills;7
10348;166;87;1;land;true;hills;7
10349;196;105;1;land;false;forest;7
10350;156;81;1;land;true;hills;7
10351;178;64;1;land;true;plains;7
10352;199;118;1;land;true;hills;7
10353;202;75;1;land;false;hills;7
10354;153;53;1;land;false;hills;7
10355;159;59;1;land;false;forest;7
10356;190;70;1;land;true;hills;7
10357;166;79;1;land;false;hills;7
10358;151;101;1;land;true;plains;7
10359;195;125;1;land;true;hills;7
10360;134;76;1;land;false;forest;7
10361;162;158;1;land;false;forest;7
10362;151;207;1;land;false;forest;7
10363;156;226;1;land;false;forest;7
10364;152;210;1;land;false;mountain;7
10365;112;177;1;land;false;mountain;7
10366;161;177;1;land;false;plains;7
10367;170;189;1;land;true;mountain;7
10368;172;216;1;land;false;mountain;7
10369;141;214;1;land;false;plains;7
10370;177;213;1;land;false;forest;7
10371;117;182;1;land;false;forest;7
10372;156;183;1;land;false;plains;7
10373;125;73;1;land;false;plains;7
10374;157;45;1;land;false;plains;7
10375;185;60;1;land;false;hills;7
10376;145;101;1;land;false;plains;7
10377;155;102;1;land;false;hills;7
10378;179;59;1;land;false;plains;7
10379;139;104;1;land;false;plains;7
10380;176;60;1;land;false;hills;7
10381;153;62;1;land;false;plains;7
10382;162;76;1;land;false;plains;7
10383;144;51;1;land;false;plains;7
10384;118;238;1;land;false;forest;7
10385;157;225;1;land;false;forest;7
10386;160;238;1;land;false;forest;7
10387;91;216;1;land;false;hills;7
10388;114;214;1;land;false;plains;7
10389;109;235;1;land;false;forest;7
10390;100;177;1;land;false;mountain;7
10391;93;196;1;land;false;hills;7
10392;126;211;1;land;false;plains;7
10393;139;254;1;land;false;hills;7
10394;101;204;1;land;false;plains;7
10395;157;186;1;land;false;hills;7
10396;118;233;1;land;false;forest;7
10397;220;12;1;land;false;hills;7
10398;179;40;1;land;true;mountain;7
10399;176;28;1;land;false;plains;7
10400;235;51;1;land;false;hills;7
10401;238;49;1;land;false;hills;7
10402;177;61;1;land;false;hills;7
10403;201;73;1;land;true;hills;7
10404;199;77;1;land;false;mountain;7
10405;190;183;1;land;false;plains;7
10406;226;175;1;land;false;plains;7
10407;211;205;1;land;false;plains;7
10408;195;149;1;land;false;hills;7
10409;200;174;1;land;false;plains;7
10410;199;206;1;land;false;hills;7
10411;228;191;1;land;false;plains;7
10412;189;147;1;land;false;forest;7
10413;169;149;1;land;false;hills;7
10414;190;182;1;land;false;hills;7
10415;189;157;1;land;false;forest;7
10416;194;207;1;land;false;hills;7
10417;179;93;1;land;false;hills;7
10418;194;83;1;land;false;hills;7
10419;196;106;1;land;false;hills;7
10420;185;96;1;land;false;hills;7
10421;211;134;1;land;false;mountain;7
10422;145;166;1;land;false;mountain;7
10423;190;133;1;land;false;mountain;7
10424;177;157;1;land;false;hills;7
10425;168;159;1;land;false;hills;7
10426;199;149;1;land;false;hills;7
10427;132;132;1;land;false;hills;7
10428;152;161;1;land;false;mountain;7
10429;198;155;1;land;false;hills;7
10430;138;171;1;land;false;mountain;7
10431;200;163;1;land;false;mountain;7
10432;160;178;1;land;false;mountain;7
10433;209;156;1;land;false;hills;7
10434;182;186;1;land;false;hills;7
10435;151;150;1;land;false;hills;7
10436;147;198;1;land;false;hills;7
10437;162;189;1;land;false;hills;7
10438;157;158;1;land;false;hills;7
10439;162;146;1;land;false;hills;7
10440;176;188;1;land;false;hills;7
10441;210;129;1;land;false;hills;7
10442;197;151;1;land;false;plains;7
10443;203;196;1;land;false;mountain;7
10444;156;192;1;land;false;hills;7
10445;134;131;1;land;false;mountain;7
10446;146;183;1;land;false;desert;7
10447;189;176;1;land;false;mountain;7
10448;198;127;1;land;false;hills;7
10449;168;137;1;land;false;hills;7
10450;161;173;1;land;false;hills;7
10451;172;152;1;land;false;plains;7
10452;207;145;1;land;false;hills;7
10453;180;185;1;land;false;mountain;7
10454;185;140;1;land;false;mountain;7
10455;176;159;1;land;false;hills;7
10456;146;179;1;land;false;hills;7
10457;177;163;1;land;false;hills;7
10458;174;183;1;land;false;mountain;7
10459;138;153;1;land;false;hills;7
10460;171;130;1;land;false;mountain;7
10461;203;161;1;land;false;hills;7
10462;171;140;1;land;false;mountain;7
10463;172;183;1;land;false;plains;7
10464;207;128;1;land;false;hills;7
10465;191;145;1;land;false;plains;7
10466;182;193;1;land;false;hills;7
10467;149;187;1;land;false;hills;7
10468;135;144;1;land;false;hills;7
10469;177;133;1;land;false;hills;7
10470;160;189;1;land;false;hills;7
10471;193;129;1;land;false;hills;7
10472;132;155;1;land;false;mountain;7
10473;199;185;1;land;false;hills;7
10474;172;135;1;land;false;mountain;7
10475;98;168;1;land;false;mountain;7
10476;113;140;1;land;false;hills;7
10477;56;166;1;land;false;hills;7
10478;111;190;1;land;false;mountain;7
10479;111;162;1;land;false;hills;7
10480;61;190;1;land;false;hills;7
10481;63;210;1;land;false;plains;7
10482;85;137;1;land;false;plains;7
10483;111;197;1;land;false;mountain;7
10484;78;154;1;land;false;hills;7
10485;124;202;1;land;false;hills;7
10486;114;169;1;land;false;hills;7
10487;98;45;1;land;false;hills;7
10488;97;38;1;land;false;plains;7
10489;54;47;1;land;false;plains;7
10490;102;39;1;land;false;hills;7
10491;119;22;1;land;false;hills;7
10492;104;183;1;land;false;plains;7
10493;69;223;1;land;false;plains;7
10494;49;197;1;land;false;plains;7
10495;108;202;1;land;false;plains;7
10496;94;194;1;land;false;plains;7
10497;88;214;1;land;false;plains;7
10498;44;197;1;land;false;mountain;7
10499;73;162;1;land;false;plains;7
10500;57;157;1;land;false;plains;7
10501;60;194;1;land;false;plains;7
10502;92;182;1;land;false;plains;7
10503;104;147;1;land;false;plains;7
10504;136;163;1;land;false;plains;7
10505;126;203;1;land;false;plains;7
10506;129;135;1;land;false;plains;7
10507;103;137;1;land;false;plains;7
10508;173;28;1;land;false;plains;7
10509;170;49;1;land;true;plains;7
10510;171;71;1;land;true;plains;7
10511;196;134;1;land;true;forest;7
10512;225;114;1;land;true;forest;7
10513;188;85;1;land;true;forest;7
10514;176;104;1;land;true;mountain;7
10515;181;107;1;land;true;forest;7
10516;238;195;1;land;false;hills;7
10517;220;187;1;land;false;plains;7
10518;249;188;1;land;false;hills;7
10519;240;234;1;land;false;plains;7
10520;237;232;1;land;false;plains;7
10521;249;199;1;land;false;hills;7
10522;243;230;1;land;false;plains;7
10523;250;195;1;land;false;hills;7
10524;227;241;1;land;false;mountain;7
10525;239;252;1;land;false;plains;7
10526;202;106;1;land;false;hills;7
10527;252;152;1;land;false;forest;7
10528;237;123;1;land;false;hills;7
10529;245;147;1;land;false;hills;7
10530;220;106;1;land;false;forest;7
10531;205;84;1;land;false;forest;7
10532;240;82;1;land;false;hills;7
10533;218;142;1;land;false;forest;7
10534;210;76;1;land;false;forest;7
10535;230;86;1;land;false;forest;7
10536;216;212;1;land;false;forest;7
10537;215;246;1;land;false;hills;7
10538;201;222;1;land;false;forest;7
10539;236;250;1;land;false;forest;7
10540;251;246;1;land;false;hills;7
10541;252;241;1;land;false;hills;7
10542;241;216;1;land;false;hills;7
10543;226;224;1;land;false;hills;7
10544;253;252;1;land;false;hills;7
10545;198;243;1;land;false;plains;7
10546;230;214;1;land;false;hills;7
10547;206;212;1;land;false;hills;7
10548;247;215;1;land;false;forest;7
10549;240;120;1;land;false;plains;7
10550;199;60;1;land;false;desert;7
10551;232;62;1;land;false;plains;7
10552;181;117;1;land;false;plains;7
10553;180;69;1;land;false;desert;7
10554;219;98;1;land;true;hills;7
10555;216;98;1;land;false;plains;7
10556;236;71;1;land;false;hills;7
10557;227;111;1;land;true;hills;7
10558;226;88;1;land;false;mountain;7
10559;190;115;1;land;false;plains;7
10560;208;87;1;land;false;plains;7
10561;203;123;1;land;false;plains;7
10562;196;133;1;land;true;hills;7
10563;199;94;1;land;false;hills;7
10564;176;122;1;land;false;hills;7
10565;191;85;1;land;false;hills;7
10566;214;23;1;land;true;plains;7
10567;206;56;1;land;true;hills;7
10568;199;18;1;land;true;hills;7
10569;184;0;1;land;false;hills;7
10570;192;22;1;land;true;hills;7
10571;206;32;1;land;false;hills;7
10572;215;22;1;land;true;hills;7
10573;177;19;1;land;false;hills;7
10574;196;31;1;land;false;plains;7
10575;206;23;1;land;true;plains;7
10576;218;21;1;land;true;plains;7
10577;160;10;1;land;false;hills;7
10578;211;12;1;land;false;plains;7
10579;156;5;1;land;false;plains;7
10580;152;5;1;land;false;hills;7
10581;213;20;1;land;false;hills;7
10582;161;34;1;land;false;plains;7
10583;167;26;1;land;false;mountain;7
10584;206;25;1;land;false;mountain;7
10585;173;2;1;land;false;mountain;7
10586;172;40;1;land;false;plains;7
10587;218;14;1;land;false;plains;7
10588;187;4;1;land;false;plains;7
10589;199;15;1;land;false;mountain;7
10590;181;14;1;land;false;desert;7
10591;208;6;1;land;false;plains;7
10592;42;198;1;land;true;mountain;7
10593;204;237;1;land;true;hills;7
10594;250;247;1;land;false;hills;7
10595;212;221;1;land;false;mountain;7
10596;208;231;1;land;false;hills;7
10597;227;243;1;land;true;hills;7
10598;210;224;1;land;true;forest;7
10599;107;80;1;land;false;hills;7
10600;48;77;1;land;false;hills;7
10601;104;101;1;land;false;hills;7
10602;64;115;1;land;false;plains;7
10603;104;39;1;land;false;hills;7
10604;72;79;1;land;false;hills;7
10605;21;231;1;land;false;hills;7
10606;54;209;1;land;true;mountain;7
10607;79;248;1;land;false;hills;7
10608;86;223;1;land;false;hills;7
10609;77;212;1;land;true;mountain;7
10610;38;91;1;land;false;forest;7
10611;36;110;1;land;false;forest;7
10612;8;114;1;land;false;hills;7
10613;62;64;1;land;false;hills;7
10614;237;124;1;land;false;mountain;7
10615;231;125;1;land;false;mountain;7
10616;250;124;1;land;false;plains;7
10617;249;109;1;land;false;hills;7
10618;219;148;1;land;false;hills;7
10619;237;125;1;land;false;hills;7
10620;213;232;1;land;true;forest;7
10621;230;222;1;land;true;hills;7
10622;219;181;1;land;true;hills;7
10623;232;197;1;land;true;plains;7
10624;234;238;1;land;false;forest;7
10625;236;53;1;land;false;hills;7
10626;219;123;1;land;false;hills;7
10627;218;65;1;land;false;plains;7
10628;221;114;1;land;false;plains;7
10629;227;53;1;land;true;hills;7
10630;242;80;1;land;false;hills;7
10631;234;110;1;land;true;hills;7
10632;240;51;1;land;false;hills;7
10633;246;79;1;land;false;plains;7
10634;247;125;1;land;true;hills;7
10635;238;93;1;land;true;hills;7
10636;234;57;1;land;true;hills;7
10637;250;81;1;land;false;hills;7
10638;241;79;1;land;false;hills;7
10639;224;93;1;land;true;plains;7
10640;86;42;1;land;true;plains;7
10641;50;48;1;land;true;plains;7
10642;99;79;1;land;false;plains;7
10643;54;42;1;land;false;plains;7
10644;76;82;1;land;true;plains;7
10645;66;66;1;land;false;plains;7
10646;90;50;1;land;true;plains;7
10647;62;65;1;land;false;plains;7
10648;56;173;1;land;true;plains;7
10649;38;174;1;land;true;hills;7
10650;31;127;1;land;true;hills;7
10651;62;129;1;land;false;plains;7
10652;57;168;1;land;false;hills;7
10653;26;194;1;land;false;plains;7
10654;27;194;1;land;false;hills;7
10655;17;213;1;land;false;plains;7
10656;30;212;1;land;false;plains;7
10657;33;160;1;land;false;hills;7
10658;55;187;1;land;false;hills;7
10659;36;158;1;land;false;plains;7
10660;25;166;1;land;false;hills;7
10661;41;156;1;land;false;plains;7
10662;134;23;1;land;true;hills;7
10663;116;34;1;land;true;plains;7
10664;87;40;1;land;true;plains;7
10665;127;29;1;land;false;hills;7
10666;98;43;1;land;false;hills;7
10667;119;20;1;land;false;hills;7
10668;135;39;1;land;true;hills;7
10669;128;0;1;land;false;hills;7
10670;74;17;1;land;false;hills;7
10671;123;28;1;land;true;hills;7
10672;145;45;1;land;true;plains;7
10673;100;114;1;land;false;mountain;7
10674;110;150;1;land;false;hills;7
10675;105;149;1;land;false;hills;7
10676;92;184;1;land;true;hills;7
10677;121;128;1;land;true;hills;7
10678;117;122;1;land;true;plains;7
10679;96;148;1;land;true;hills;7
10680;89;122;1;land;true;hills;7
10681;126;164;1;land;false;mountain;7
10682;109;121;1;land;true;plains;7
10683;118;158;1;land;true;hills;7
10684;95;133;1;land;false;plains;7
10685;95;154;1;land;false;plains;7
10686;54;104;1;land;false;plains;7
10687;44;107;1;land;false;plains;7
10688;66;169;1;land;false;forest;7
10689;42;141;1;land;false;forest;7
10690;29;188;1;land;false;hills;7
10691;60;207;1;land;true;plains;7
10692;57;215;1;land;true;hills;7
10693;49;88;1;land;false;hills;7
10694;6;65;1;land;false;hills;7
10695;41;36;1;land;false;hills;7
10696;24;167;1;land;true;forest;7
10697;52;180;1;land;true;hills;7
10698;46;195;1;land;false;forest;7
10699;31;237;1;land;true;mountain;7
10700;36;226;1;land;false;jungle;7
10701;40;196;1;land;true;forest;7
10702;44;186;1;land;true;forest;7
10703;3;237;1;land;false;forest;7
10704;28;114;1;land;false;plains;7
10705;1;76;1;land;false;plains;7
10706;24;83;1;land;false;plains;7
10707;11;79;1;land;false;plains;7
10708;116;205;1;land;true;hills;7
10709;96;177;1;land;true;hills;7
10710;80;203;1;land;false;plains;7
10711;128;199;1;land;false;hills;7
10712;116;185;1;land;false;hills;7
10713;97;200;1;land;false;hills;7
10714;82;143;1;land;false;hills;7
10715;62;188;1;land;false;hills;7
10716;123;170;1;land;false;mountain;7
10717;63;43;1;land;false;mountain;7
10718;46;39;1;land;true;plains;7
10719;39;67;1;land;true;hills;7
10720;89;75;1;land;false;hills;7
10721;97;47;1;land;true;plains;7
10722;55;58;1;land;true;plains;7
10723;33;83;1;land;true;mountain;7
10724;135;191;1;land;false;plains;7
10725;111;125;1;land;false;hills;7
10726;163;161;1;land;false;hills;7
10727;145;175;1;land;false;forest;7
10728;118;149;1;land;false;hills;7
10729;136;175;1;land;false;forest;7
10730;175;151;1;land;false;hills;7
10731;132;192;1;land;false;hills;7
10732;146;118;1;land;false;forest;7
10733;111;150;1;land;false;forest;7
10734;99;148;1;land;false;hills;7
10735;89;139;1;land;false;forest;7
10736;122;127;1;land;false;plains;7
10737;137;126;1;land;false;hills;7
10738;129;167;1;land;true;hills;7
10739;196;135;1;land;false;hills;7
10740;183;148;1;land;false;hills;7
10741;155;133;1;land;false;hills;7
10742;178;111;1;land;false;hills;7
10743;166;250;1;land;false;hills;7
10744;98;223;1;land;false;hills;7
10745;99;250;1;land;false;hills;7
10746;133;222;1;land;false;hills;7
10747;111;205;1;land;false;mountain;7
10748;134;200;1;land;false;hills;7
10749;127;228;1;land;false;hills;7
10750;108;216;1;land;false;mountain;7
10751;174;211;1;land;false;mountain;7
10752;120;249;1;land;false;mountain;7
10753;168;235;1;land;false;hills;7
10754;173;228;1;land;false;hills;7
10755;125;241;1;land;false;plains;7
10756;133;211;1;land;false;plains;7
10757;128;247;1;land;false;mountain;7
10758;134;226;1;land;false;plains;7
10759;127;254;1;land;false;hills;7
10760;138;205;1;land;false;hills;7
10761;80;130;1;land;false;hills;7
10762;102;111;1;land;false;hills;7
10763;22;240;1;land;false;plains;7
10764;50;235;1;land;false;plains;7
10765;69;242;1;land;false;plains;7
10766;37;224;1;land;false;plains;7
10767;47;229;1;land;false;plains;7
10768;59;245;1;land;false;plains;7
10769;95;228;1;land;false;plains;7
10770;38;241;1;land;false;plains;7
10771;75;225;1;land;false;hills;7
10772;28;205;1;land;false;plains;7
10773;78;142;1;land;false;plains;7
10774;13;17;1;land;false;plains;7
10775;36;52;1;land;false;plains;7
10776;57;15;1;land;false;plains;7
10777;40;48;1;land;false;plains;7
10778;29;11;1;land;false;plains;7
10779;40;19;1;land;false;hills;7
10780;51;44;1;land;false;hills;7
10781;16;31;1;land;false;hills;7
10782;7;36;1;land;false;hills;7
10783;51;5;1;land;false;plains;7
10784;54;45;1;land;false;plains;7
10785;38;9;1;land;false;plains;7
10786;31;30;1;land;false;hills;7
10787;43;34;1;land;false;plains;7
10788;147;114;1;land;false;desert;7
10789;153;111;1;land;false;desert;7
10790;93;93;1;land;false;hills;7
10791;143;123;1;land;false;desert;7
10792;106;87;1;land;false;plains;7
10793;52;208;1;land;false;hills;7
10794;46;221;1;land;true;hills;7
10795;82;231;1;land;true;hills;7
10796;160;79;1;land;false;plains;7
10797;150;104;1;land;false;plains;7
10798;189;73;1;land;true;plains;7
10799;195;69;1;land;false;plains;7
10800;174;72;1;land;false;plains;7
10801;197;79;1;land;true;hills;7
10802;197;72;1;land;true;hills;7
10803;198;74;1;land;true;plains;7
10804;180;155;1;land;false;hills;7
10805;167;160;1;land;false;hills;7
10806;136;150;1;land;false;plains;7
10807;141;208;1;land;false;plains;7
10808;146;211;1;land;false;mountain;7
10809;121;227;1;land;false;mountain;7
10810;158;174;1;land;false;mountain;7
10811;184;204;1;land;false;hills;7
10812;191;158;1;land;false;plains;7
10813;137;226;1;land;false;mountain;7
10814;94;204;1;land;false;forest;7
10815;114;187;1;land;false;forest;7
10816;140;195;1;land;false;forest;7
10817;144;186;1;land;false;forest;7
10818;211;50;1;land;false;hills;7
10819;195;10;1;land;false;plains;7
10820;253;65;1;land;false;mountain;7
10821;222;63;1;land;false;hills;7
10822;203;55;1;land;false;hills;7
10823;218;46;1;land;false;mountain;7
10824;184;18;1;land;false;hills;7
10825;188;71;1;land;false;plains;7
10826;226;7;1;land;false;hills;7
10827;189;177;1;land;true;hills;7
10828;226;197;1;land;true;forest;7
10829;237;213;1;land;false;hills;7
10830;193;189;1;land;true;forest;7
10831;235;212;1;land;false;hills;7
10832;235;163;1;land;false;forest;7
10833;169;223;1;land;false;forest;7
10834;217;213;1;land;false;forest;7
10835;180;150;1;land;false;forest;7
10836;202;190;1;land;true;forest;7
10837;177;193;1;land;true;forest;7
10838;160;174;1;land;true;mountain;7
10839;191;102;1;land;false;hills;7
10840;187;66;1;land;false;plains;7
10841;197;67;1;land;false;hills;7
10842;191;43;1;land;false;hills;7
10843;174;85;1;land;false;plains;7
10844;194;58;1;land;false;plains;7
10845;167;30;1;land;false;plains;7
10846;176;101;1;land;false;hills;7
10847;188;96;1;land;false;plains;7
10848;177;82;1;land;false;hills;7
10849;203;102;1;land;false;plains;7
10850;181;84;1;land;false;plains;7
10851;160;42;1;land;false;plains;7
10852;183;96;1;land;false;hills;7
10853;181;39;1;land;false;plains;7
10854;225;84;1;land;false;plains;7
10855;186;27;1;land;false;hills;7
10856;212;48;1;land;false;hills;7
10857;199;51;1;land;false;hills;7
10858;170;81;1;land;false;plains;7
10859;203;61;1;land;false;plains;7
10860;216;32;1;land;false;hills;7
10861;220;105;1;land;false;hills;7
10862;219;86;1;land;false;plains;7
10863;172;60;1;land;false;plains;7
10864;174;200;1;land;false;desert;7
10865;151;201;1;land;false;desert;7
10866;197;152;1;land;false;plains;7
10867;203;198;1;land;false;plains;7
10868;143;161;1;land;false;plains;7
10869;205;158;1;land;false;hills;7
10870;201;155;1;land;false;desert;7
10871;139;148;1;land;false;plains;7
10872;201;145;1;land;false;hills;7
10873;173;141;1;land;false;hills;7
10874;200;156;1;land;false;desert;7
10875;182;146;1;land;false;plains;7
10876;210;201;1;land;false;plains;7
10877;182;171;1;land;false;plains;7
10878;175;167;1;land;false;plains;7
10879;140;174;1;land;false;plains;7
10880;137;139;1;land;false;plains;7
10881;155;83;1;land;false;hills;7
10882;174;88;1;land;false;hills;7
10883;136;98;1;land;false;forest;7
10884;158;61;1;land;false;hills;7
10885;139;136;1;land;false;hills;7
10886;164;138;1;land;false;hills;7
10887;102;63;1;land;false;mountain;7
10888;150;88;1;land;false;hills;7
10889;146;128;1;land;false;forest;7
10890;130;90;1;land;false;hills;7
10891;171;69;1;land;false;hills;7
10892;160;107;1;land;false;hills;7
10893;98;120;1;land;false;plains;7
10894;146;106;1;land;false;hills;7
10895;128;73;1;land;false;plains;7
10896;169;88;1;land;false;hills;7
10897;119;163;1;land;false;hills;7
10898;122;111;1;land;false;desert;7
10899;137;156;1;land;false;desert;7
10900;73;123;1;land;false;desert;7
10901;89;161;1;land;false;desert;7
10902;150;101;1;land;false;hills;7
10903;74;90;1;land;false;hills;7
10904;125;138;1;land;false;hills;7
10905;141;128;1;land;false;desert;7
10906;198;237;1;land;true;hills;7
10907;215;225;1;land;false;hills;7
10908;229;223;1;land;true;hills;7
10909;217;185;1;land;false;hills;7
10910;177;179;1;land;false;hills;7
10911;225;195;1;land;true;hills;7
10912;214;216;1;land;false;hills;7
10913;235;203;1;land;true;hills;7
10914;199;176;1;land;false;plains;7
10915;179;194;1;land;false;hills;7
10916;181;181;1;land;false;hills;7
10917;198;236;1;land;false;hills;7
10918;119;82;1;land;true;mountain;7
10919;118;63;1;land;false;mountain;7
10920;131;41;1;land;true;mountain;7
10921;129;85;1;land;true;mountain;7
10922;179;57;1;land;true;plains;7
10923;170;73;1;land;true;mountain;7
10924;252;21;1;land;false;hills;7
10925;191;61;1;land;false;hills;7
10926;223;80;1;land;false;forest;7
10927;196;8;1;land;false;forest;7
10928;224;35;1;land;false;mountain;7
10929;241;7;1;land;false;mountain;7
10930;245;50;1;land;false;mountain;7
10931;226;16;1;land;false;hills;7
10932;224;74;1;land;false;hills;7
10933;227;72;1;land;false;forest;7
10934;238;105;1;land;false;mountain;7
10935;216;64;1;land;false;hills;7
10936;213;48;1;land;false;hills;7
10937;184;92;1;land;false;forest;7
10938;224;66;1;land;false;forest;7
10939;172;87;1;land;false;forest;7
10940;185;86;1;land;false;forest;7
10941;228;71;1;land;false;forest;7
10942;199;97;1;land;false;hills;7
10943;239;105;1;land;false;hills;7
10944;231;105;1;land;false;mountain;7
10945;232;108;1;land;false;hills;7
10946;200;63;1;land;false;forest;7
10947;235;78;1;land;false;forest;7
10948;225;95;1;land;false;forest;7
10949;177;58;1;land;false;hills;7
10950;218;88;1;land;false;hills;7
10951;186;40;1;land;false;forest;7
10952;215;70;1;land;false;forest;7
10953;202;37;1;land;false;forest;7
10954;210;46;1;land;false;forest;7
10955;203;100;1;land;false;forest;7
10956;198;37;1;land;false;forest;7
10957;58;140;1;land;false;desert;7
10958;71;115;1;land;false;plains;7
10959;0;190;1;land;false;hills;7
10960;71;161;1;land;false;hills;7
10961;5;182;1;land;false;desert;7
10962;55;136;1;land;false;hills;7
10963;28;50;1;land;false;plains;7
10964;1;38;1;land;false;plains;7
10965;40;152;1;land;false;hills;7
10966;50;146;1;land;false;hills;7
10967;10;164;1;land;false;hills;7
10968;35;162;1;land;false;hills;7
10969;133;106;1;land;false;plains;7
10970;146;150;1;land;false;plains;7
10971;178;117;1;land;false;plains;7
10972;185;161;1;land;false;plains;7
10973;156;137;1;land;false;plains;7
10974;151;161;1;land;false;plains;7
10975;193;144;1;land;false;plains;7
10976;136;106;1;land;false;plains;7
10977;170;125;1;land;false;plains;7
10978;145;131;1;land;false;plains;7
10979;182;110;1;land;false;plains;7
10980;182;133;1;land;false;plains;7
10981;3;3;1;land;false;plains;7
10982;26;25;1;land;false;hills;7
10983;12;44;1;land;false;plains;7
10984;23;56;1;land;false;plains;7
10985;24;8;1;land;false;plains;7
10986;11;18;1;land;false;hills;7
10987;16;43;1;land;false;hills;7
10988;1;43;1;land;false;plains;7
10989;34;24;1;land;false;plains;7
10990;25;20;1;land;false;plains;7
10991;3;14;1;land;false;hills;7
10992;93;237;1;land;false;hills;7
10993;92;223;1;land;false;forest;7
10994;104;227;1;land;false;forest;7
10995;111;218;1;land;false;hills;7
10996;47;209;1;land;false;hills;7
10997;72;249;1;land;false;forest;7
10998;97;207;1;land;true;plains;7
10999;99;238;1;land;true;mountain;7
11000;230;143;1;land;false;hills;7
11001;230;100;1;land;false;plains;7
11002;179;129;1;land;false;plains;7
11003;254;139;1;land;false;hills;7
11004;251;113;1;land;false;hills;7
11005;183;93;1;land;false;plains;7
11006;240;149;1;land;false;plains;7
11007;216;124;1;land;false;hills;7
11008;200;134;1;land;false;plains;7
11009;220;113;1;land;false;hills;7
11010;233;149;1;land;false;hills;7
11011;215;141;1;land;false;hills;7
11012;92;29;1;land;false;hills;7
11013;32;28;1;land;false;hills;7
11014;88;37;1;land;false;hills;7
11015;65;51;1;land;false;hills;7
11016;15;27;1;land;false;hills;7
11017;25;49;1;land;false;hills;7
11018;90;35;1;land;false;hills;7
11019;40;46;1;land;false;hills;7
11020;84;48;1;land;false;hills;7
11021;73;26;1;land;false;hills;7
11022;36;44;1;land;false;plains;7
11023;72;0;1;land;false;hills;7
11024;27;15;1;land;false;hills;7
11025;28;47;1;land;false;plains;7
11026;24;57;1;land;false;hills;7
11027;43;72;1;land;false;hills;7
11028;7;70;1;land;false;hills;7
11029;44;105;1;land;false;hills;7
11030;210;141;1;land;false;plains;7
11031;239;83;1;land;false;plains;7
11032;212;130;1;land;false;plains;7
11033;199;89;1;land;false;plains;7
11034;222;134;1;land;false;plains;7
11035;239;102;1;land;false;plains;7
11036;253;79;1;land;false;plains;7
11037;199;91;1;land;false;plains;7
11038;159;180;1;land;false;hills;7
11039;189;195;1;land;false;hills;7
11040;188;158;1;land;false;hills;7
11041;135;196;1;land;false;hills;7
11042;147;157;1;land;false;hills;7
11043;24;61;1;land;true;hills;7
11044;86;103;1;land;true;forest;7
11045;84;54;1;land;true;hills;7
11046;31;43;1;land;true;hills;7
11047;61;72;1;land;true;hills;7
11048;72;108;1;land;true;hills;7
11049;30;95;1;land;true;hills;7
11050;41;37;1;land;true;plains;7
11051;54;78;1;land;true;plains;7
11052;27;81;1;land;true;hills;7
11053;87;41;1;land;false;hills;7
11054;18;38;1;land;true;hills;7
11055;32;75;1;land;false;jungle;7
11056;60;67;1;land;true;hills;7
11057;143;177;1;land;false;plains;7
11058;117;184;1;land;false;plains;7
11059;106;203;1;land;false;plains;7
11060;102;167;1;land;true;hills;7
11061;83;115;1;land;true;forest;7
11062;64;169;1;land;true;forest;7
11063;103;160;1;land;true;forest;7
11064;107;167;1;land;false;mountain;7
11065;128;147;1;land;true;hills;7
11066;94;149;1;land;true;hills;7
11067;74;163;1;land;true;hills;7
11068;98;126;1;land;true;hills;7
11069;94;112;1;land;true;hills;7
11070;88;145;1;land;true;hills;7
11071;82;177;1;land;true;hills;7
11072;140;151;1;land;true;forest;7
11073;78;148;1;land;true;hills;7
11074;253;242;1;land;false;plains;7
11075;219;209;1;land;false;plains;7
11076;247;232;1;land;false;plains;7
11077;247;223;1;land;false;plains;7
11078;195;20;1;land;false;hills;7
11079;179;45;1;land;false;hills;7
11080;246;49;1;land;false;mountain;7
11081;200;4;1;land;false;hills;7
11082;251;41;1;land;false;hills;7
11083;191;32;1;land;false;hills;7
11084;192;31;1;land;false;hills;7
11085;193;7;1;land;false;hills;7
11086;211;48;1;land;false;hills;7
11087;189;8;1;land;false;hills;7
11088;218;32;1;land;false;hills;7
11089;29;215;1;land;false;plains;7
11090;9;199;1;land;false;hills;7
11091;44;222;1;land;false;hills;7
11092;46;246;1;land;false;hills;7
11093;19;179;1;land;false;hills;7
11094;23;180;1;land;false;hills;7
11095;47;211;1;land;false;hills;7
11096;6;201;1;land;false;hills;7
11097;34;207;1;land;false;hills;7
11098;37;244;1;land;false;plains;7
11099;201;60;1;land;false;hills;7
11100;232;119;1;land;false;desert;7
11101;162;82;1;land;false;hills;7
11102;167;130;1;land;false;mountain;7
11103;187;100;1;land;false;hills;7
11104;155;85;1;land;false;plains;7
11105;195;56;1;land;false;hills;7
11106;232;59;1;land;false;hills;7
11107;173;93;1;land;false;plains;7
11108;190;100;1;land;false;hills;7
11109;168;114;1;land;false;hills;7
11110;201;55;1;land;false;plains;7
11111;142;55;1;land;false;plains;7
11112;183;114;1;land;false;hills;7
11113;131;36;1;land;false;hills;7
11114;26;197;1;land;false;hills;7
11115;41;249;1;land;true;forest;7
11116;28;234;1;land;false;forest;7
11117;71;178;1;land;false;forest;7
11118;72;212;1;land;false;forest;7
11119;62;240;1;land;false;hills;7
11120;71;237;1;land;false;forest;7
11121;81;227;1;land;false;forest;7
11122;76;215;1;land;false;forest;7
11123;67;205;1;land;false;hills;7
11124;76;174;1;land;false;hills;7
11125;42;225;1;land;false;mountain;7
11126;19;213;1;land;false;mountain;7
11127;43;183;1;land;false;hills;7
11128;67;235;1;land;false;forest;7
11129;28;236;1;land;false;forest;7
11130;62;189;1;land;false;hills;7
11131;43;181;1;land;false;mountain;7
11132;48;174;1;land;false;hills;7
11133;86;230;1;land;false;forest;7
11134;247;54;1;land;false;desert;7
11135;227;30;1;land;false;hills;7
11136;214;59;1;land;false;hills;7
11137;208;70;1;land;false;hills;7
11138;247;21;1;land;false;hills;7
11139;243;76;1;land;false;hills;7
11140;214;80;1;land;false;desert;7
11141;244;27;1;land;false;plains;7
11142;252;51;1;land;false;hills;7
11143;213;61;1;land;false;hills;7
11144;227;56;1;land;false;hills;7
11145;208;38;1;land;false;plains;7
11146;220;31;1;land;false;desert;7
11147;213;17;1;land;false;hills;7
11148;207;57;1;land;false;hills;7
11149;232;34;1;land;false;plains;7
11150;206;65;1;land;false;hills;7
11151;249;80;1;land;false;mountain;7
11152;226;65;1;land;false;hills;7
11153;212;52;1;land;false;plains;7
11154;228;44;1;land;false;hills;7
11155;254;36;1;land;false;hills;7
11156;212;75;1;land;false;hills;7
11157;201;26;1;land;false;desert;7
11158;227;35;1;land;false;desert;7
11159;208;18;1;land;false;desert;7
11160;228;46;1;land;false;hills;7
11161;232;24;1;land;false;hills;7
11162;229;38;1;land;false;plains;7
11163;236;50;1;land;false;mountain;7
11164;205;67;1;land;false;desert;7
11165;220;61;1;land;false;hills;7
11166;241;35;1;land;false;desert;7
11167;224;67;1;land;false;desert;7
11168;219;32;1;land;false;desert;7
11169;230;56;1;land;false;hills;7
11170;236;75;1;land;false;hills;7
11171;246;12;1;land;false;hills;7
11172;235;7;1;land;false;plains;7
11173;225;41;1;land;false;plains;7
11174;246;31;1;land;false;hills;7
11175;103;184;1;land;true;hills;7
11176;97;189;1;land;true;hills;7
11177;115;169;1;land;true;plains;7
11178;137;215;1;land;true;hills;7
11179;18;170;1;land;false;hills;7
11180;7;167;1;land;false;mountain;7
11181;29;200;1;land;false;hills;7
11182;63;202;1;land;false;hills;7
11183;29;206;1;land;false;plains;7
11184;44;153;1;land;false;hills;7
11185;128;70;1;land;false;hills;7
11186;110;79;1;land;true;hills;7
11187;142;48;1;land;false;plains;7
11188;89;39;1;land;false;plains;7
11189;81;18;1;land;false;hills;7
11190;103;92;1;land;false;hills;7
11191;102;42;1;land;false;plains;7
11192;100;88;1;land;false;plains;7
11193;109;23;1;land;false;hills;7
11194;129;58;1;land;false;hills;7
11195;141;71;1;land;false;plains;7
11196;130;38;1;land;false;hills;7
11197;221;13;1;land;false;plains;7
11198;212;44;1;land;false;plains;7
11199;156;46;1;land;false;hills;7
11200;221;30;1;land;false;plains;7
11201;219;22;1;land;true;plains;7
11202;182;31;1;land;true;hills;7
11203;219;27;1;land;false;hills;7
11204;181;33;1;land;true;hills;7
11205;222;28;1;land;true;hills;7
11206;183;30;1;land;false;plains;7
11207;179;18;1;land;false;hills;7
11208;96;128;1;land;true;mountain;7
11209;68;167;1;land;true;mountain;7
11210;61;186;1;land;false;mountain;7
11211;125;48;1;land;false;mountain;7
11212;183;32;1;land;false;mountain;7
11213;126;41;1;land;false;desert;7
11214;184;69;1;land;false;plains;7
11215;165;64;1;land;false;plains;7
11216;142;28;1;land;false;hills;7
11217;139;13;1;land;false;plains;7
11218;141;25;1;land;false;plains;7
11219;192;85;1;land;false;hills;7
11220;136;60;1;land;false;hills;7
11221;252;12;1;land;true;forest;7
11222;200;42;1;land;true;hills;7
11223;193;32;1;land;false;hills;7
11224;242;6;1;land;false;plains;7
11225;212;9;1;land;true;hills;7
11226;207;30;1;land;true;hills;7
11227;86;134;1;land;true;plains;7
11228;203;9;1;land;true;desert;7
11229;185;15;1;land;true;plains;7
11230;204;18;1;land;true;mountain;7
11231;191;20;1;land;false;mountain;7
11232;247;25;1;land;false;mountain;7
11233;112;123;1;land;false;mountain;7
11234;101;134;1;land;false;hills;7
11235;55;118;1;land;false;hills;7
11236;122;145;1;land;false;hills;7
11237;83;155;1;land;false;mountain;7
11238;85;130;1;land;false;hills;7
11239;197;85;1;land;true;hills;7
11240;147;78;1;land;true;plains;7
11241;151;130;1;land;false;plains;7
11242;173;97;1;land;false;hills;7
11243;127;127;1;land;true;plains;7
11244;194;95;1;land;true;hills;7
11245;178;76;1;land;false;plains;7
11246;154;146;1;land;true;plains;7
11247;193;130;1;land;true;desert;7
11248;162;79;1;land;false;plains;7
11249;126;91;1;land;true;plains;7
11250;139;129;1;land;true;hills;7
11251;154;111;1;land;true;plains;7
11252;165;112;1;land;true;plains;7
11253;247;229;1;land;false;plains;7
11254;230;234;1;land;true;hills;7
11255;224;229;1;land;false;desert;7
11256;245;226;1;land;false;desert;7
11257;241;224;1;land;true;hills;7
11258;217;242;1;land;false;desert;7
11259;227;220;1;land;false;hills;7
11260;244;235;1;land;false;desert;7
11261;236;217;1;land;false;plains;7
11262;181;204;1;land;false;plains;7
11263;251;221;1;land;false;plains;7
11264;237;178;1;land;false;plains;7
11265;179;170;1;land;false;hills;7
11266;216;195;1;land;false;plains;7
11267;252;174;1;land;true;hills;7
11268;202;186;1;land;false;plains;7
11269;208;205;1;land;true;plains;7
11270;204;157;1;land;false;forest;7
11271;248;156;1;land;false;plains;7
11272;243;157;1;land;false;hills;7
11273;237;185;1;land;false;forest;7
11274;214;208;1;land;true;hills;7
11275;246;209;1;land;false;plains;7
11276;238;194;1;land;false;forest;7
11277;49;109;1;land;false;hills;6
11278;85;166;1;land;false;hills;6
11279;78;169;1;land;false;hills;6
11280;62;136;1;land;false;plains;6
11281;30;156;1;land;false;jungle;6
11282;73;176;1;land;false;forest;6
11283;86;163;1;land;false;jungle;6
11284;93;158;1;land;false;jungle;6
11285;72;139;1;land;false;jungle;6
11286;54;159;1;land;false;hills;6
11287;26;161;1;land;false;plains;6
11288;33;171;1;land;false;forest;6
11289;87;180;1;land;false;plains;6
11290;252;207;1;land;false;hills;6
11291;238;215;1;land;false;hills;6
11292;239;189;1;land;false;forest;6
11293;213;192;1;land;false;plains;6
11294;203;172;1;land;false;plains;6
11295;189;219;1;land;false;plains;6
11296;248;178;1;land;false;plains;6
11297;181;224;1;land;false;plains;6
11298;189;241;1;land;false;hills;6
11299;234;200;1;land;false;hills;6
11300;230;204;1;land;false;plains;6
11301;204;227;1;land;false;plains;6
11302;22;181;1;land;false;mountain;6
11303;60;170;1;land;false;hills;6
11304;37;231;1;land;true;mountain;6
11305;4;183;1;land;false;mountain;6
11306;38;211;1;land;true;mountain;6
11307;8;223;1;land;true;mountain;6
11308;58;177;1;land;false;hills;6
11309;55;222;1;land;true;mountain;6
11310;44;202;1;land;true;mountain;6
11311;40;235;1;land;true;plains;6
11312;23;238;1;land;true;plains;6
11313;41;221;1;land;true;mountain;6
11314;35;173;1;land;true;mountain;6
11315;15;185;1;land;true;plains;6
11316;47;177;1;land;false;hills;6
11317;62;223;1;land;true;plains;6
11318;49;185;1;land;false;mountain;6
11319;59;183;1;land;true;mountain;6
11320;60;176;1;land;true;mountain;6
11321;34;137;1;land;false;hills;6
11322;106;181;1;land;true;hills;6
11323;35;170;1;land;false;hills;6
11324;88;170;1;land;false;hills;6
11325;53;160;1;land;false;hills;6
11326;60;171;1;land;true;hills;6
11327;40;129;1;land;false;hills;6
11328;38;161;1;land;true;hills;6
11329;65;139;1;land;true;hills;6
11330;178;238;1;land;false;hills;6
11331;176;230;1;land;false;forest;6
11332;184;218;1;land;false;plains;6
11333;175;223;1;land;false;hills;6
11334;184;243;1;land;false;forest;6
11335;230;230;1;land;false;plains;6
11336;178;249;1;land;false;plains;6
11337;196;231;1;land;false;plains;6
11338;190;227;1;land;false;plains;6
11339;225;226;1;land;false;forest;6
11340;214;234;1;land;false;hills;6
11341;180;212;1;land;false;plains;6
11342;180;234;1;land;false;hills;6
11343;116;123;1;land;false;plains;6
11344;111;140;1;land;false;forest;6
11345;170;167;1;land;false;plains;6
11346;136;132;1;land;false;plains;6
11347;123;172;1;land;false;plains;6
11348;96;184;1;land;false;hills;6
11349;128;185;1;land;false;plains;6
11350;111;182;1;land;false;plains;6
11351;99;117;1;land;false;plains;6
11352;133;127;1;land;false;hills;6
11353;95;114;1;land;false;hills;6
11354;160;173;1;land;false;plains;6
11355;111;167;1;land;false;plains;6
11356;128;123;1;land;false;plains;6
11357;136;144;1;land;false;hills;6
11358;136;123;1;land;false;plains;6
11359;164;117;1;land;false;plains;6
11360;154;122;1;land;false;plains;6
11361;123;154;1;land;false;hills;6
11362;131;128;1;land;false;forest;6
11363;133;146;1;land;false;plains;6
11364;160;146;1;land;false;plains;6
11365;105;178;1;land;false;hills;6
11366;149;152;1;land;false;hills;6
11367;166;175;1;land;false;hills;6
11368;164;175;1;land;false;hills;6
11369;11;69;1;land;true;hills;6
11370;10;100;1;land;true;plains;6
11371;48;139;1;land;false;hills;6
11372;1;84;1;land;false;hills;6
11373;11;137;1;land;false;hills;6
11374;19;118;1;land;false;hills;6
11375;18;88;1;land;true;hills;6
11376;25;118;1;land;false;hills;6
11377;22;216;1;land;false;plains;6
11378;30;233;1;land;true;hills;6
11379;12;195;1;land;false;plains;6
11380;15;183;1;land;true;hills;6
11381;53;238;1;land;true;plains;6
11382;15;212;1;land;true;hills;6
11383;60;205;1;land;true;plains;6
11384;38;194;1;land;false;plains;6
11385;39;185;1;land;false;plains;6
11386;140;26;1;land;true;desert;6
11387;172;62;1;land;true;hills;6
11388;121;41;1;land;true;plains;6
11389;160;24;1;land;true;hills;6
11390;102;46;1;land;false;plains;6
11391;103;60;1;land;false;hills;6
11392;100;68;1;land;false;desert;6
11393;163;55;1;land;false;hills;6
11394;144;71;1;land;false;hills;6
11395;164;97;1;land;false;hills;6
11396;122;98;1;land;true;hills;6
11397;100;60;1;land;false;hills;6
11398;117;47;1;land;false;hills;6
11399;165;79;1;land;false;hills;6
11400;125;46;1;land;false;plains;6
11401;116;86;1;land;true;hills;6
11402;159;31;1;land;false;hills;6
11403;165;67;1;land;false;hills;6
11404;168;95;1;land;false;plains;6
11405;99;41;1;land;false;hills;6
11406;158;28;1;land;false;hills;6
11407;223;198;1;land;false;plains;6
11408;190;193;1;land;false;hills;6
11409;180;148;1;land;false;plains;6
11410;241;138;1;land;true;hills;6
11411;182;160;1;land;true;plains;6
11412;241;200;1;land;true;desert;6
11413;200;150;1;land;true;plains;6
11414;218;158;1;land;false;hills;6
11415;227;199;1;land;true;mountain;6
11416;209;140;1;land;false;mountain;6
11417;153;115;1;land;true;hills;6
11418;89;102;1;land;true;hills;6
11419;109;161;1;land;false;forest;6
11420;144;141;1;land;true;hills;6
11421;130;141;1;land;false;hills;6
11422;156;123;1;land;true;forest;6
11423;97;104;1;land;true;forest;6
11424;134;119;1;land;false;hills;6
11425;107;104;1;land;false;hills;6
11426;132;131;1;land;false;hills;6
11427;123;117;1;land;false;forest;6
11428;252;199;1;land;false;jungle;6
11429;223;171;1;land;false;forest;6
11430;254;200;1;land;false;jungle;6
11431;216;185;1;land;false;forest;6
11432;247;241;1;land;false;hills;6
11433;244;238;1;land;false;jungle;6
11434;242;234;1;land;false;forest;6
11435;217;179;1;land;false;forest;6
11436;192;165;1;land;false;forest;6
11437;248;184;1;land;false;forest;6
11438;233;221;1;land;false;forest;6
11439;248;189;1;land;false;forest;6
11440;204;226;1;land;false;mountain;6
11441;221;176;1;land;false;hills;6
11442;254;214;1;land;false;plains;6
11443;230;232;1;land;false;forest;6
11444;192;190;1;land;false;forest;6
11445;205;213;1;land;false;forest;6
11446;212;230;1;land;false;jungle;6
11447;230;179;1;land;false;mountain;6
11448;195;205;1;land;false;jungle;6
11449;239;197;1;land;false;plains;6
11450;250;209;1;land;false;forest;6
11451;228;171;1;land;false;jungle;6
11452;192;219;1;land;false;forest;6
11453;212;235;1;land;false;hills;6
11454;235;188;1;land;false;mountain;6
11455;210;238;1;land;false;jungle;6
11456;137;94;1;land;false;hills;6
11457;86;25;1;land;false;hills;6
11458;93;46;1;land;false;plains;6
11459;102;88;1;land;false;hills;6
11460;146;81;1;land;false;hills;6
11461;124;162;1;land;true;plains;6
11462;166;137;1;land;true;plains;6
11463;171;196;1;land;false;plains;6
11464;105;154;1;land;false;plains;6
11465;171;195;1;land;false;plains;6
11466;116;132;1;land;false;plains;6
11467;161;190;1;land;true;hills;6
11468;138;169;1;land;true;hills;6
11469;107;185;1;land;false;plains;6
11470;16;165;1;land;false;mountain;6
11471;14;159;1;land;true;mountain;6
11472;8;174;1;land;true;plains;6
11473;39;163;1;land;false;mountain;6
11474;5;162;1;land;true;desert;6
11475;5;231;1;land;false;hills;6
11476;155;160;1;land;false;hills;6
11477;187;148;1;land;false;hills;6
11478;120;112;1;land;false;hills;6
11479;139;118;1;land;false;mountain;6
11480;173;161;1;land;false;mountain;6
11481;118;181;1;land;false;mountain;6
11482;137;148;1;land;false;hills;6
11483;162;142;1;land;false;hills;6
11484;203;12;1;land;false;plains;6
11485;179;50;1;land;false;forest;6
11486;198;30;1;land;false;jungle;6
11487;129;31;1;land;false;forest;6
11488;173;39;1;land;false;forest;6
11489;131;29;1;land;false;forest;6
11490;132;1;1;land;false;plains;6
11491;188;18;1;land;false;jungle;6
11492;134;9;1;land;false;hills;6
11493;156;11;1;land;false;hills;6
11494;185;47;1;land;false;forest;6
11495;191;23;1;land;false;plains;6
11496;150;16;1;land;false;hills;6
11497;139;10;1;land;false;plains;6
11498;143;25;1;land;false;forest;6
11499;174;45;1;land;false;forest;6
11500;176;24;1;land;false;mountain;6
11501;202;5;1;land;false;mountain;6
11502;203;44;1;land;false;jungle;6
11503;203;37;1;land;false;hills;6
11504;179;47;1;land;false;hills;6
11505;141;1;1;land;false;forest;6
11506;148;2;1;land;false;forest;6
11507;183;5;1;land;false;forest;6
11508;177;3;1;land;false;plains;6
11509;177;23;1;land;false;forest;6
11510;144;20;1;land;false;jungle;6
11511;198;8;1;land;false;hills;6
11512;138;29;1;land;false;mountain;6
11513;201;9;1;land;false;plains;6
11514;173;48;1;land;false;forest;6
11515;146;50;1;land;false;forest;6
11516;184;47;1;land;false;hills;6
11517;132;35;1;land;false;plains;6
11518;126;0;1;land;false;hills;6
11519;172;29;1;land;false;jungle;6
11520;173;16;1;land;false;forest;6
11521;186;33;1;land;false;hills;6
11522;198;31;1;land;false;forest;6
11523;139;251;1;land;true;plains;6
11524;105;236;1;land;false;forest;6
11525;101;219;1;land;true;plains;6
11526;83;209;1;land;true;plains;6
11527;141;213;1;land;false;plains;6
11528;133;219;1;land;false;plains;6
11529;124;246;1;land;true;plains;6
11530;84;208;1;land;false;plains;6
11531;105;225;1;land;false;plains;6
11532;95;239;1;land;false;plains;6
11533;140;253;1;land;false;plains;6
11534;137;254;1;land;true;hills;6
11535;137;253;1;land;false;plains;6
11536;140;233;1;land;false;forest;6
11537;98;220;1;land;true;plains;6
11538;94;248;1;land;false;hills;6
11539;41;97;1;land;true;plains;6
11540;52;67;1;land;true;plains;6
11541;17;126;1;land;true;plains;6
11542;22;124;1;land;false;forest;6
11543;2;143;1;land;true;plains;6
11544;32;73;1;land;true;forest;6
11545;17;123;1;land;true;plains;6
11546;43;110;1;land;false;forest;6
11547;38;129;1;land;true;plains;6
11548;22;97;1;land;true;hills;6
11549;28;141;1;land;false;forest;6
11550;30;116;1;land;true;hills;6
11551;1;94;1;land;true;plains;6
11552;46;113;1;land;false;hills;6
11553;201;108;1;land;true;plains;6
11554;245;128;1;land;true;hills;6
11555;244;81;1;land;true;plains;6
11556;235;130;1;land;true;hills;6
11557;227;106;1;land;true;hills;6
11558;230;104;1;land;true;hills;6
11559;220;209;1;land;false;forest;6
11560;239;221;1;land;false;forest;6
11561;230;241;1;land;false;forest;6
11562;210;173;1;land;false;forest;6
11563;248;198;1;land;false;hills;6
11564;220;174;1;land;false;hills;6
11565;252;224;1;land;false;forest;6
11566;230;185;1;land;false;hills;6
11567;242;215;1;land;false;hills;6
11568;197;211;1;land;false;forest;6
11569;140;221;1;land;false;forest;6
11570;192;223;1;land;false;forest;6
11571;141;247;1;land;false;forest;6
11572;139;243;1;land;false;plains;6
11573;185;249;1;land;false;forest;6
11574;194;209;1;land;false;hills;6
11575;51;241;1;land;false;mountain;6
11576;111;201;1;land;false;mountain;6
11577;113;235;1;land;false;mountain;6
11578;50;186;1;land;false;hills;6
11579;74;198;1;land;false;mountain;6
11580;69;213;1;land;false;mountain;6
11581;71;235;1;land;false;mountain;6
11582;80;244;1;land;false;hills;6
11583;81;248;1;land;false;mountain;6
11584;95;215;1;land;false;hills;6
11585;123;227;1;land;false;mountain;6
11586;12;164;1;land;false;plains;6
11587;33;136;1;land;false;hills;6
11588;9;157;1;land;false;forest;6
11589;19;155;1;land;false;forest;6
11590;12;154;1;land;false;hills;6
11591;13;114;1;land;false;hills;6
11592;8;128;1;land;true;plains;6
11593;35;130;1;land;false;forest;6
11594;40;134;1;land;false;mountain;6
11595;15;126;1;land;false;forest;6
11596;36;116;1;land;false;hills;6
11597;39;137;1;land;false;forest;6
11598;37;169;1;land;false;hills;6
11599;19;117;1;land;false;hills;6
11600;24;149;1;land;false;forest;6
11601;6;183;1;land;false;plains;6
11602;15;153;1;land;false;forest;6
11603;1;186;1;land;true;plains;6
11604;14;163;1;land;false;hills;6
11605;20;139;1;land;false;plains;6
11606;32;181;1;land;false;forest;6
11607;11;153;1;land;false;plains;6
11608;6;169;1;land;false;forest;6
11609;41;124;1;land;false;forest;6
11610;33;143;1;land;false;hills;6
11611;64;116;1;land;false;hills;6
11612;90;137;1;land;false;hills;6
11613;31;78;1;land;false;hills;6
11614;50;144;1;land;false;hills;6
11615;48;122;1;land;true;hills;6
11616;40;92;1;land;true;hills;6
11617;74;150;1;land;true;hills;6
11618;98;86;1;land;true;forest;6
11619;45;129;1;land;true;forest;6
11620;41;137;1;land;false;hills;6
11621;218;87;1;land;false;hills;6
11622;208;100;1;land;false;hills;6
11623;240;130;1;land;false;hills;6
11624;240;118;1;land;false;hills;6
11625;254;62;1;land;false;hills;6
11626;220;129;1;land;false;forest;6
11627;205;126;1;land;false;hills;6
11628;205;70;1;land;false;hills;6
11629;217;116;1;land;false;hills;6
11630;210;102;1;land;false;hills;6
11631;248;118;1;land;false;hills;6
11632;218;122;1;land;false;hills;6
11633;247;96;1;land;false;hills;6
11634;218;80;1;land;false;hills;6
11635;215;76;1;land;false;hills;6
11636;233;67;1;land;false;hills;6
11637;217;51;1;land;false;plains;6
11638;231;73;1;land;false;hills;6
11639;212;93;1;land;false;hills;6
11640;147;219;1;land;true;hills;6
11641;138;170;1;land;true;hills;6
11642;121;199;1;land;true;hills;6
11643;170;235;1;land;false;mountain;6
11644;138;193;1;land;true;hills;6
11645;133;214;1;land;false;mountain;6
11646;189;184;1;land;false;hills;6
11647;122;161;1;land;true;plains;6
11648;162;230;1;land;false;mountain;6
11649;156;184;1;land;true;plains;6
11650;198;196;1;land;false;mountain;6
11651;143;206;1;land;true;plains;6
11652;182;198;1;land;false;hills;6
11653;180;224;1;land;false;hills;6
11654;197;194;1;land;true;forest;6
11655;176;239;1;land;false;plains;6
11656;121;197;1;land;false;hills;6
11657;137;109;1;land;false;hills;6
11658;91;158;1;land;false;hills;6
11659;107;134;1;land;false;hills;6
11660;81;172;1;land;false;forest;6
11661;87;151;1;land;false;hills;6
11662;89;155;1;land;false;hills;6
11663;136;130;1;land;false;forest;6
11664;124;133;1;land;false;hills;6
11665;87;120;1;land;false;forest;6
11666;139;109;1;land;false;forest;6
11667;80;149;1;land;false;forest;6
11668;141;125;1;land;false;forest;6
11669;100;129;1;land;false;forest;6
11670;87;119;1;land;false;forest;6
11671;129;161;1;land;false;hills;6
11672;136;158;1;land;false;hills;6
11673;119;126;1;land;false;forest;6
11674;156;134;1;land;false;forest;6
11675;120;134;1;land;false;mountain;6
11676;83;131;1;land;false;forest;6
11677;136;134;1;land;false;hills;6
11678;88;129;1;land;false;forest;6
11679;111;151;1;land;false;forest;6
11680;157;23;1;land;true;forest;6
11681;161;17;1;land;true;hills;6
11682;145;21;1;land;false;hills;6
11683;101;22;1;land;false;hills;6
11684;91;33;1;land;false;mountain;6
11685;98;79;1;land;true;hills;6
11686;79;195;1;land;false;mountain;6
11687;121;139;1;land;false;mountain;6
11688;50;171;1;land;false;hills;6
11689;81;179;1;land;false;mountain;6
11690;110;149;1;land;false;mountain;6
11691;111;185;1;land;false;mountain;6
11692;64;163;1;land;false;hills;6
11693;84;187;1;land;false;mountain;6
11694;79;6;1;land;false;hills;6
11695;87;2;1;land;true;mountain;6
11696;125;8;1;land;false;hills;6
11697;91;26;1;land;true;mountain;6
11698;124;34;1;land;true;mountain;6
11699;59;35;1;land;false;mountain;6
11700;96;33;1;land;true;mountain;6
11701;137;22;1;land;false;mountain;6
11702;85;28;1;land;true;mountain;6
11703;188;9;1;land;false;hills;6
11704;154;70;1;land;false;hills;6
11705;217;56;1;land;true;hills;6
11706;220;39;1;land;true;hills;6
11707;191;58;1;land;true;plains;6
11708;181;58;1;land;true;hills;6
11709;209;72;1;land;true;plains;6
11710;208;31;1;land;true;hills;6
11711;249;7;1;land;false;forest;6
11712;229;12;1;land;false;hills;6
11713;234;6;1;land;true;hills;6
11714;228;15;1;land;false;jungle;6
11715;235;13;1;land;false;forest;6
11716;220;45;1;land;false;jungle;6
11717;248;21;1;land;false;hills;6
11718;234;27;1;land;false;hills;6
11719;241;43;1;land;false;hills;6
11720;228;43;1;land;false;jungle;6
11721;219;3;1;land;false;jungle;6
11722;239;10;1;land;false;jungle;6
11723;243;39;1;land;false;jungle;6
11724;227;1;1;land;false;hills;6
11725;226;19;1;land;false;forest;6
11726;123;29;1;land;false;mountain;6
11727;140;44;1;land;false;hills;6
11728;103;15;1;land;false;plains;6
11729;72;3;1;land;false;hills;6
11730;129;51;1;land;false;hills;6
11731;74;16;1;land;false;hills;6
11732;72;18;1;land;true;desert;6
11733;114;13;1;land;false;mountain;6
11734;143;18;1;land;true;mountain;6
11735;77;40;1;land;true;mountain;6
11736;124;36;1;land;false;hills;6
11737;101;20;1;land;false;hills;6
11738;99;8;1;land;false;hills;6
11739;105;3;1;land;false;hills;6
11740;126;17;1;land;false;hills;6
11741;162;91;1;land;false;hills;6
11742;201;151;1;land;true;forest;6
11743;169;127;1;land;false;forest;6
11744;184;130;1;land;false;forest;6
11745;178;109;1;land;false;forest;6
11746;158;151;1;land;true;hills;6
11747;158;135;1;land;false;forest;6
11748;147;130;1;land;false;forest;6
11749;200;88;1;land;true;hills;6
11750;199;127;1;land;false;forest;6
11751;174;105;1;land;false;forest;6
11752;87;220;1;land;false;jungle;6
11753;71;185;1;land;true;hills;6
11754;96;239;1;land;false;jungle;6
11755;60;189;1;land;false;hills;6
11756;77;214;1;land;false;hills;6
11757;69;230;1;land;true;hills;6
11758;91;249;1;land;false;hills;6
11759;94;237;1;land;false;forest;6
11760;58;187;1;land;false;forest;6
11761;121;194;1;land;false;jungle;6
11762;65;236;1;land;false;forest;6
11763;63;176;1;land;false;forest;6
11764;92;222;1;land;false;forest;6
11765;61;211;1;land;false;forest;6
11766;63;201;1;land;false;hills;6
11767;90;221;1;land;false;hills;6
11768;120;171;1;land;false;hills;6
11769;86;183;1;land;false;hills;6
11770;88;220;1;land;false;hills;6
11771;72;179;1;land;false;jungle;6
11772;73;195;1;land;false;hills;6
11773;94;240;1;land;true;mountain;6
11774;79;211;1;land;false;jungle;6
11775;124;184;1;land;false;jungle;6
11776;126;212;1;land;false;hills;6
11777;151;217;1;land;false;forest;6
11778;125;225;1;land;false;hills;6
11779;108;242;1;land;false;forest;6
11780;83;250;1;land;false;plains;6
11781;127;235;1;land;false;plains;6
11782;113;243;1;land;false;hills;6
11783;114;244;1;land;false;plains;6
11784;91;179;1;land;false;forest;6
11785;131;178;1;land;false;hills;6
11786;158;213;1;land;false;forest;6
11787;106;234;1;land;false;hills;6
11788;133;98;1;land;false;hills;6
11789;140;103;1;land;false;hills;6
11790;128;122;1;land;false;hills;6
11791;82;60;1;land;false;mountain;6
11792;128;97;1;land;false;hills;6
11793;141;91;1;land;false;mountain;6
11794;134;62;1;land;false;mountain;6
11795;88;64;1;land;false;mountain;6
11796;155;75;1;land;false;hills;6
11797;106;109;1;land;false;hills;6
11798;101;60;1;land;false;mountain;6
11799;148;133;1;land;false;hills;6
11800;86;122;1;land;false;hills;6
11801;47;218;1;land;false;forest;6
11802;40;215;1;land;false;hills;6
11803;21;193;1;land;false;forest;6
11804;50;155;1;land;false;forest;6
11805;3;200;1;land;false;forest;6
11806;46;160;1;land;false;forest;6
11807;11;211;1;land;false;forest;6
11808;63;197;1;land;false;forest;6
11809;48;159;1;land;false;plains;6
11810;10;186;1;land;false;forest;6
11811;8;188;1;land;false;hills;6
11812;0;201;1;land;false;forest;6
11813;73;157;1;land;false;forest;6
11814;74;185;1;land;false;forest;6
11815;40;177;1;land;false;forest;6
11816;61;203;1;land;false;plains;6
11817;12;185;1;land;false;forest;6
11818;64;170;1;land;false;hills;6
11819;54;151;1;land;false;forest;6
11820;16;171;1;land;false;plains;6
11821;47;184;1;land;false;forest;6
11822;11;196;1;land;false;hills;6
11823;124;194;1;land;true;mountain;6
11824;137;228;1;land;true;plains;6
11825;197;186;1;land;false;hills;6
11826;208;170;1;land;false;mountain;6
11827;219;140;1;land;false;hills;6
11828;189;131;1;land;true;plains;6
11829;184;164;1;land;true;forest;6
11830;209;125;1;land;false;hills;6
11831;234;194;1;land;true;hills;6
11832;223;126;1;land;false;forest;6
11833;191;151;1;land;false;mountain;6
11834;192;179;1;land;true;plains;6
11835;177;186;1;land;true;hills;6
11836;201;30;1;land;false;forest;6
11837;202;76;1;land;false;hills;6
11838;217;45;1;land;false;forest;6
11839;209;11;1;land;false;hills;6
11840;218;64;1;land;false;forest;6
11841;114;78;1;land;false;hills;6
11842;102;35;1;land;false;hills;6
11843;140;47;1;land;true;hills;6
11844;103;26;1;land;false;hills;6
11845;99;42;1;land;false;hills;6
11846;83;31;1;land;false;mountain;6
11847;147;56;1;land;false;mountain;6
11848;112;60;1;land;true;hills;6
11849;136;80;1;land;true;mountain;6
11850;119;15;1;land;true;desert;6
11851;141;50;1;land;false;mountain;6
11852;126;80;1;land;true;plains;6
11853;88;60;1;land;false;mountain;6
11854;107;32;1;land;false;hills;6
11855;132;82;1;land;false;hills;6
11856;72;60;1;land;false;desert;6
11857;124;52;1;land;true;hills;6
11858;123;13;1;land;true;plains;6
11859;110;83;1;land;true;plains;6
11860;121;20;1;land;false;mountain;6
11861;72;30;1;land;true;forest;6
11862;119;35;1;land;true;mountain;6
11863;80;25;1;land;true;mountain;6
11864;78;83;1;land;false;mountain;6
11865;138;37;1;land;true;hills;6
11866;138;33;1;land;false;hills;6
11867;109;72;1;land;false;mountain;6
11868;97;66;1;land;false;hills;6
11869;109;61;1;land;false;hills;6
11870;109;135;1;land;false;hills;6
11871;168;119;1;land;false;mountain;6
11872;159;84;1;land;false;hills;6
11873;118;107;1;land;false;plains;6
11874;157;77;1;land;false;plains;6
11875;136;145;1;land;false;plains;6
11876;123;109;1;land;false;hills;6
11877;168;136;1;land;false;hills;6
11878;114;107;1;land;false;hills;6
11879;242;40;1;land;false;plains;6
11880;237;69;1;land;true;plains;6
11881;232;15;1;land;false;plains;6
11882;249;37;1;land;true;plains;6
11883;217;20;1;land;true;plains;6
11884;225;86;1;land;false;plains;6
11885;200;27;1;land;true;hills;6
11886;244;73;1;land;false;hills;6
11887;253;24;1;land;false;plains;6
11888;215;87;1;land;false;plains;6
11889;217;50;1;land;false;plains;6
11890;245;40;1;land;false;hills;6
11891;253;28;1;land;true;hills;6
11892;172;226;1;land;true;plains;6
11893;157;248;1;land;true;plains;6
11894;159;254;1;land;true;plains;6
11895;192;244;1;land;false;plains;6
11896;204;210;1;land;true;plains;6
11897;190;234;1;land;false;plains;6
11898;207;214;1;land;true;plains;6
11899;164;217;1;land;true;plains;6
11900;174;228;1;land;true;plains;6
11901;36;182;1;land;true;hills;6
11902;82;160;1;land;false;plains;6
11903;29;193;1;land;true;plains;6
11904;16;128;1;land;true;plains;6
11905;84;124;1;land;true;plains;6
11906;179;52;1;land;false;hills;6
11907;186;25;1;land;false;hills;6
11908;189;0;1;land;false;hills;6
11909;202;44;1;land;false;hills;6
11910;137;7;1;land;true;hills;6
11911;135;67;1;land;false;mountain;6
11912;137;10;1;land;false;mountain;6
11913;181;52;1;land;true;mountain;6
11914;161;42;1;land;true;mountain;6
11915;148;62;1;land;true;hills;6
11916;160;41;1;land;true;mountain;6
11917;144;64;1;land;true;desert;6
11918;175;23;1;land;false;hills;6
11919;207;51;1;land;true;hills;6
11920;190;32;1;land;false;mountain;6
11921;151;47;1;land;true;mountain;6
11922;140;45;1;land;true;mountain;6
11923;196;36;1;land;true;desert;6
11924;211;8;1;land;false;hills;6
11925;182;65;1;land;true;plains;6
11926;214;44;1;land;true;mountain;6
11927;195;7;1;land;true;hills;6
11928;51;84;1;land;false;forest;6
11929;4;82;1;land;false;jungle;6
11930;31;84;1;land;false;jungle;6
11931;4;90;1;land;false;hills;6
11932;19;59;1;land;false;hills;6
11933;23;63;1;land;false;hills;6
11934;28;93;1;land;false;hills;6
11935;50;89;1;land;false;plains;6
11936;49;54;1;land;false;hills;6
11937;31;122;1;land;false;hills;6
11938;6;121;1;land;false;hills;6
11939;50;108;1;land;false;hills;6
11940;38;119;1;land;false;jungle;6
11941;26;113;1;land;false;jungle;6
11942;25;93;1;land;false;hills;6
11943;51;110;1;land;false;jungle;6
11944;32;66;1;land;false;forest;6
11945;23;84;1;land;false;jungle;6
11946;2;77;1;land;false;hills;6
11947;30;120;1;land;false;hills;6
11948;16;74;1;land;false;mountain;6
11949;36;129;1;land;false;hills;6
11950;3;61;1;land;false;mountain;6
11951;16;77;1;land;false;hills;6
11952;69;143;1;land;false;mountain;6
11953;29;75;1;land;false;mountain;6
11954;79;127;1;land;false;mountain;6
11955;63;147;1;land;false;mountain;6
11956;30;85;1;land;false;plains;6
11957;81;128;1;land;false;hills;6
11958;79;123;1;land;false;hills;6
11959;39;116;1;land;false;mountain;6
11960;51;142;1;land;false;plains;6
11961;76;50;1;land;false;forest;6
11962;109;47;1;land;false;forest;6
11963;86;94;1;land;false;hills;6
11964;76;87;1;land;false;hills;6
11965;73;47;1;land;false;hills;6
11966;55;49;1;land;false;forest;6
11967;78;101;1;land;false;forest;6
11968;75;89;1;land;false;forest;6
11969;52;90;1;land;false;hills;6
11970;91;45;1;land;false;hills;6
11971;75;77;1;land;true;forest;6
11972;69;87;1;land;false;forest;6
11973;58;80;1;land;false;forest;6
11974;80;50;1;land;false;hills;6
11975;86;90;1;land;true;forest;6
11976;44;68;1;land;false;forest;6
11977;68;201;1;land;false;forest;6
11978;32;145;1;land;false;forest;6
11979;42;189;1;land;false;plains;6
11980;31;218;1;land;false;plains;6
11981;34;152;1;land;false;plains;6
11982;66;155;1;land;false;forest;6
11983;6;224;1;land;false;plains;6
11984;37;48;1;land;true;hills;6
11985;46;88;1;land;true;hills;6
11986;34;60;1;land;true;plains;6
11987;84;65;1;land;false;hills;6
11988;102;71;1;land;false;hills;6
11989;67;46;1;land;false;plains;6
11990;66;29;1;land;false;plains;6
11991;128;64;1;land;false;forest;6
11992;90;21;1;land;false;hills;6
11993;137;41;1;land;false;forest;6
11994;84;42;1;land;false;hills;6
11995;131;5;1;land;false;hills;6
11996;117;45;1;land;false;forest;6
11997;135;32;1;land;false;hills;6
11998;104;24;1;land;false;forest;6
11999;106;38;1;land;false;forest;6
12000;23;97;1;land;false;plains;6
12001;3;121;1;land;false;hills;6
12002;30;137;1;land;false;plains;6
12003;40;126;1;land;false;plains;6
12004;61;76;1;land;false;hills;6
12005;30;124;1;land;false;plains;6
12006;8;134;1;land;false;hills;6
12007;48;129;1;land;false;plains;6
12008;7;106;1;land;false;mountain;6
12009;72;67;1;land;false;plains;6
12010;74;117;1;land;false;hills;6
12011;19;115;1;land;false;plains;6
12012;80;112;1;land;false;hills;6
12013;60;108;1;land;false;forest;6
12014;79;89;1;land;false;hills;6
12015;56;130;1;land;false;plains;6
12016;31;126;1;land;false;hills;6
12017;76;135;1;land;false;plains;6
12018;113;68;1;land;false;hills;6
12019;134;60;1;land;true;hills;6
12020;87;4;1;land;true;mountain;6
12021;119;0;1;land;true;hills;6
12022;84;23;1;land;true;hills;6
12023;70;69;1;land;false;plains;6
12024;96;51;1;land;false;hills;6
12025;117;35;1;land;false;hills;6
12026;123;32;1;land;false;plains;6
12027;114;30;1;land;false;hills;6
12028;141;51;1;land;false;hills;6
12029;118;12;1;land;false;plains;6
12030;73;22;1;land;false;hills;6
12031;83;24;1;land;false;plains;6
12032;133;30;1;land;false;hills;6
12033;73;7;1;land;false;plains;6
12034;90;65;1;land;false;hills;6
12035;117;62;1;land;false;plains;6
12036;70;16;1;land;true;mountain;6
12037;115;18;1;land;false;hills;6
12038;120;9;1;land;true;plains;6
12039;87;208;1;land;false;hills;6
12040;115;212;1;land;true;hills;6
12041;125;160;1;land;false;hills;6
12042;118;153;1;land;false;plains;6
12043;102;136;1;land;true;mountain;6
12044;95;204;1;land;false;plains;6
12045;72;180;1;land;false;hills;6
12046;106;152;1;land;true;hills;6
12047;97;146;1;land;true;hills;6
12048;85;198;1;land;false;hills;6
12049;127;188;1;land;false;plains;6
12050;39;142;1;land;true;plains;6
12051;32;147;1;land;true;hills;6
12052;58;166;1;land;false;plains;6
12053;59;184;1;land;false;plains;6
12054;58;176;1;land;true;hills;6
12055;34;185;1;land;false;desert;6
12056;43;134;1;land;false;plains;6
12057;34;166;1;land;false;hills;6
12058;34;175;1;land;false;plains;6
12059;21;124;1;land;true;plains;6
12060;177;139;1;land;false;hills;6
12061;187;88;1;land;false;hills;6
12062;202;130;1;land;false;hills;6
12063;225;82;1;land;false;plains;6
12064;225;110;1;land;false;hills;6
12065;160;158;1;land;false;hills;6
12066;210;123;1;land;false;hills;6
12067;214;102;1;land;false;hills;6
12068;154;145;1;land;false;plains;6
12069;173;116;1;land;false;plains;6
12070;222;90;1;land;false;hills;6
12071;190;101;1;land;false;forest;6
12072;231;124;1;land;false;plains;6
12073;230;110;1;land;false;plains;6
12074;165;122;1;land;false;forest;6
12075;161;94;1;land;false;plains;6
12076;193;115;1;land;false;plains;6
12077;175;81;1;land;false;hills;6
12078;229;110;1;land;false;plains;6
12079;167;131;1;land;false;hills;6
12080;175;99;1;land;false;hills;6
12081;233;111;1;land;false;forest;6
12082;243;18;1;land;false;plains;6
12083;234;68;1;land;true;plains;6
12084;216;54;1;land;false;plains;6
12085;202;71;1;land;false;plains;6
12086;228;47;1;land;false;plains;6
12087;210;21;1;land;false;plains;6
12088;225;62;1;land;false;plains;6
12089;226;46;1;land;false;plains;6
12090;223;58;1;land;false;plains;6
12091;229;83;1;land;false;plains;6
12092;229;64;1;land;false;plains;6
12093;250;9;1;land;false;plains;6
12094;245;193;1;land;false;forest;6
12095;207;226;1;land;false;plains;6
12096;182;172;1;land;false;forest;6
12097;241;250;1;land;false;hills;6
12098;188;214;1;land;false;hills;6
12099;215;237;1;land;false;hills;6
12100;250;216;1;land;false;hills;6
12101;251;194;1;land;false;plains;6
12102;221;185;1;land;false;hills;6
12103;218;233;1;land;false;hills;6
12104;227;246;1;land;false;forest;6
12105;247;193;1;land;false;plains;6
12106;210;187;1;land;false;hills;6
12107;182;173;1;land;false;plains;6
12108;173;201;1;land;false;hills;6
12109;216;245;1;land;false;hills;6
12110;220;250;1;land;false;forest;6
12111;173;219;1;land;false;forest;6
12112;234;212;1;land;false;forest;6
12113;175;50;1;land;true;plains;6
12114;166;68;1;land;true;hills;6
12115;146;33;1;land;true;plains;6
12116;174;16;1;land;false;plains;6
12117;175;32;1;land;false;plains;6
12118;133;85;1;land;true;hills;6
12119;182;28;1;land;false;plains;6
12120;44;21;1;land;false;hills;6
12121;41;28;1;land;false;mountain;6
12122;44;32;1;land;false;hills;6
12123;33;77;1;land;false;hills;6
12124;10;80;1;land;false;hills;6
12125;8;51;1;land;false;hills;6
12126;34;74;1;land;false;forest;6
12127;5;77;1;land;false;plains;6
12128;44;89;1;land;false;hills;6
12129;11;81;1;land;false;hills;6
12130;5;43;1;land;false;mountain;6
12131;25;89;1;land;false;hills;6
12132;27;50;1;land;false;mountain;6
12133;40;52;1;land;false;forest;6
12134;11;86;1;land;false;hills;6
12135;150;205;1;land;false;hills;6
12136;158;249;1;land;false;hills;6
12137;145;190;1;land;false;hills;6
12138;154;210;1;land;false;hills;6
12139;101;214;1;land;false;hills;6
12140;97;195;1;land;false;hills;6
12141;161;180;1;land;false;hills;6
12142;175;213;1;land;false;mountain;6
12143;156;231;1;land;false;hills;6
12144;60;148;1;land;false;forest;6
12145;57;101;1;land;false;forest;6
12146;50;106;1;land;false;forest;6
12147;52;125;1;land;false;forest;6
12148;54;105;1;land;false;forest;6
12149;56;76;1;land;false;forest;6
12150;60;102;1;land;false;forest;6
12151;40;125;1;land;false;forest;6
12152;171;110;1;land;false;mountain;6
12153;156;146;1;land;false;hills;6
12154;177;166;1;land;false;hills;6
12155;130;131;1;land;false;hills;6
12156;178;148;1;land;false;forest;6
12157;141;139;1;land;false;mountain;6
12158;167;148;1;land;false;hills;6
12159;172;164;1;land;false;forest;6
12160;190;168;1;land;false;hills;6
12161;152;165;1;land;true;plains;6
12162;150;173;1;land;true;plains;6
12163;134;124;1;land;false;hills;6
12164;163;162;1;land;false;hills;6
12165;185;100;1;land;false;forest;6
12166;147;138;1;land;false;hills;6
12167;162;117;1;land;true;plains;6
12168;15;178;1;land;false;hills;6
12169;42;176;1;land;false;hills;6
12170;29;126;1;land;false;hills;6
12171;47;132;1;land;false;hills;6
12172;5;159;1;land;false;hills;6
12173;35;134;1;land;false;hills;6
12174;52;160;1;land;false;hills;6
12175;30;106;1;land;false;mountain;6
12176;35;135;1;land;false;hills;6
12177;30;144;1;land;false;hills;6
12178;39;31;1;land;true;hills;6
12179;14;7;1;land;false;forest;6
12180;4;28;1;land;false;plains;6
12181;22;17;1;land;true;hills;6
12182;36;28;1;land;false;hills;6
12183;29;7;1;land;false;forest;6
12184;13;82;1;land;false;plains;6
12185;31;69;1;land;false;forest;6
12186;96;67;1;land;false;forest;6
12187;63;130;1;land;false;forest;6
12188;53;128;1;land;false;hills;6
12189;58;136;1;land;false;plains;6
12190;106;73;1;land;false;plains;6
12191;36;77;1;land;false;plains;6
12192;84;123;1;land;false;jungle;6
12193;112;92;1;land;false;forest;6
12194;98;117;1;land;false;forest;6
12195;111;130;1;land;false;jungle;6
12196;96;123;1;land;false;forest;6
12197;72;115;1;land;false;plains;6
12198;192;201;1;land;true;hills;6
12199;121;124;1;land;true;hills;6
12200;109;98;1;land;true;hills;6
12201;165;91;1;land;false;hills;6
12202;129;84;1;land;true;hills;6
12203;153;107;1;land;false;forest;6
12204;165;127;1;land;false;mountain;6
12205;157;76;1;land;false;forest;6
12206;142;123;1;land;false;hills;6
12207;123;76;1;land;true;forest;6
12208;145;129;1;land;false;forest;6
12209;161;56;1;land;true;hills;6
12210;110;118;1;land;false;hills;6
12211;118;121;1;land;false;hills;6
12212;145;56;1;land;true;hills;6
12213;236;165;1;land;false;hills;6
12214;242;163;1;land;false;forest;6
12215;246;149;1;land;true;hills;6
12216;214;159;1;land;false;jungle;6
12217;227;168;1;land;false;hills;6
12218;214;186;1;land;false;hills;6
12219;249;180;1;land;false;forest;6
12220;206;154;1;land;true;hills;6
12221;230;149;1;land;true;hills;6
12222;229;206;1;land;false;hills;6
12223;248;207;1;land;false;forest;6
12224;238;187;1;land;true;hills;6
12225;243;161;1;land;false;jungle;6
12226;151;55;1;land;false;hills;6
12227;162;70;1;land;false;hills;6
12228;140;46;1;land;false;forest;6
12229;42;146;1;land;false;forest;6
12230;105;145;1;land;false;hills;6
12231;43;163;1;land;false;hills;6
12232;65;161;1;land;false;hills;6
12233;62;176;1;land;false;hills;6
12234;48;164;1;land;false;plains;6
12235;52;195;1;land;false;plains;6
12236;82;192;1;land;false;plains;6
12237;66;130;1;land;false;hills;6
12238;48;153;1;land;false;plains;6
12239;62;153;1;land;false;hills;6
12240;152;126;1;land;false;forest;6
12241;184;109;1;land;false;hills;6
12242;190;99;1;land;false;forest;6
12243;195;164;1;land;true;forest;6
12244;198;122;1;land;false;forest;6
12245;138;126;1;land;false;hills;6
12246;167;172;1;land;false;hills;6
12247;209;159;1;land;true;mountain;6
12248;175;158;1;land;true;forest;6
12249;132;110;1;land;true;hills;6
12250;167;121;1;land;true;hills;6
12251;209;98;1;land;false;forest;6
12252;149;168;1;land;false;forest;6
12253;188;154;1;land;true;hills;6
12254;196;115;1;land;false;hills;6
12255;207;98;1;land;false;hills;6
12256;48;206;1;land;true;hills;6
12257;50;136;1;land;false;hills;6
12258;42;139;1;land;false;hills;6
12259;3;201;1;land;false;hills;6
12260;17;147;1;land;true;mountain;6
12261;76;194;1;land;false;hills;6
12262;35;177;1;land;false;plains;6
12263;27;190;1;land;true;mountain;6
12264;20;202;1;land;true;mountain;6
12265;72;182;1;land;true;plains;6
12266;36;200;1;land;false;hills;6
12267;74;197;1;land;true;plains;6
12268;15;203;1;land;false;mountain;6
12269;49;156;1;land;true;mountain;6
12270;68;170;1;land;true;plains;6
12271;218;210;1;land;true;desert;6
12272;241;226;1;land;true;desert;6
12273;228;245;1;land;true;desert;6
12274;253;246;1;land;true;desert;6
12275;132;124;1;land;false;forest;6
12276;164;146;1;land;true;hills;6
12277;147;156;1;land;true;hills;6
12278;94;152;1;land;false;forest;6
12279;98;145;1;land;true;hills;6
12280;157;167;1;land;false;hills;6
12281;111;157;1;land;true;hills;6
12282;125;118;1;land;false;hills;6
12283;102;183;1;land;true;hills;6
12284;139;169;1;land;false;hills;6
12285;159;110;1;land;false;hills;6
12286;164;155;1;land;false;hills;6
12287;113;152;1;land;true;hills;6
12288;93;122;1;land;false;hills;6
12289;105;115;1;land;false;hills;6
12290;158;178;1;land;true;hills;6
12291;105;117;1;land;false;hills;6
12292;150;158;1;land;false;forest;6
12293;126;177;1;land;true;forest;6
12294;137;106;1;land;false;hills;6
12295;116;142;1;land;false;hills;6
12296;134;145;1;land;false;hills;6
12297;133;114;1;land;false;hills;6
12298;116;121;1;land;false;hills;6
12299;92;157;1;land;false;forest;6
12300;147;126;1;land;false;hills;6
12301;109;178;1;land;true;hills;6
12302;130;113;1;land;true;hills;6
12303;144;10;1;land;false;plains;6
12304;148;39;1;land;false;forest;6
12305;139;43;1;land;false;forest;6
12306;147;16;1;land;false;plains;6
12307;107;19;1;land;true;plains;6
12308;130;42;1;land;true;hills;6
12309;171;7;1;land;true;hills;6
12310;122;32;1;land;false;hills;6
12311;178;7;1;land;false;hills;6
12312;170;33;1;land;false;plains;6
12313;132;18;1;land;false;plains;6
12314;105;42;1;land;false;hills;6
12315;101;9;1;land;true;plains;6
12316;132;40;1;land;true;plains;6
12317;111;1;1;land;false;forest;6
12318;147;33;1;land;false;plains;6
12319;180;4;1;land;true;hills;6
12320;118;31;1;land;false;plains;6
12321;179;39;1;land;false;hills;6
12322;173;42;1;land;false;hills;6
12323;161;1;1;land;false;plains;6
12324;114;24;1;land;false;forest;6
12325;169;29;1;land;false;plains;6
12326;114;12;1;land;true;plains;6
12327;155;41;1;land;false;forest;6
12328;122;22;1;land;true;hills;6
12329;178;22;1;land;true;hills;6
12330;180;41;1;land;false;forest;6
12331;159;24;1;land;true;hills;6
12332;176;12;1;land;false;plains;6
12333;149;32;1;land;false;plains;6
12334;126;28;1;land;true;hills;6
12335;118;34;1;land;false;plains;6
12336;80;242;1;land;false;plains;6
12337;66;217;1;land;false;hills;6
12338;71;204;1;land;false;hills;6
12339;80;218;1;land;false;plains;6
12340;36;254;1;land;false;hills;6
12341;71;193;1;land;false;hills;6
12342;84;230;1;land;false;hills;6
12343;18;227;1;land;false;hills;6
12344;153;221;1;land;false;hills;6
12345;115;230;1;land;false;mountain;6
12346;153;185;1;land;false;mountain;6
12347;145;229;1;land;false;forest;6
12348;122;223;1;land;false;mountain;6
12349;155;235;1;land;false;hills;6
12350;110;187;1;land;false;forest;6
12351;103;213;1;land;false;hills;6
12352;152;241;1;land;false;forest;6
12353;163;185;1;land;false;hills;6
12354;161;239;1;land;false;hills;6
12355;105;182;1;land;false;hills;6
12356;150;184;1;land;false;plains;6
12357;137;186;1;land;false;forest;6
12358;128;216;1;land;false;hills;6
12359;102;203;1;land;false;hills;6
12360;92;198;1;land;false;hills;6
12361;150;234;1;land;false;forest;6
12362;33;228;1;land;false;hills;6
12363;73;165;1;land;false;forest;6
12364;29;203;1;land;false;hills;6
12365;26;229;1;land;false;forest;6
12366;76;177;1;land;false;hills;6
12367;9;198;1;land;false;forest;6
12368;12;212;1;land;false;forest;6
12369;54;189;1;land;false;forest;6
12370;143;65;1;land;false;plains;6
12371;100;74;1;land;false;plains;6
12372;131;76;1;land;false;plains;6
12373;179;19;1;land;false;forest;6
12374;238;40;1;land;false;hills;6
12375;223;21;1;land;false;hills;6
12376;192;42;1;land;false;plains;6
12377;203;80;1;land;false;forest;6
12378;199;19;1;land;false;hills;6
12379;236;90;1;land;false;plains;6
12380;169;93;1;land;false;hills;6
12381;174;58;1;land;false;plains;6
12382;192;84;1;land;false;forest;6
12383;206;33;1;land;false;plains;6
12384;205;26;1;land;false;mountain;6
12385;160;74;1;land;false;plains;6
12386;166;31;1;land;false;hills;6
12387;135;126;1;land;false;desert;6
12388;119;146;1;land;false;plains;6
12389;171;116;1;land;false;hills;6
12390;145;183;1;land;false;hills;6
12391;192;187;1;land;false;desert;6
12392;197;142;1;land;false;hills;6
12393;177;191;1;land;false;plains;6
12394;163;189;1;land;false;hills;6
12395;144;163;1;land;false;hills;6
12396;78;44;1;land;true;hills;6
12397;70;50;1;land;true;hills;6
12398;44;34;1;land;false;hills;6
12399;235;131;1;land;false;plains;6
12400;234;112;1;land;false;plains;6
12401;236;130;1;land;false;forest;6
12402;234;117;1;land;false;plains;6
12403;234;69;1;land;false;hills;6
12404;234;121;1;land;false;mountain;6
12405;213;115;1;land;false;forest;6
12406;254;116;1;land;false;plains;6
12407;212;110;1;land;false;hills;6
12408;239;117;1;land;false;hills;6
12409;250;137;1;land;false;forest;6
12410;225;92;1;land;false;forest;6
12411;234;131;1;land;false;forest;6
12412;229;128;1;land;false;hills;6
12413;212;99;1;land;false;plains;6
12414;248;97;1;land;false;forest;6
12415;210;84;1;land;false;plains;6
12416;211;107;1;land;false;jungle;6
12417;244;130;1;land;false;plains;6
12418;240;93;1;land;false;hills;6
12419;244;135;1;land;false;hills;6
12420;137;175;1;land;true;hills;6
12421;110;208;1;land;true;hills;6
12422;128;208;1;land;false;forest;6
12423;181;186;1;land;false;forest;6
12424;223;16;1;land;false;hills;6
12425;233;23;1;land;false;plains;6
12426;204;17;1;land;false;plains;6
12427;251;28;1;land;false;hills;6
12428;209;39;1;land;false;plains;6
12429;225;43;1;land;false;hills;6
12430;250;2;1;land;false;hills;6
12431;200;10;1;land;false;plains;6
12432;193;15;1;land;false;plains;6
12433;245;22;1;land;false;plains;6
12434;223;44;1;land;false;hills;6
12435;233;25;1;land;true;plains;6
12436;233;35;1;land;false;plains;6
12437;206;10;1;land;true;hills;6
12438;226;5;1;land;false;hills;6
12439;228;7;1;land;false;hills;6
12440;212;6;1;land;true;hills;6
12441;215;2;1;land;false;hills;6
12442;252;5;1;land;false;plains;6
12443;202;20;1;land;false;plains;6
12444;233;10;1;land;true;forest;6
12445;198;4;1;land;false;plains;6
12446;233;28;1;land;true;plains;6
12447;214;42;1;land;true;forest;6
12448;217;34;1;land;false;hills;6
12449;225;21;1;land;false;hills;6
12450;229;5;1;land;false;hills;6
12451;206;12;1;land;false;plains;6
12452;237;46;1;land;false;plains;6
12453;230;21;1;land;true;forest;6
12454;198;34;1;land;true;plains;6
12455;205;39;1;land;false;plains;6
12456;252;6;1;land;true;plains;6
12457;210;20;1;land;false;hills;6
12458;194;10;1;land;false;plains;6
12459;231;8;1;land;false;plains;6
12460;248;31;1;land;false;hills;6
12461;217;44;1;land;false;plains;6
12462;230;11;1;land;false;hills;6
12463;248;44;1;land;false;plains;6
12464;231;27;1;land;false;hills;6
12465;230;10;1;land;true;hills;6
12466;242;25;1;land;false;hills;6
12467;235;27;1;land;false;plains;6
12468;208;23;1;land;false;hills;6
12469;229;7;1;land;false;plains;6
12470;197;32;1;land;false;hills;6
12471;192;37;1;land;false;hills;6
12472;229;20;1;land;true;forest;6
12473;194;26;1;land;false;hills;6
12474;193;24;1;land;false;hills;6
12475;241;14;1;land;false;desert;6
12476;203;28;1;land;false;hills;6
12477;224;5;1;land;false;plains;6
12478;251;6;1;land;false;plains;6
12479;251;8;1;land;false;plains;6
12480;217;46;1;land;false;plains;6
12481;238;9;1;land;false;hills;6
12482;202;87;1;land;false;plains;6
12483;227;142;1;land;false;hills;6
12484;250;159;1;land;false;plains;6
12485;233;127;1;land;true;hills;6
12486;234;93;1;land;false;plains;6
12487;203;158;1;land;false;hills;6
12488;237;88;1;land;false;hills;6
12489;243;137;1;land;true;mountain;6
12490;239;126;1;land;false;hills;6
12491;225;130;1;land;false;hills;6
12492;209;158;1;land;false;hills;6
12493;227;160;1;land;false;hills;6
12494;210;112;1;land;false;hills;6
12495;244;103;1;land;false;hills;6
12496;205;123;1;land;false;hills;6
12497;242;87;1;land;false;hills;6
12498;84;110;1;land;false;mountain;6
12499;21;94;1;land;false;plains;6
12500;44;53;1;land;false;hills;6
12501;79;90;1;land;false;hills;6
12502;20;111;1;land;false;hills;6
12503;68;188;1;land;false;hills;6
12504;85;193;1;land;false;hills;6
12505;73;207;1;land;false;hills;6
12506;100;206;1;land;false;plains;6
12507;87;193;1;land;false;hills;6
12508;29;180;1;land;false;hills;6
12509;44;200;1;land;false;hills;6
12510;209;74;1;land;false;forest;6
12511;141;57;1;land;false;hills;6
12512;209;34;1;land;false;forest;6
12513;165;48;1;land;false;plains;6
12514;187;96;1;land;false;hills;6
12515;138;87;1;land;false;forest;6
12516;172;34;1;land;false;plains;6
12517;169;109;1;land;false;plains;6
12518;133;68;1;land;false;hills;6
12519;191;53;1;land;false;forest;6
12520;194;100;1;land;false;plains;6
12521;203;78;1;land;false;forest;6
12522;149;45;1;land;false;hills;6
12523;148;123;1;land;false;forest;6
12524;192;113;1;land;false;forest;6
12525;181;100;1;land;false;forest;6
12526;163;140;1;land;false;forest;6
12527;180;97;1;land;false;hills;6
12528;203;154;1;land;false;hills;6
12529;134;118;1;land;false;hills;6
12530;186;126;1;land;false;forest;6
12531;149;111;1;land;false;forest;6
12532;133;152;1;land;false;forest;6
12533;202;110;1;land;false;forest;6
12534;143;105;1;land;false;forest;6
12535;204;95;1;land;false;forest;6
12536;201;89;1;land;false;hills;6
12537;129;128;1;land;false;forest;6
12538;139;103;1;land;false;forest;6
12539;182;125;1;land;false;forest;6
12540;108;141;1;land;true;mountain;6
12541;113;122;1;land;true;hills;6
12542;80;79;1;land;false;mountain;6
12543;139;108;1;land;false;mountain;6
12544;143;86;1;land;true;mountain;6
12545;127;147;1;land;true;plains;6
12546;117;72;1;land;false;hills;6
12547;101;141;1;land;true;plains;6
12548;105;108;1;land;true;plains;6
12549;89;97;1;land;false;mountain;6
12550;155;247;1;land;false;forest;6
12551;100;231;1;land;false;forest;6
12552;106;242;1;land;false;hills;6
12553;133;254;1;land;false;forest;6
12554;105;254;1;land;false;forest;6
12555;113;248;1;land;false;forest;6
12556;146;189;1;land;false;forest;6
12557;88;201;1;land;false;forest;6
12558;129;216;1;land;false;forest;6
12559;150;213;1;land;false;forest;6
12560;88;196;1;land;false;forest;6
12561;163;218;1;land;false;forest;6
12562;118;201;1;land;false;forest;6
12563;127;227;1;land;false;forest;6
12564;107;220;1;land;false;forest;6
12565;152;205;1;land;false;forest;6
12566;187;80;1;land;false;hills;6
12567;217;66;1;land;false;hills;6
12568;174;20;1;land;false;hills;6
12569;203;49;1;land;false;hills;6
12570;173;54;1;land;false;hills;6
12571;16;237;1;land;false;forest;6
12572;31;254;1;land;false;forest;6
12573;24;227;1;land;false;hills;6
12574;41;222;1;land;false;hills;6
12575;9;213;1;land;false;hills;6
12576;16;218;1;land;false;forest;6
12577;12;230;1;land;false;hills;6
12578;129;103;1;land;false;hills;6
12579;82;144;1;land;false;hills;6
12580;140;114;1;land;false;forest;6
12581;141;161;1;land;false;forest;6
12582;159;122;1;land;false;forest;6
12583;156;127;1;land;false;mountain;6
12584;135;125;1;land;false;hills;6
12585;103;121;1;land;false;hills;6
12586;139;157;1;land;false;hills;6
12587;110;125;1;land;false;jungle;6
12588;129;122;1;land;false;hills;6
12589;103;154;1;land;false;mountain;6
12590;96;140;1;land;false;mountain;6
12591;131;157;1;land;false;hills;6
12592;85;159;1;land;false;mountain;6
12593;118;109;1;land;false;hills;6
12594;122;138;1;land;false;hills;6
12595;119;129;1;land;false;hills;6
12596;138;144;1;land;false;hills;6
12597;92;160;1;land;false;hills;6
12598;159;123;1;land;false;hills;6
12599;140;90;1;land;false;hills;6
12600;133;166;1;land;false;jungle;6
12601;139;122;1;land;false;hills;6
12602;85;133;1;land;false;hills;6
12603;122;115;1;land;false;hills;6
12604;175;65;1;land;false;hills;6
12605;219;41;1;land;false;hills;6
12606;198;36;1;land;true;hills;6
12607;188;55;1;land;true;desert;6
12608;225;91;1;land;true;hills;6
12609;193;44;1;land;true;desert;6
12610;146;121;1;land;false;forest;6
12611;156;125;1;land;false;mountain;6
12612;161;87;1;land;false;forest;6
12613;105;152;1;land;false;forest;6
12614;140;137;1;land;false;hills;6
12615;31;64;1;land;true;plains;6
12616;8;74;1;land;true;plains;6
12617;133;122;1;land;true;hills;6
12618;164;158;1;land;true;hills;6
12619;103;109;1;land;true;desert;6
12620;125;171;1;land;true;hills;6
12621;93;143;1;land;true;forest;6
12622;135;158;1;land;false;hills;6
12623;121;167;1;land;true;hills;6
12624;114;106;1;land;false;hills;6
12625;104;7;1;land;false;hills;6
12626;89;3;1;land;false;hills;6
12627;108;5;1;land;false;plains;6
12628;118;15;1;land;false;forest;6
12629;140;27;1;land;false;plains;6
12630;69;26;1;land;false;plains;6
12631;108;37;1;land;false;plains;6
12632;109;53;1;land;false;forest;6
12633;131;32;1;land;false;forest;6
12634;89;48;1;land;false;hills;6
12635;110;49;1;land;false;forest;6
12636;146;4;1;land;false;forest;6
12637;89;0;1;land;false;forest;6
12638;127;31;1;land;false;forest;6
12639;109;10;1;land;false;hills;6
12640;152;239;1;land;false;hills;6
12641;132;199;1;land;true;hills;6
12642;159;188;1;land;true;forest;6
12643;139;175;1;land;false;hills;6
12644;33;8;1;land;true;hills;6
12645;56;38;1;land;true;hills;6
12646;38;18;1;land;true;plains;6
12647;61;5;1;land;false;mountain;6
12648;17;13;1;land;false;mountain;6
12649;34;53;1;land;true;hills;6
12650;81;9;1;land;false;mountain;6
12651;37;25;1;land;true;mountain;6
12652;25;9;1;land;false;plains;6
12653;48;23;1;land;true;hills;6
12654;2;14;1;land;false;mountain;6
12655;34;15;1;land;false;mountain;6
12656;32;31;1;land;false;hills;6
12657;38;53;1;land;false;hills;6
12658;53;39;1;land;true;hills;6
12659;31;21;1;land;false;hills;6
12660;209;142;1;land;false;hills;6
12661;193;147;1;land;false;hills;6
12662;216;162;1;land;false;hills;6
12663;169;126;1;land;false;hills;6
12664;56;50;1;land;true;hills;6
12665;59;36;1;land;true;hills;6
12666;96;9;1;land;true;hills;6
12667;59;10;1;land;false;forest;6
12668;102;26;1;land;false;hills;6
12669;107;22;1;land;false;hills;6
12670;125;34;1;land;false;mountain;6
12671;91;51;1;land;false;hills;6
12672;75;21;1;land;false;hills;6
12673;69;28;1;land;false;hills;6
12674;84;39;1;land;false;hills;6
12675;83;27;1;land;false;hills;6
12676;75;20;1;land;false;hills;6
12677;232;124;1;land;true;hills;6
12678;236;173;1;land;false;forest;6
12679;239;176;1;land;false;hills;6
12680;202;158;1;land;false;forest;6
12681;236;161;1;land;false;forest;6
12682;254;179;1;land;false;forest;6
12683;199;135;1;land;false;forest;6
12684;211;148;1;land;true;hills;6
12685;48;199;1;land;true;hills;6
12686;60;147;1;land;false;hills;6
12687;74;170;1;land;true;mountain;6
12688;44;214;1;land;false;hills;6
12689;87;164;1;land;true;mountain;6
12690;55;208;1;land;false;hills;6
12691;34;153;1;land;true;mountain;6
12692;94;140;1;land;true;mountain;6
12693;123;143;1;land;true;mountain;6
12694;128;151;1;land;true;mountain;6
12695;34;190;1;land;false;hills;6
12696;24;144;1;land;false;hills;6
12697;54;125;1;land;false;forest;6
12698;14;195;1;land;false;hills;6
12699;9;192;1;land;false;hills;6
12700;52;148;1;land;false;mountain;6
12701;40;159;1;land;false;forest;6
12702;47;193;1;land;false;mountain;6
12703;30;148;1;land;false;forest;6
12704;3;140;1;land;false;hills;6
12705;108;197;1;land;true;hills;6
12706;160;186;1;land;false;mountain;6
12707;154;179;1;land;true;hills;6
12708;112;227;1;land;true;hills;6
12709;227;236;1;land;false;forest;6
12710;231;239;1;land;false;forest;6
12711;235;221;1;land;false;forest;6
12712;178;207;1;land;false;forest;6
12713;224;213;1;land;false;forest;6
12714;190;229;1;land;false;hills;6
12715;204;222;1;land;false;forest;6
12716;237;217;1;land;false;forest;6
12717;232;236;1;land;false;forest;6
12718;181;249;1;land;false;hills;6
12719;176;223;1;land;false;forest;6
12720;227;205;1;land;false;forest;6
12721;170;239;1;land;false;forest;6
12722;195;102;1;land;true;hills;6
12723;239;158;1;land;true;mountain;6
12724;234;141;1;land;false;hills;6
12725;182;154;1;land;true;hills;6
12726;249;161;1;land;false;hills;6
12727;163;106;1;land;true;hills;6
12728;171;160;1;land;true;hills;6
12729;136;109;1;land;true;hills;6
12730;130;91;1;land;true;hills;6
12731;111;136;1;land;true;hills;6
12732;101;152;1;land;false;hills;6
12733;94;114;1;land;false;hills;6
12734;136;140;1;land;true;hills;6
12735;127;133;1;land;false;plains;6
12736;112;110;1;land;false;hills;6
12737;115;166;1;land;true;plains;6
12738;111;135;1;land;false;plains;6
12739;160;129;1;land;true;hills;6
12740;143;163;1;land;true;hills;6
12741;111;166;1;land;true;hills;6
12742;96;151;1;land;true;plains;6
12743;186;234;1;land;false;plains;6
12744;222;234;1;land;false;plains;6
12745;163;235;1;land;false;hills;6
12746;163;240;1;land;false;plains;6
12747;220;202;1;land;false;plains;6
12748;210;218;1;land;false;hills;6
12749;184;253;1;land;false;plains;6
12750;206;194;1;land;false;hills;6
12751;209;244;1;land;false;hills;6
12752;185;185;1;land;false;hills;6
12753;231;206;1;land;false;plains;6
12754;188;179;1;land;false;plains;6
12755;225;243;1;land;false;hills;6
12756;181;190;1;land;false;plains;6
12757;61;77;1;land;false;mountain;6
12758;82;96;1;land;false;hills;6
12759;61;126;1;land;false;hills;6
12760;97;111;1;land;false;hills;6
12761;32;74;1;land;false;plains;6
12762;74;109;1;land;false;mountain;6
12763;39;56;1;land;false;hills;6
12764;88;108;1;land;false;hills;6
12765;48;73;1;land;false;hills;6
12766;43;125;1;land;false;hills;6
12767;60;65;1;land;false;hills;6
12768;59;122;1;land;false;mountain;6
12769;76;83;1;land;false;hills;6
12770;79;113;1;land;false;hills;6
12771;82;79;1;land;false;hills;6
12772;84;51;1;land;false;hills;6
12773;67;71;1;land;false;mountain;6
12774;28;71;1;land;false;forest;6
12775;85;112;1;land;false;hills;6
12776;60;90;1;land;false;hills;6
12777;50;96;1;land;false;hills;6
12778;78;53;1;land;false;hills;6
12779;99;100;1;land;false;hills;6
12780;70;93;1;land;false;hills;6
12781;89;59;1;land;false;hills;6
12782;60;84;1;land;false;hills;6
12783;55;54;1;land;false;hills;6
12784;77;86;1;land;false;hills;6
12785;213;41;1;land;false;hills;6
12786;239;97;1;land;false;hills;6
12787;208;92;1;land;true;forest;6
12788;196;61;1;land;true;hills;6
12789;205;83;1;land;true;hills;6
12790;199;85;1;land;false;hills;6
12791;212;103;1;land;true;hills;6
12792;213;42;1;land;true;hills;6
12793;197;117;1;land;true;forest;6
12794;248;58;1;land;true;hills;6
12795;248;77;1;land;true;hills;6
12796;228;59;1;land;false;hills;6
12797;236;108;1;land;true;hills;6
12798;248;65;1;land;false;hills;6
12799;200;81;1;land;true;hills;6
12800;198;172;1;land;false;mountain;6
12801;194;113;1;land;false;mountain;6
12802;170;166;1;land;true;mountain;6
12803;190;144;1;land;true;hills;6
12804;196;149;1;land;true;plains;6
12805;168;132;1;land;false;mountain;6
12806;161;153;1;land;true;hills;6
12807;198;164;1;land;true;mountain;6
12808;170;168;1;land;true;mountain;6
12809;198;158;1;land;false;hills;6
12810;176;2;1;land;false;plains;6
12811;128;41;1;land;false;plains;6
12812;125;35;1;land;false;hills;6
12813;139;54;1;land;false;plains;6
12814;168;67;1;land;false;plains;6
12815;170;5;1;land;false;plains;6
12816;183;70;1;land;false;plains;6
12817;149;53;1;land;false;plains;6
12818;115;27;1;land;false;hills;6
12819;156;62;1;land;false;plains;6
12820;145;17;1;land;false;plains;6
12821;156;28;1;land;false;hills;6
12822;121;50;1;land;false;hills;6
12823;160;5;1;land;false;plains;6
12824;172;18;1;land;false;hills;6
12825;185;33;1;land;false;plains;6
12826;179;158;1;land;false;hills;6
12827;162;106;1;land;false;hills;6
12828;166;141;1;land;true;hills;6
12829;171;98;1;land;false;hills;6
12830;122;101;1;land;false;hills;6
12831;172;98;1;land;true;hills;6
12832;150;130;1;land;false;hills;6
12833;115;96;1;land;true;hills;6
12834;167;123;1;land;false;plains;6
12835;143;120;1;land;false;hills;6
12836;112;130;1;land;true;hills;6
12837;158;98;1;land;false;hills;6
12838;151;88;1;land;true;hills;6
12839;171;144;1;land;false;hills;6
12840;160;88;1;land;false;plains;6
12841;134;129;1;land;true;hills;6
12842;130;148;1;land;false;hills;6
12843;133;113;1;land;false;hills;6
12844;168;124;1;land;false;hills;6
12845;160;71;1;land;false;hills;6
12846;157;127;1;land;false;hills;6
12847;153;72;1;land;true;hills;6
12848;116;76;1;land;false;mountain;6
12849;176;73;1;land;false;hills;6
12850;151;75;1;land;false;hills;6
12851;118;79;1;land;true;hills;6
12852;164;85;1;land;true;hills;6
12853;139;97;1;land;false;hills;6
12854;168;162;1;land;true;hills;6
12855;173;177;1;land;false;plains;6
12856;138;164;1;land;false;hills;6
12857;204;212;1;land;true;hills;6
12858;198;242;1;land;true;hills;6
12859;160;219;1;land;false;hills;6
12860;167;227;1;land;true;hills;6
12861;82;97;1;land;false;forest;6
12862;46;89;1;land;false;hills;6
12863;76;66;1;land;false;hills;6
12864;26;101;1;land;false;hills;6
12865;23;83;1;land;false;hills;6
12866;29;95;1;land;false;forest;6
12867;201;247;1;land;false;hills;6
12868;125;214;1;land;false;hills;6
12869;128;252;1;land;false;hills;6
12870;152;196;1;land;false;forest;6
12871;140;241;1;land;false;plains;6
12872;189;183;1;land;false;hills;6
12873;176;203;1;land;false;forest;6
12874;130;225;1;land;false;hills;6
12875;186;203;1;land;false;forest;6
12876;175;186;1;land;false;hills;6
12877;160;205;1;land;false;hills;6
12878;169;210;1;land;false;hills;6
12879;171;235;1;land;false;forest;6
12880;188;251;1;land;false;plains;6
12881;176;191;1;land;false;hills;6
12882;184;187;1;land;false;plains;6
12883;134;222;1;land;false;hills;6
12884;40;18;1;land;false;forest;6
12885;52;2;1;land;false;hills;6
12886;49;7;1;land;false;forest;6
12887;108;34;1;land;false;hills;6
12888;94;31;1;land;false;hills;6
12889;113;10;1;land;false;hills;6
12890;106;34;1;land;false;forest;6
12891;162;204;1;land;false;forest;6
12892;120;187;1;land;false;forest;6
12893;156;172;1;land;false;forest;6
12894;93;211;1;land;false;forest;6
12895;59;220;1;land;false;hills;6
12896;12;229;1;land;false;hills;6
12897;61;209;1;land;false;forest;6
12898;41;227;1;land;false;hills;6
12899;6;205;1;land;false;hills;6
12900;22;217;1;land;false;mountain;6
12901;5;199;1;land;false;forest;6
12902;48;233;1;land;false;mountain;6
12903;14;218;1;land;false;hills;6
12904;61;241;1;land;false;mountain;6
12905;221;112;1;land;false;mountain;6
12906;221;158;1;land;false;hills;6
12907;177;177;1;land;false;hills;6
12908;187;114;1;land;false;hills;6
12909;215;173;1;land;false;forest;6
12910;205;185;1;land;false;forest;6
12911;202;125;1;land;false;hills;6
12912;234;135;1;land;false;forest;6
12913;241;171;1;land;false;hills;6
12914;191;123;1;land;false;forest;6
12915;199;183;1;land;false;hills;6
12916;240;141;1;land;false;hills;6
12917;247;132;1;land;false;forest;6
12918;231;182;1;land;false;plains;6
12919;233;165;1;land;false;hills;6
12920;209;137;1;land;false;forest;6
12921;249;166;1;land;false;plains;6
12922;240;156;1;land;false;forest;6
12923;227;125;1;land;false;hills;6
12924;234;160;1;land;false;plains;6
12925;243;135;1;land;false;hills;6
12926;221;182;1;land;false;hills;6
12927;229;116;1;land;false;forest;6
12928;244;128;1;land;false;plains;6
12929;225;115;1;land;false;forest;6
12930;100;55;1;land;false;plains;6
12931;84;122;1;land;false;hills;6
12932;59;58;1;land;false;hills;6
12933;58;68;1;land;false;forest;6
12934;128;129;1;land;false;forest;6
12935;92;94;1;land;false;forest;6
12936;59;125;1;land;false;forest;6
12937;67;83;1;land;false;forest;6
12938;90;85;1;land;false;hills;6
12939;114;118;1;land;false;forest;6
12940;133;84;1;land;false;plains;6
12941;69;91;1;land;false;forest;6
12942;79;130;1;land;false;hills;6
12943;236;139;1;land;true;hills;6
12944;254;145;1;land;true;plains;6
12945;246;101;1;land;true;hills;6
12946;231;145;1;land;false;jungle;6
12947;199;223;1;land;false;hills;6
12948;221;243;1;land;false;hills;6
12949;254;225;1;land;false;hills;6
12950;198;202;1;land;false;hills;6
12951;246;204;1;land;false;forest;6
12952;240;253;1;land;false;hills;6
12953;199;245;1;land;false;hills;6
12954;164;96;1;land;true;plains;6
12955;192;167;1;land;false;plains;6
12956;176;170;1;land;false;plains;6
12957;166;169;1;land;false;plains;6
12958;171;142;1;land;false;plains;6
12959;128;116;1;land;false;plains;6
12960;153;126;1;land;false;plains;6
12961;158;138;1;land;false;hills;6
12962;195;136;1;land;false;plains;6
12963;188;132;1;land;false;plains;6
12964;175;162;1;land;false;plains;6
12965;153;159;1;land;true;plains;6
12966;145;141;1;land;false;hills;6
12967;149;110;1;land;false;plains;6
12968;183;168;1;land;false;hills;6
12969;139;130;1;land;false;plains;6
12970;131;134;1;land;false;plains;6
12971;180;116;1;land;false;plains;6
12972;174;152;1;land;false;plains;6
12973;190;172;1;land;false;plains;6
12974;142;150;1;land;false;plains;6
12975;160;128;1;land;false;hills;6
12976;191;111;1;land;true;plains;6
12977;128;120;1;land;false;plains;6
12978;190;114;1;land;false;plains;6
12979;128;135;1;land;false;plains;6
12980;143;122;1;land;false;plains;6
12981;185;126;1;land;false;hills;6
12982;134;138;1;land;false;hills;6
12983;179;109;1;land;true;plains;6
12984;191;121;1;land;false;plains;6
12985;177;129;1;land;false;plains;6
12986;179;116;1;land;false;plains;6
12987;163;128;1;land;false;plains;6
12988;66;72;1;land;true;hills;6
12989;57;115;1;land;true;desert;6
12990;96;121;1;land;false;plains;6
12991;43;88;1;land;false;hills;6
12992;80;113;1;land;false;hills;6
12993;85;76;1;land;false;desert;6
12994;96;75;1;land;false;plains;6
12995;114;86;1;land;false;hills;6
12996;239;86;1;land;true;desert;6
12997;219;99;1;land;true;hills;6
12998;224;68;1;land;true;desert;6
12999;225;57;1;land;true;desert;6
13000;246;55;1;land;true;desert;6
13001;219;81;1;land;true;desert;6
13002;212;72;1;land;true;desert;6
13003;249;67;1;land;false;desert;6
13004;249;106;1;land;false;desert;6
13005;229;56;1;land;true;hills;6
13006;226;39;1;land;false;desert;6
13007;222;116;1;land;false;desert;6
13008;225;47;1;land;true;desert;6
13009;208;60;1;land;true;desert;6
13010;215;96;1;land;false;desert;6
13011;253;83;1;land;true;desert;6
13012;194;210;1;land;false;hills;6
13013;224;253;1;land;false;hills;6
13014;239;225;1;land;false;hills;6
13015;242;246;1;land;false;hills;6
13016;191;206;1;land;false;forest;6
13017;193;240;1;land;false;hills;6
13018;204;228;1;land;false;hills;6
13019;237;251;1;land;false;forest;6
13020;244;254;1;land;false;hills;6
13021;189;225;1;land;false;hills;6
13022;245;212;1;land;false;hills;6
13023;240;212;1;land;false;forest;6
13024;195;222;1;land;false;hills;6
13025;221;208;1;land;false;hills;6
13026;193;218;1;land;false;hills;6
13027;241;221;1;land;false;hills;6
13028;246;244;1;land;false;hills;6
13029;197;212;1;land;false;forest;6
13030;215;205;1;land;false;mountain;6
13031;243;218;1;land;false;hills;6
13032;243;220;1;land;false;hills;6
13033;222;238;1;land;false;hills;6
13034;138;51;1;land;true;hills;6
13035;94;30;1;land;true;forest;6
13036;94;24;1;land;true;mountain;6
13037;146;43;1;land;false;hills;6
13038;142;67;1;land;true;forest;6
13039;100;53;1;land;true;hills;6
13040;71;57;1;land;true;hills;6
13041;93;31;1;land;false;plains;6
13042;116;55;1;land;false;forest;6
13043;129;44;1;land;true;plains;6
13044;122;17;1;land;false;plains;6
13045;114;46;1;land;false;plains;6
13046;113;64;1;land;false;forest;6
13047;55;6;1;land;false;plains;6
13048;52;19;1;land;false;hills;6
13049;54;37;1;land;true;hills;6
13050;83;30;1;land;false;hills;6
13051;76;43;1;land;false;plains;6
13052;53;64;1;land;false;forest;6
13053;99;17;1;land;false;forest;6
13054;51;106;1;land;false;hills;6
13055;59;102;1;land;true;hills;6
13056;38;81;1;land;false;plains;6
13057;35;101;1;land;true;hills;6
13058;15;87;1;land;false;plains;6
13059;15;148;1;land;true;plains;6
13060;172;64;1;land;false;hills;6
13061;180;99;1;land;false;hills;6
13062;184;102;1;land;false;hills;6
13063;132;96;1;land;false;hills;6
13064;200;79;1;land;false;mountain;6
13065;195;60;1;land;false;mountain;6
13066;179;78;1;land;false;mountain;6
13067;154;73;1;land;false;plains;6
13068;181;105;1;land;false;mountain;6
13069;134;86;1;land;false;hills;6
13070;161;217;1;land;false;hills;6
13071;200;223;1;land;false;hills;6
13072;191;191;1;land;false;plains;6
13073;161;212;1;land;false;hills;6
13074;162;205;1;land;false;hills;6
13075;159;252;1;land;false;hills;6
13076;230;219;1;land;false;plains;6
13077;208;193;1;land;false;hills;6
13078;212;240;1;land;false;plains;6
13079;182;241;1;land;false;plains;6
13080;174;214;1;land;false;forest;6
13081;199;190;1;land;false;hills;6
13082;212;243;1;land;false;forest;6
13083;167;234;1;land;false;hills;6
13084;180;206;1;land;false;hills;6
13085;160;249;1;land;false;hills;6
13086;161;196;1;land;false;plains;6
13087;197;200;1;land;false;hills;6
13088;198;241;1;land;false;hills;6
13089;194;240;1;land;false;mountain;6
13090;221;205;1;land;false;mountain;6
13091;210;252;1;land;false;hills;6
13092;207;201;1;land;false;hills;6
13093;156;246;1;land;false;hills;6
13094;195;198;1;land;false;hills;6
13095;191;239;1;land;false;hills;6
13096;173;189;1;land;false;plains;6
13097;230;187;1;land;false;plains;6
13098;184;191;1;land;false;hills;6
13099;203;251;1;land;false;plains;6
13100;57;217;1;land;true;hills;6
13101;76;207;1;land;true;plains;6
13102;54;161;1;land;true;hills;6
13103;37;221;1;land;true;plains;6
13104;90;147;1;land;true;hills;6
13105;237;56;1;land;true;hills;6
13106;214;68;1;land;false;hills;6
13107;205;75;1;land;true;mountain;6
13108;250;33;1;land;true;hills;6
13109;195;62;1;land;true;mountain;6
13110;175;26;1;land;true;jungle;6
13111;189;82;1;land;false;forest;6
13112;201;76;1;land;true;forest;6
13113;245;60;1;land;true;forest;6
13114;241;85;1;land;true;hills;6
13115;230;77;1;land;false;hills;6
13116;248;89;1;land;true;forest;6
13117;206;60;1;land;true;mountain;6
13118;237;91;1;land;true;mountain;6
13119;206;82;1;land;true;forest;6
13120;171;90;1;land;false;hills;6
13121;125;210;1;land;true;hills;6
13122;107;217;1;land;true;plains;6
13123;142;241;1;land;true;hills;6
13124;116;217;1;land;false;hills;6
13125;69;221;1;land;false;hills;6
13126;100;195;1;land;true;plains;6
13127;119;224;1;land;true;plains;6
13128;130;222;1;land;false;hills;6
13129;85;219;1;land;true;plains;6
13130;110;220;1;land;true;plains;6
13131;109;232;1;land;false;hills;6
13132;92;204;1;land;false;hills;6
13133;5;69;1;land;false;jungle;6
13134;31;42;1;land;false;forest;6
13135;52;64;1;land;true;hills;6
13136;38;82;1;land;false;forest;6
13137;10;46;1;land;false;forest;6
13138;76;103;1;land;false;forest;6
13139;40;73;1;land;false;plains;6
13140;68;62;1;land;false;hills;6
13141;45;70;1;land;false;plains;6
13142;78;68;1;land;false;jungle;6
13143;10;97;1;land;false;forest;6
13144;39;107;1;land;false;forest;6
13145;20;102;1;land;false;jungle;6
13146;20;95;1;land;false;plains;6
13147;55;30;1;land;false;plains;6
13148;82;102;1;land;false;forest;6
13149;28;81;1;land;false;hills;6
13150;52;75;1;land;false;plains;6
13151;62;40;1;land;false;forest;6
13152;46;36;1;land;false;plains;6
13153;9;80;1;land;false;forest;6
13154;32;43;1;land;false;jungle;6
13155;222;143;1;land;false;hills;6
13156;146;154;1;land;false;forest;6
13157;182;169;1;land;false;mountain;6
13158;148;137;1;land;false;forest;6
13159;192;149;1;land;false;hills;6
13160;155;157;1;land;false;hills;6
13161;167;162;1;land;false;hills;6
13162;189;152;1;land;false;forest;6
13163;223;169;1;land;false;hills;6
13164;245;166;1;land;false;hills;6
13165;200;151;1;land;false;hills;6
13166;238;171;1;land;false;hills;6
13167;203;188;1;land;false;plains;6
13168;200;162;1;land;false;hills;6
13169;245;189;1;land;false;hills;6
13170;214;182;1;land;false;hills;6
13171;241;188;1;land;false;mountain;6
13172;201;125;1;land;false;hills;6
13173;252;129;1;land;false;hills;6
13174;7;22;1;land;false;mountain;6
13175;4;76;1;land;false;plains;6
13176;2;76;1;land;false;hills;6
13177;21;33;1;land;false;mountain;6
13178;29;35;1;land;true;mountain;6
13179;19;78;1;land;false;plains;6
13180;19;42;1;land;true;hills;6
13181;43;79;1;land;true;desert;6
13182;18;66;1;land;true;desert;6
13183;7;66;1;land;false;desert;6
13184;2;43;1;land;true;desert;6
13185;10;60;1;land;true;mountain;6
13186;36;29;1;land;false;plains;6
13187;42;66;1;land;false;hills;6
13188;16;55;1;land;false;plains;6
13189;43;85;1;land;false;hills;6
13190;77;140;1;land;false;hills;6
13191;68;128;1;land;false;mountain;6
13192;99;92;1;land;false;mountain;6
13193;33;65;1;land;false;mountain;6
13194;33;128;1;land;false;mountain;6
13195;53;109;1;land;false;mountain;6
13196;66;65;1;land;false;mountain;6
13197;98;68;1;land;false;hills;6
13198;36;109;1;land;false;mountain;6
13199;26;128;1;land;false;hills;6
13200;119;118;1;land;false;forest;6
13201;104;139;1;land;false;forest;6
13202;121;112;1;land;false;jungle;6
13203;85;131;1;land;false;forest;6
13204;147;83;1;land;false;hills;6
13205;116;77;1;land;false;forest;6
13206;125;103;1;land;false;forest;6
13207;130;102;1;land;false;forest;6
13208;140;83;1;land;false;forest;6
13209;141;191;1;land;false;hills;6
13210;116;209;1;land;false;mountain;6
13211;176;176;1;land;false;hills;6
13212;108;249;1;land;false;hills;6
13213;169;214;1;land;false;hills;6
13214;175;202;1;land;false;hills;6
13215;161;188;1;land;false;hills;6
13216;174;220;1;land;false;mountain;6
13217;134;216;1;land;false;hills;6
13218;114;246;1;land;true;mountain;6
13219;141;249;1;land;true;hills;6
13220;101;230;1;land;true;hills;6
13221;155;201;1;land;true;mountain;6
13222;170;188;1;land;true;hills;6
13223;157;212;1;land;true;mountain;6
13224;111;230;1;land;true;hills;6
13225;171;223;1;land;false;mountain;6
13226;131;193;1;land;false;mountain;6
13227;130;240;1;land;false;hills;6
13228;152;203;1;land;false;hills;6
13229;125;215;1;land;false;hills;6
13230;162;223;1;land;true;mountain;6
13231;85;90;1;land;false;hills;6
13232;61;71;1;land;false;hills;6
13233;61;87;1;land;false;hills;6
13234;90;70;1;land;false;plains;6
13235;44;84;1;land;true;mountain;6
13236;42;87;1;land;true;mountain;6
13237;85;68;1;land;false;hills;6
13238;56;108;1;land;false;hills;6
13239;77;101;1;land;false;hills;6
13240;79;110;1;land;true;desert;6
13241;63;136;1;land;true;desert;6
13242;39;86;1;land;false;hills;6
13243;89;98;1;land;false;hills;6
13244;52;207;1;land;false;plains;6
13245;76;170;1;land;false;plains;6
13246;109;54;1;land;false;hills;6
13247;82;24;1;land;false;plains;6
13248;84;9;1;land;false;hills;6
13249;141;19;1;land;true;desert;6
13250;131;14;1;land;true;hills;6
13251;106;64;1;land;false;hills;6
13252;87;25;1;land;true;desert;6
13253;149;56;1;land;true;hills;6
13254;116;9;1;land;false;desert;6
13255;99;54;1;land;true;desert;6
13256;114;20;1;land;false;plains;6
13257;122;44;1;land;true;desert;6
13258;120;41;1;land;true;desert;6
13259;110;9;1;land;true;hills;6
13260;119;52;1;land;false;mountain;6
13261;105;37;1;land;false;hills;6
13262;104;19;1;land;true;desert;6
13263;120;51;1;land;true;hills;6
13264;138;57;1;land;true;desert;6
13265;141;9;1;land;false;hills;6
13266;138;64;1;land;false;hills;6
13267;102;62;1;land;false;hills;6
13268;128;31;1;land;false;hills;6
13269;108;8;1;land;false;desert;6
13270;52;131;1;land;false;forest;6
13271;45;82;1;land;false;plains;6
13272;83;63;1;land;false;plains;6
13273;45;73;1;land;false;hills;6
13274;60;79;1;land;false;hills;6
13275;36;127;1;land;false;forest;6
13276;23;75;1;land;false;plains;6
13277;57;69;1;land;false;plains;6
13278;93;68;1;land;false;forest;6
13279;35;84;1;land;false;plains;6
13280;82;83;1;land;false;hills;6
13281;83;75;1;land;false;forest;6
13282;69;104;1;land;false;plains;6
13283;83;92;1;land;false;forest;6
13284;53;57;1;land;false;jungle;6
13285;176;23;1;land;false;hills;6
13286;119;56;1;land;false;hills;6
13287;164;67;1;land;false;forest;6
13288;159;74;1;land;false;hills;6
13289;159;76;1;land;false;hills;6
13290;142;29;1;land;false;hills;6
13291;146;68;1;land;false;hills;6
13292;153;12;1;land;false;mountain;6
13293;172;3;1;land;false;hills;6
13294;167;54;1;land;false;mountain;6
13295;146;63;1;land;false;hills;6
13296;118;66;1;land;false;mountain;6
13297;143;74;1;land;false;forest;6
13298;165;22;1;land;false;mountain;6
13299;148;75;1;land;false;hills;6
13300;115;14;1;land;false;forest;6
13301;123;69;1;land;false;forest;6
13302;122;71;1;land;false;mountain;6
13303;163;15;1;land;false;hills;6
13304;186;6;1;land;false;mountain;6
13305;73;112;1;land;false;forest;6
13306;60;38;1;land;false;hills;6
13307;83;66;1;land;true;hills;6
13308;69;56;1;land;false;plains;6
13309;72;59;1;land;false;plains;6
13310;55;59;1;land;false;forest;6
13311;28;92;1;land;true;hills;6
13312;22;102;1;land;false;hills;6
13313;36;65;1;land;false;hills;6
13314;40;80;1;land;true;forest;6
13315;36;93;1;land;false;plains;6
13316;93;111;1;land;true;hills;6
13317;55;107;1;land;false;plains;6
13318;28;101;1;land;false;forest;6
13319;89;92;1;land;false;hills;6
13320;24;53;1;land;false;hills;6
13321;53;88;1;land;false;forest;6
13322;29;96;1;land;false;hills;6
13323;88;83;1;land;false;forest;6
13324;84;43;1;land;false;plains;6
13325;42;58;1;land;false;hills;6
13326;5;56;1;land;true;hills;6
13327;21;51;1;land;false;hills;6
13328;29;72;1;land;false;hills;6
13329;16;120;1;land;false;hills;6
13330;13;117;1;land;false;hills;6
13331;17;81;1;land;false;forest;6
13332;192;79;1;land;false;hills;6
13333;168;98;1;land;false;forest;6
13334;170;72;1;land;false;plains;6
13335;202;48;1;land;false;forest;6
13336;150;65;1;land;false;hills;6
13337;143;46;1;land;false;mountain;6
13338;108;13;1;land;false;mountain;6
13339;89;13;1;land;true;desert;6
13340;130;12;1;land;false;hills;6
13341;113;7;1;land;true;desert;6
13342;103;47;1;land;false;hills;6
13343;155;155;1;land;false;hills;6
13344;107;203;1;land;false;hills;6
13345;171;191;1;land;false;hills;6
13346;100;166;1;land;false;hills;6
13347;154;188;1;land;false;hills;6
13348;147;187;1;land;false;hills;6
13349;113;208;1;land;false;forest;6
13350;129;168;1;land;false;forest;6
13351;132;220;1;land;false;hills;6
13352;104;195;1;land;false;mountain;6
13353;142;189;1;land;false;forest;6
13354;151;211;1;land;false;hills;6
13355;103;166;1;land;false;forest;6
13356;131;167;1;land;false;hills;6
13357;96;192;1;land;false;hills;6
13358;151;158;1;land;false;hills;6
13359;39;25;1;land;false;jungle;6
13360;39;20;1;land;false;jungle;6
13361;39;27;1;land;false;jungle;6
13362;54;55;1;land;false;jungle;6
13363;23;8;1;land;false;forest;6
13364;38;1;1;land;false;forest;6
13365;51;52;1;land;false;jungle;6
13366;4;17;1;land;false;jungle;6
13367;20;38;1;land;false;hills;6
13368;0;21;1;land;false;jungle;6
13369;52;1;1;land;false;hills;6
13370;0;8;1;land;false;jungle;6
13371;36;30;1;land;false;jungle;6
13372;30;3;1;land;false;jungle;6
13373;16;15;1;land;false;forest;6
13374;50;34;1;land;false;hills;6
13375;14;44;1;land;false;jungle;6
13376;244;207;1;land;false;hills;6
13377;191;208;1;land;false;hills;6
13378;178;204;1;land;false;hills;6
13379;218;205;1;land;false;hills;6
13380;244;252;1;land;false;hills;6
13381;178;194;1;land;false;hills;6
13382;253;202;1;land;false;plains;6
13383;190;207;1;land;false;plains;6
13384;240;246;1;land;false;hills;6
13385;212;226;1;land;false;hills;6
13386;221;206;1;land;false;hills;6
13387;189;206;1;land;false;hills;6
13388;211;238;1;land;false;hills;6
13389;238;209;1;land;false;hills;6
13390;222;251;1;land;false;mountain;6
13391;117;20;1;land;false;forest;6
13392;78;5;1;land;false;hills;6
13393;43;26;1;land;false;hills;6
13394;76;45;1;land;false;hills;6
13395;112;54;1;land;false;hills;6
13396;110;86;1;land;false;hills;6
13397;41;58;1;land;false;hills;6
13398;78;112;1;land;false;hills;6
13399;86;69;1;land;false;mountain;6
13400;225;160;1;land;true;hills;6
13401;60;78;1;land;true;hills;6
13402;47;45;1;land;true;forest;6
13403;48;85;1;land;true;hills;6
13404;193;26;1;land;false;hills;6
13405;154;35;1;land;false;forest;6
13406;191;52;1;land;false;hills;6
13407;168;1;1;land;false;hills;6
13408;130;47;1;land;false;forest;6
13409;186;32;1;land;false;hills;6
13410;159;40;1;land;false;forest;6
13411;129;1;1;land;false;forest;6
13412;186;11;1;land;false;hills;6
13413;145;212;1;land;false;mountain;6
13414;155;225;1;land;true;plains;6
13415;91;194;1;land;true;plains;6
13416;95;199;1;land;false;hills;6
13417;108;200;1;land;false;hills;6
13418;158;236;1;land;false;hills;6
13419;92;183;1;land;false;hills;6
13420;122;176;1;land;false;hills;6
13421;141;231;1;land;false;hills;6
13422;10;47;1;land;false;plains;6
13423;41;11;1;land;false;forest;6
13424;31;19;1;land;false;hills;6
13425;57;27;1;land;false;hills;6
13426;31;188;1;land;false;hills;6
13427;58;213;1;land;false;hills;6
13428;63;208;1;land;false;hills;6
13429;38;188;1;land;false;hills;6
13430;47;206;1;land;false;forest;6
13431;93;183;1;land;false;forest;6
13432;15;198;1;land;false;forest;6
13433;34;159;1;land;false;forest;6
13434;93;178;1;land;false;forest;6
13435;76;178;1;land;false;hills;6
13436;200;123;1;land;false;hills;6
13437;214;137;1;land;false;hills;6
13438;225;163;1;land;false;hills;6
13439;233;142;1;land;false;mountain;6
13440;209;91;1;land;false;hills;6
13441;235;97;1;land;false;mountain;6
13442;37;254;1;land;true;hills;6
13443;36;248;1;land;false;hills;6
13444;32;224;1;land;true;hills;6
13445;43;236;1;land;false;hills;6
13446;57;232;1;land;false;plains;6
13447;66;239;1;land;false;hills;6
13448;38;242;1;land;true;hills;6
13449;33;231;1;land;false;plains;6
13450;197;245;1;land;false;forest;6
13451;181;183;1;land;false;forest;6
13452;164;242;1;land;false;plains;6
13453;177;181;1;land;false;hills;6
13454;133;208;1;land;false;plains;6
13455;173;174;1;land;false;hills;6
13456;185;253;1;land;false;plains;6
13457;140;223;1;land;false;hills;6
13458;106;186;1;land;false;plains;6
13459;130;208;1;land;false;plains;6
13460;91;177;1;land;false;hills;6
13461;143;171;1;land;false;mountain;6
13462;148;232;1;land;false;hills;6
13463;136;157;1;land;false;hills;6
13464;125;198;1;land;false;hills;6
13465;108;157;1;land;false;hills;6
13466;109;159;1;land;false;hills;6
13467;139;224;1;land;false;mountain;6
13468;104;180;1;land;false;plains;6
13469;99;155;1;land;false;plains;6
13470;82;180;1;land;false;plains;6
13471;125;194;1;land;false;forest;6
13472;223;32;1;land;false;hills;6
13473;229;54;1;land;false;hills;6
13474;224;61;1;land;false;plains;6
13475;254;47;1;land;true;mountain;6
13476;214;77;1;land;false;hills;6
13477;241;1;1;land;false;mountain;6
13478;254;248;1;land;true;hills;6
13479;224;195;1;land;true;plains;6
13480;247;178;1;land;true;hills;6
13481;187;193;1;land;false;plains;6
13482;204;241;1;land;true;hills;6
13483;203;194;1;land;true;hills;6
13484;127;223;1;land;true;plains;6
13485;157;215;1;land;true;plains;6
13486;13;110;1;land;false;plains;6
13487;69;59;1;land;false;plains;6
13488;65;70;1;land;false;forest;6
13489;87;112;1;land;false;plains;6
13490;43;117;1;land;false;hills;6
13491;53;86;1;land;false;hills;6
13492;15;61;1;land;false;hills;6
13493;58;59;1;land;false;plains;6
13494;58;58;1;land;false;hills;6
13495;41;86;1;land;false;plains;6
13496;216;58;1;land;false;forest;6
13497;234;51;1;land;false;forest;6
13498;212;69;1;land;false;forest;6
13499;253;82;1;land;false;hills;6
13500;228;93;1;land;false;hills;6
13501;231;111;1;land;false;forest;6
13502;216;97;1;land;false;forest;6
13503;244;62;1;land;false;forest;6
13504;160;2;1;land;true;hills;6
13505;155;32;1;land;false;hills;6
13506;142;12;1;land;true;plains;6
13507;104;47;1;land;false;plains;6
13508;159;18;1;land;false;plains;6
13509;140;7;1;land;false;hills;6
13510;162;40;1;land;false;plains;6
13511;158;24;1;land;false;plains;6
13512;148;37;1;land;false;plains;6
13513;163;69;1;land;false;hills;6
13514;161;53;1;land;true;hills;6
13515;121;64;1;land;false;plains;6
13516;142;38;1;land;false;plains;6
13517;168;27;1;land;false;hills;6
13518;137;15;1;land;false;plains;6
13519;109;15;1;land;true;hills;6
13520;157;37;1;land;false;plains;6
13521;152;0;1;land;false;plains;6
13522;113;44;1;land;false;plains;6
13523;106;17;1;land;false;plains;6
13524;117;2;1;land;false;plains;6
13525;103;7;1;land;false;hills;6
13526;125;12;1;land;false;hills;6
13527;147;37;1;land;false;plains;6
13528;186;180;1;land;true;hills;6
13529;194;183;1;land;true;hills;6
13530;150;165;1;land;true;hills;6
13531;118;147;1;land;false;hills;6
13532;151;172;1;land;false;hills;6
13533;133;181;1;land;false;hills;6
13534;172;212;1;land;false;hills;6
13535;154;195;1;land;false;hills;6
13536;180;168;1;land;false;hills;6
13537;149;195;1;land;false;hills;6
13538;145;202;1;land;true;hills;6
13539;123;178;1;land;false;hills;6
13540;170;223;1;land;false;plains;6
13541;162;194;1;land;true;hills;6
13542;177;211;1;land;false;hills;6
13543;173;186;1;land;true;hills;6
13544;162;163;1;land;false;hills;6
13545;221;126;1;land;true;mountain;6
13546;232;169;1;land;true;plains;6
13547;230;135;1;land;false;hills;6
13548;219;134;1;land;false;plains;6
13549;50;195;1;land;false;forest;6
13550;61;235;1;land;false;hills;6
13551;69;214;1;land;false;forest;6
13552;14;187;1;land;false;forest;6
13553;56;215;1;land;false;hills;6
13554;65;183;1;land;false;forest;6
13555;85;204;1;land;false;forest;6
13556;22;236;1;land;false;forest;6
13557;63;239;1;land;false;plains;6
13558;77;248;1;land;false;hills;6
13559;58;207;1;land;false;forest;6
13560;101;185;1;land;false;forest;6
13561;129;176;1;land;false;hills;6
13562;72;225;1;land;false;hills;6
13563;21;29;1;land;true;plains;6
13564;34;7;1;land;false;hills;6
13565;42;33;1;land;true;hills;6
13566;11;29;1;land;false;hills;6
13567;37;26;1;land;true;plains;6
13568;33;42;1;land;true;plains;6
13569;33;1;1;land;false;hills;6
13570;37;28;1;land;true;hills;6
13571;86;84;1;land;false;hills;6
13572;98;135;1;land;false;plains;6
13573;102;98;1;land;false;plains;6
13574;76;108;1;land;false;hills;6
13575;125;69;1;land;false;hills;6
13576;105;109;1;land;false;forest;6
13577;115;127;1;land;false;plains;6
13578;59;154;1;land;true;mountain;6
13579;60;115;1;land;true;hills;6
13580;41;95;1;land;false;hills;6
13581;62;157;1;land;false;mountain;6
13582;76;153;1;land;true;hills;6
13583;76;88;1;land;false;forest;6
13584;83;143;1;land;false;mountain;6
13585;38;85;1;land;false;mountain;6
13586;45;155;1;land;false;forest;6
13587;91;150;1;land;false;plains;6
13588;37;109;1;land;false;hills;6
13589;72;100;1;land;false;hills;6
13590;108;105;1;land;false;mountain;6
13591;106;128;1;land;false;forest;6
13592;98;138;1;land;false;plains;6
13593;41;141;1;land;true;plains;6
13594;81;85;1;land;false;mountain;6
13595;96;160;1;land;false;hills;6
13596;94;88;1;land;false;plains;6
13597;37;89;1;land;false;mountain;6
13598;113;160;1;land;true;hills;6
13599;99;121;1;land;true;hills;6
13600;81;135;1;land;false;hills;6
13601;94;154;1;land;false;hills;6
13602;71;84;1;land;false;mountain;6
13603;73;115;1;land;false;hills;6
13604;61;89;1;land;false;mountain;6
13605;73;100;1;land;false;forest;6
13606;81;144;1;land;false;hills;6
13607;41;91;1;land;false;plains;6
13608;133;53;1;land;true;hills;6
13609;137;102;1;land;false;hills;6
13610;126;119;1;land;true;hills;6
13611;127;53;1;land;true;hills;6
13612;151;70;1;land;false;hills;6
13613;114;116;1;land;false;forest;6
13614;139;127;1;land;false;forest;6
13615;161;111;1;land;true;hills;6
13616;161;127;1;land;true;hills;6
13617;141;102;1;land;false;forest;6
13618;109;87;1;land;true;hills;6
13619;176;56;1;land;false;forest;6
13620;163;83;1;land;true;hills;6
13621;176;76;1;land;false;forest;6
13622;130;65;1;land;false;forest;6
13623;159;87;1;land;true;hills;6
13624;145;66;1;land;false;hills;6
13625;149;97;1;land;false;forest;6
13626;155;81;1;land;false;forest;6
13627;176;120;1;land;true;hills;6
13628;165;50;1;land;false;forest;6
13629;184;114;1;land;true;hills;6
13630;165;124;1;land;true;forest;6
13631;178;63;1;land;true;hills;6
13632;151;56;1;land;false;hills;6
13633;165;117;1;land;false;hills;6
13634;183;121;1;land;false;hills;6
13635;169;71;1;land;false;forest;6
13636;145;103;1;land;false;forest;6
13637;162;88;1;land;false;forest;6
13638;154;87;1;land;false;hills;6
13639;185;123;1;land;true;hills;6
13640;156;122;1;land;false;forest;6
13641;171;64;1;land;false;forest;6
13642;166;50;1;land;true;hills;6
13643;166;76;1;land;false;hills;6
13644;166;103;1;land;false;hills;6
13645;156;95;1;land;false;hills;6
13646;170;88;1;land;false;hills;6
13647;182;47;1;land;false;mountain;6
13648;137;50;1;land;false;mountain;6
13649;155;67;1;land;false;hills;6
13650;185;37;1;land;false;mountain;6
13651;167;62;1;land;false;mountain;6
13652;191;96;1;land;false;mountain;6
13653;149;73;1;land;false;hills;6
13654;173;60;1;land;false;mountain;6
13655;152;27;1;land;false;mountain;6
13656;167;117;1;land;false;mountain;6
13657;116;135;1;land;true;hills;6
13658;146;158;1;land;false;mountain;6
13659;167;156;1;land;false;hills;6
13660;129;144;1;land;false;desert;6
13661;136;113;1;land;true;mountain;6
13662;160;117;1;land;true;hills;6
13663;105;136;1;land;false;mountain;6
13664;133;116;1;land;true;plains;6
13665;166;112;1;land;true;desert;6
13666;138;147;1;land;true;desert;6
13667;166;150;1;land;false;mountain;6
13668;105;122;1;land;false;mountain;6
13669;171;115;1;land;false;hills;6
13670;196;78;1;land;false;hills;6
13671;151;113;1;land;false;hills;6
13672;167;118;1;land;false;hills;6
13673;212;89;1;land;false;hills;6
13674;159;102;1;land;false;hills;6
13675;161;54;1;land;false;hills;6
13676;166;90;1;land;false;mountain;6
13677;201;71;1;land;false;hills;6
13678;193;52;1;land;false;hills;6
13679;187;92;1;land;false;mountain;6
13680;163;78;1;land;false;hills;6
13681;174;95;1;land;false;hills;6
13682;169;74;1;land;false;hills;6
13683;202;104;1;land;false;hills;6
13684;216;248;1;land;false;forest;6
13685;234;224;1;land;false;plains;6
13686;197;253;1;land;false;jungle;6
13687;206;201;1;land;false;forest;6
13688;199;226;1;land;false;forest;6
13689;233;246;1;land;false;hills;6
13690;236;190;1;land;false;hills;6
13691;243;186;1;land;false;hills;6
13692;240;198;1;land;false;hills;6
13693;205;228;1;land;false;forest;6
13694;237;205;1;land;false;hills;6
13695;250;208;1;land;false;mountain;6
13696;218;231;1;land;false;hills;6
13697;212;236;1;land;false;hills;6
13698;241;205;1;land;false;plains;6
13699;199;244;1;land;false;mountain;6
13700;217;191;1;land;false;forest;6
13701;207;222;1;land;false;forest;6
13702;233;227;1;land;false;jungle;6
13703;229;194;1;land;false;hills;6
13704;244;187;1;land;false;mountain;6
13705;214;254;1;land;false;hills;6
13706;239;236;1;land;false;forest;6
13707;213;204;1;land;false;forest;6
13708;236;196;1;land;false;forest;6
13709;223;234;1;land;false;hills;6
13710;198;195;1;land;false;hills;6
13711;222;228;1;land;false;hills;6
13712;229;89;1;land;false;plains;6
13713;236;135;1;land;false;plains;6
13714;207;103;1;land;false;plains;6
13715;248;114;1;land;false;plains;6
13716;218;102;1;land;false;plains;6
13717;229;70;1;land;false;plains;6
13718;199;128;1;land;false;plains;6
13719;251;114;1;land;false;plains;6
13720;246;94;1;land;false;plains;6
13721;233;78;1;land;false;plains;6
13722;205;100;1;land;false;plains;6
13723;208;97;1;land;false;hills;6
13724;217;90;1;land;false;plains;6
13725;216;86;1;land;false;plains;6
13726;231;146;1;land;false;hills;6
13727;250;88;1;land;false;plains;6
13728;247;95;1;land;false;plains;6
13729;233;133;1;land;false;plains;6
13730;225;75;1;land;false;plains;6
13731;215;69;1;land;false;plains;6
13732;230;141;1;land;false;plains;6
13733;233;68;1;land;false;hills;6
13734;253;114;1;land;false;plains;6
13735;198;138;1;land;false;plains;6
13736;197;81;1;land;false;plains;6
13737;216;80;1;land;false;hills;6
13738;223;54;1;land;false;hills;6
13739;214;26;1;land;false;hills;6
13740;252;94;1;land;true;hills;6
13741;222;20;1;land;true;mountain;6
13742;232;49;1;land;false;hills;6
13743;228;20;1;land;false;hills;6
13744;229;50;1;land;true;plains;6
13745;12;57;1;land;false;hills;6
13746;48;39;1;land;false;hills;6
13747;49;68;1;land;true;desert;6
13748;5;24;1;land;true;hills;6
13749;54;70;1;land;true;hills;6
13750;58;76;1;land;true;desert;6
13751;49;91;1;land;true;hills;6
13752;37;81;1;land;false;desert;6
13753;65;32;1;land;false;hills;6
13754;235;183;1;land;false;forest;6
13755;239;192;1;land;false;forest;6
13756;247;172;1;land;false;hills;6
13757;216;209;1;land;false;hills;6
13758;254;194;1;land;false;hills;6
13759;254;187;1;land;false;hills;6
13760;216;181;1;land;false;hills;6
13761;238;162;1;land;false;mountain;6
13762;253;157;1;land;false;mountain;6
13763;224;211;1;land;false;hills;6
13764;233;174;1;land;false;mountain;6
13765;238;205;1;land;false;hills;6
13766;235;150;1;land;false;hills;6
13767;229;191;1;land;false;mountain;6
13768;251;199;1;land;false;mountain;6
13769;238;175;1;land;false;forest;6
13770;221;168;1;land;false;hills;6
13771;252;180;1;land;false;forest;6
13772;245;174;1;land;false;mountain;6
13773;250;170;1;land;false;plains;6
13774;230;200;1;land;false;hills;6
13775;230;211;1;land;false;mountain;6
13776;254;148;1;land;false;mountain;6
13777;80;170;1;land;true;hills;6
13778;72;128;1;land;true;hills;6
13779;42;171;1;land;true;hills;6
13780;45;153;1;land;false;hills;6
13781;32;201;1;land;false;hills;6
13782;52;198;1;land;false;hills;6
13783;53;150;1;land;false;hills;6
13784;27;172;1;land;false;forest;6
13785;94;167;1;land;false;hills;6
13786;71;198;1;land;false;hills;6
13787;89;147;1;land;false;forest;6
13788;47;163;1;land;false;forest;6
13789;94;174;1;land;false;forest;6
13790;42;4;1;land;false;plains;6
13791;36;33;1;land;false;hills;6
13792;13;33;1;land;false;hills;6
13793;52;31;1;land;false;plains;6
13794;94;42;1;land;false;hills;6
13795;87;35;1;land;false;hills;6
13796;73;21;1;land;false;hills;6
13797;66;21;1;land;false;hills;6
13798;114;42;1;land;false;hills;6
13799;118;0;1;land;true;hills;6
13800;111;41;1;land;false;hills;6
13801;113;33;1;land;true;hills;6
13802;112;46;1;land;true;hills;6
13803;94;44;1;land;false;hills;6
13804;118;19;1;land;false;plains;6
13805;85;23;1;land;true;mountain;6
13806;57;4;1;land;false;mountain;6
13807;87;31;1;land;false;plains;6
13808;131;8;1;land;true;hills;6
13809;110;110;1;land;true;plains;6
13810;92;131;1;land;true;desert;6
13811;71;144;1;land;false;mountain;6
13812;126;153;1;land;false;mountain;6
13813;82;130;1;land;true;hills;6
13814;72;119;1;land;false;mountain;6
13815;72;116;1;land;false;mountain;6
13816;49;134;1;land;true;hills;6
13817;112;231;1;land;false;hills;6
13818;108;215;1;land;false;hills;6
13819;139;206;1;land;false;hills;6
13820;99;253;1;land;false;hills;6
13821;88;58;1;land;false;plains;6
13822;68;67;1;land;true;plains;6
13823;88;100;1;land;false;plains;6
13824;143;118;1;land;false;hills;6
13825;134;81;1;land;false;hills;6
13826;88;104;1;land;false;plains;6
13827;114;121;1;land;false;hills;6
13828;138;86;1;land;false;hills;6
13829;116;92;1;land;false;hills;6
13830;137;91;1;land;false;plains;6
13831;96;130;1;land;true;plains;6
13832;138;55;1;land;false;hills;6
13833;71;56;1;land;false;hills;6
13834;67;64;1;land;true;hills;6
13835;117;57;1;land;false;hills;6
13836;68;116;1;land;true;plains;6
13837;155;186;1;land;true;hills;6
13838;155;220;1;land;true;plains;6
13839;150;161;1;land;true;hills;6
13840;145;174;1;land;true;plains;6
13841;207;186;1;land;true;hills;6
13842;153;171;1;land;false;jungle;6
13843;138;197;1;land;false;forest;6
13844;118;183;1;land;false;hills;6
13845;113;173;1;land;false;mountain;6
13846;184;133;1;land;false;forest;6
13847;180;143;1;land;false;forest;6
13848;172;129;1;land;false;hills;6
13849;171;185;1;land;false;hills;6
13850;115;170;1;land;false;hills;6
13851;92;218;1;land;true;forest;6
13852;157;232;1;land;false;forest;6
13853;135;252;1;land;true;forest;6
13854;145;220;1;land;false;forest;6
13855;98;235;1;land;false;forest;6
13856;141;253;1;land;true;forest;6
13857;120;246;1;land;true;forest;6
13858;143;228;1;land;true;forest;6
13859;110;239;1;land;true;forest;6
13860;165;254;1;land;true;forest;6
13861;114;251;1;land;false;hills;6
13862;161;181;1;land;false;mountain;6
13863;157;240;1;land;false;hills;6
13864;177;178;1;land;false;mountain;6
13865;216;168;1;land;false;hills;6
13866;171;219;1;land;false;hills;6
13867;162;196;1;land;true;hills;6
13868;142;201;1;land;true;hills;6
13869;183;228;1;land;false;hills;6
13870;202;198;1;land;true;desert;6
13871;213;214;1;land;true;desert;6
13872;148;220;1;land;true;desert;6
13873;177;238;1;land;false;plains;6
13874;186;229;1;land;true;hills;6
13875;174;233;1;land;true;desert;6
13876;158;172;1;land;false;hills;6
13877;208;230;1;land;false;mountain;6
13878;197;225;1;land;false;hills;6
13879;178;202;1;land;false;mountain;6
13880;177;44;1;land;true;hills;6
13881;187;60;1;land;false;hills;6
13882;152;99;1;land;false;hills;6
13883;184;89;1;land;true;hills;6
13884;216;33;1;land;true;hills;6
13885;155;82;1;land;true;hills;6
13886;153;97;1;land;true;hills;6
13887;243;66;1;land;true;plains;6
13888;251;5;1;land;true;plains;6
13889;246;68;1;land;false;hills;6
13890;228;29;1;land;true;plains;6
13891;220;74;1;land;true;plains;6
13892;223;37;1;land;true;plains;6
13893;218;47;1;land;false;plains;6
13894;248;38;1;land;false;plains;6
13895;222;47;1;land;true;plains;6
13896;206;47;1;land;false;plains;6
13897;227;27;1;land;false;forest;6
13898;224;21;1;land;false;forest;6
13899;201;16;1;land;false;forest;6
13900;230;18;1;land;false;hills;6
13901;224;23;1;land;false;hills;6
13902;234;21;1;land;false;hills;6
13903;224;0;1;land;false;forest;6
13904;253;30;1;land;false;forest;6
13905;252;17;1;land;false;forest;6
13906;105;244;1;land;false;hills;6
13907;117;219;1;land;false;hills;6
13908;110;251;1;land;false;mountain;6
13909;62;237;1;land;false;hills;6
13910;100;232;1;land;false;hills;6
13911;78;251;1;land;false;mountain;6
13912;129;237;1;land;false;hills;6
13913;111;244;1;land;false;hills;6
13914;87;140;1;land;false;plains;6
13915;73;143;1;land;false;plains;6
13916;69;83;1;land;false;plains;6
13917;18;78;1;land;false;plains;6
13918;93;114;1;land;false;hills;6
13919;30;117;1;land;false;hills;6
13920;88;138;1;land;false;plains;6
13921;41;114;1;land;false;hills;6
13922;20;115;1;land;false;plains;6
13923;44;109;1;land;false;plains;6
13924;55;134;1;land;false;plains;6
13925;179;199;1;land;false;forest;6
13926;179;184;1;land;false;forest;6
13927;142;229;1;land;false;forest;6
13928;107;212;1;land;false;forest;6
13929;159;219;1;land;false;forest;6
13930;161;225;1;land;false;forest;6
13931;182;196;1;land;false;forest;6
13932;148;152;1;land;false;forest;6
13933;170;205;1;land;false;forest;6
13934;72;171;1;land;false;hills;6
13935;109;155;1;land;false;hills;6
13936;114;181;1;land;false;hills;6
13937;43;148;1;land;false;plains;6
13938;80;157;1;land;true;plains;6
13939;39;144;1;land;false;plains;6
13940;105;162;1;land;false;hills;6
13941;99;131;1;land;false;hills;6
13942;89;149;1;land;false;hills;6
13943;104;145;1;land;false;mountain;6
13944;114;158;1;land;true;mountain;6
13945;39;114;1;land;false;plains;6
13946;39;112;1;land;false;hills;6
13947;98;179;1;land;false;hills;6
13948;78;133;1;land;false;plains;6
13949;83;136;1;land;false;mountain;6
13950;108;183;1;land;false;plains;6
13951;47;131;1;land;false;plains;6
13952;115;144;1;land;false;plains;6
13953;101;101;1;land;true;forest;6
13954;120;161;1;land;false;forest;6
13955;89;87;1;land;false;jungle;6
13956;129;97;1;land;true;jungle;6
13957;66;133;1;land;false;forest;6
13958;107;87;1;land;false;forest;6
13959;134;116;1;land;true;jungle;6
13960;140;118;1;land;true;forest;6
13961;69;131;1;land;true;forest;6
13962;61;93;1;land;true;forest;6
13963;63;114;1;land;false;forest;6
13964;106;153;1;land;false;forest;6
13965;139;137;1;land;true;hills;6
13966;123;81;1;land;false;forest;6
13967;136;141;1;land;false;forest;6
13968;148;82;1;land;false;plains;6
13969;129;37;1;land;false;plains;6
13970;135;65;1;land;false;mountain;6
13971;109;84;1;land;false;mountain;6
13972;138;50;1;land;false;mountain;6
13973;93;109;1;land;false;plains;6
13974;198;186;1;land;true;jungle;6
13975;166;159;1;land;true;forest;6
13976;179;209;1;land;true;forest;6
13977;171;148;1;land;true;jungle;6
13978;177;159;1;land;true;hills;6
13979;160;170;1;land;true;jungle;6
13980;177;210;1;land;false;hills;6
13981;223;196;1;land;false;hills;6
13982;196;182;1;land;false;hills;6
13983;215;147;1;land;true;forest;6
13984;218;171;1;land;false;jungle;6
13985;150;177;1;land;false;forest;6
13986;184;48;1;land;false;mountain;6
13987;117;49;1;land;false;mountain;6
13988;161;75;1;land;false;mountain;6
13989;35;79;1;land;true;hills;6
13990;18;107;1;land;true;hills;6
13991;20;129;1;land;true;hills;6
13992;53;87;1;land;false;plains;6
13993;57;63;1;land;false;forest;6
13994;43;91;1;land;false;plains;6
13995;25;42;1;land;false;plains;6
13996;33;88;1;land;false;plains;6
13997;69;49;1;land;true;hills;6
13998;15;70;1;land;false;hills;6
13999;56;27;1;land;false;hills;6
14000;28;42;1;land;false;hills;6
14001;47;60;1;land;false;hills;6
14002;49;23;1;land;true;hills;6
14003;43;18;1;land;false;hills;6
14004;37;11;1;land;false;hills;6
14005;68;6;1;land;true;desert;6
14006;62;22;1;land;false;plains;6
14007;84;35;1;land;true;hills;6
14008;50;1;1;land;true;hills;6
14009;116;14;1;land;true;plains;6
14010;108;26;1;land;false;hills;6
14011;76;68;1;land;false;hills;6
14012;43;212;1;land;false;hills;6
14013;93;212;1;land;false;forest;6
14014;94;175;1;land;false;hills;6
14015;69;157;1;land;false;hills;6
14016;83;188;1;land;false;forest;6
14017;34;65;1;land;true;hills;6
14018;79;34;1;land;true;hills;6
14019;18;4;1;land;false;plains;6
14020;22;8;1;land;true;hills;6
14021;55;70;1;land;false;plains;6
14022;40;1;1;land;false;forest;6
14023;26;7;1;land;false;forest;6
14024;129;45;1;land;false;hills;6
14025;66;59;1;land;true;hills;6
14026;64;16;1;land;false;hills;6
14027;125;59;1;land;true;mountain;6
14028;83;61;1;land;false;hills;6
14029;61;29;1;land;false;hills;6
14030;55;52;1;land;true;mountain;6
14031;60;14;1;land;false;plains;6
14032;117;28;1;land;false;hills;6
14033;67;5;1;land;false;plains;6
14034;130;39;1;land;true;hills;6
14035;185;78;1;land;true;hills;6
14036;214;153;1;land;true;hills;6
14037;189;107;1;land;true;hills;6
14038;142;79;1;land;true;hills;6
14039;134;157;1;land;false;forest;6
14040;88;85;1;land;false;plains;6
14041;87;153;1;land;false;hills;6
14042;105;141;1;land;false;hills;6
14043;68;118;1;land;false;hills;6
14044;102;85;1;land;false;hills;6
14045;84;132;1;land;false;hills;6
14046;99;112;1;land;false;hills;6
14047;124;148;1;land;false;hills;6
14048;69;133;1;land;false;hills;6
14049;136;139;1;land;false;hills;6
14050;75;158;1;land;false;forest;6
14051;118;92;1;land;false;hills;6
14052;171;241;1;land;false;hills;6
14053;124;240;1;land;false;plains;6
14054;165;224;1;land;false;plains;6
14055;161;238;1;land;true;plains;6
14056;125;224;1;land;false;hills;6
14057;179;235;1;land;false;plains;6
14058;127;234;1;land;true;hills;6
14059;132;221;1;land;false;plains;6
14060;151;241;1;land;false;hills;6
14061;169;253;1;land;false;plains;6
14062;192;248;1;land;true;plains;6
14063;152;232;1;land;false;plains;6
14064;128;238;1;land;false;plains;6
14065;132;227;1;land;false;hills;6
14066;147;237;1;land;false;hills;6
14067;132;228;1;land;false;plains;6
14068;176;153;1;land;false;hills;6
14069;132;164;1;land;false;hills;6
14070;171;120;1;land;false;hills;6
14071;162;167;1;land;false;hills;6
14072;127;173;1;land;true;plains;6
14073;160;133;1;land;true;plains;6
14074;147;119;1;land;false;plains;6
14075;162;195;1;land;false;plains;6
14076;108;174;1;land;false;plains;6
14077;151;128;1;land;true;forest;6
14078;130;155;1;land;true;forest;6
14079;157;188;1;land;true;hills;6
14080;163;173;1;land;true;hills;6
14081;174;129;1;land;true;forest;6
14082;120;180;1;land;true;forest;6
14083;137;127;1;land;false;plains;6
14084;140;150;1;land;false;plains;6
14085;182;141;1;land;true;plains;6
14086;117;119;1;land;true;plains;6
14087;117;163;1;land;false;hills;6
14088;144;125;1;land;false;hills;6
14089;100;199;1;land;true;hills;6
14090;129;225;1;land;true;hills;6
14091;124;244;1;land;true;hills;6
14092;115;232;1;land;true;hills;6
14093;94;251;1;land;true;hills;6
14094;127;238;1;land;true;plains;6
14095;132;206;1;land;true;hills;6
14096;70;247;1;land;true;jungle;6
14097;61;201;1;land;true;hills;6
14098;53;244;1;land;true;hills;6
14099;10;231;1;land;false;plains;6
14100;30;209;1;land;false;plains;6
14101;23;207;1;land;false;plains;6
14102;18;188;1;land;false;forest;6
14103;54;235;1;land;false;hills;6
14104;41;217;1;land;false;forest;6
14105;36;237;1;land;false;hills;6
14106;4;222;1;land;false;hills;6
14107;52;209;1;land;false;forest;6
14108;48;245;1;land;false;plains;6
14109;108;103;1;land;false;hills;6
14110;102;84;1;land;false;mountain;6
14111;140;123;1;land;false;hills;6
14112;166;81;1;land;false;plains;6
14113;232;35;1;land;true;hills;5
14114;20;226;1;land;true;hills;5
14115;95;242;1;land;true;hills;5
14116;60;239;1;land;true;hills;5
14117;130;108;1;land;false;plains;5
14118;130;74;1;land;false;plains;5
14119;151;38;1;land;false;plains;5
14120;130;89;1;land;false;plains;5
14121;177;63;1;land;false;hills;5
14122;129;56;1;land;false;plains;5
14123;137;43;1;land;false;plains;5
14124;161;101;1;land;false;plains;5
14125;222;18;1;land;false;plains;5
14126;212;40;1;land;false;plains;5
14127;177;70;1;land;false;hills;5
14128;208;34;1;land;false;plains;5
14129;232;16;1;land;false;plains;5
14130;173;19;1;land;false;hills;5
14131;185;34;1;land;false;plains;5
14132;236;32;1;land;false;plains;5
14133;229;16;1;land;false;plains;5
14134;171;10;1;land;false;plains;5
14135;215;3;1;land;false;plains;5
14136;202;62;1;land;false;plains;5
14137;243;41;1;land;true;plains;5
14138;214;39;1;land;true;plains;5
14139;247;6;1;land;true;hills;5
14140;247;23;1;land;false;plains;5
14141;237;32;1;land;false;plains;5
14142;245;1;1;land;true;hills;5
14143;230;4;1;land;false;hills;5
14144;225;25;1;land;false;plains;5
14145;245;31;1;land;false;plains;5
14146;75;171;1;land;true;hills;5
14147;138;158;1;land;true;hills;5
14148;108;162;1;land;true;hills;5
14149;162;149;1;land;true;hills;5
14150;182;213;1;land;true;mountain;5
14151;207;223;1;land;true;mountain;5
14152;199;222;1;land;true;plains;5
14153;159;197;1;land;true;mountain;5
14154;212;158;1;land;true;plains;5
14155;25;39;1;land;false;hills;5
14156;81;34;1;land;false;mountain;5
14157;41;52;1;land;false;hills;5
14158;51;59;1;land;false;hills;5
14159;47;53;1;land;false;plains;5
14160;73;42;1;land;false;hills;5
14161;60;70;1;land;false;plains;5
14162;62;30;1;land;true;hills;5
14163;44;11;1;land;false;hills;5
14164;84;28;1;land;true;plains;5
14165;57;62;1;land;false;plains;5
14166;89;33;1;land;true;plains;5
14167;65;38;1;land;true;hills;5
14168;40;27;1;land;false;hills;5
14169;68;19;1;land;true;hills;5
14170;43;15;1;land;true;plains;5
14171;62;21;1;land;false;plains;5
14172;53;0;1;land;true;plains;5
14173;82;21;1;land;false;hills;5
14174;82;9;1;land;false;plains;5
14175;67;2;1;land;true;plains;5
14176;50;12;1;land;false;hills;5
14177;29;13;1;land;false;plains;5
14178;79;26;1;land;false;hills;5
14179;50;179;1;land;false;plains;5
14180;81;182;1;land;false;hills;5
14181;73;185;1;land;false;hills;5
14182;86;120;1;land;false;plains;5
14183;55;160;1;land;false;hills;5
14184;83;182;1;land;false;plains;5
14185;36;124;1;land;false;plains;5
14186;45;172;1;land;false;hills;5
14187;25;178;1;land;false;hills;5
14188;52;117;1;land;false;plains;5
14189;24;138;1;land;false;hills;5
14190;62;127;1;land;false;hills;5
14191;76;160;1;land;false;plains;5
14192;46;128;1;land;false;plains;5
14193;118;90;1;land;false;hills;5
14194;48;96;1;land;false;plains;5
14195;97;102;1;land;false;plains;5
14196;95;111;1;land;false;hills;5
14197;78;227;1;land;false;hills;5
14198;74;220;1;land;true;mountain;5
14199;64;235;1;land;false;hills;5
14200;92;225;1;land;false;hills;5
14201;85;249;1;land;true;plains;5
14202;69;254;1;land;false;plains;5
14203;107;236;1;land;false;hills;5
14204;95;218;1;land;true;plains;5
14205;91;212;1;land;false;hills;5
14206;210;161;1;land;false;plains;5
14207;190;151;1;land;false;hills;5
14208;153;172;1;land;false;forest;5
14209;212;145;1;land;false;plains;5
14210;165;144;1;land;false;plains;5
14211;198;148;1;land;false;hills;5
14212;196;203;1;land;false;hills;5
14213;177;176;1;land;false;forest;5
14214;219;141;1;land;true;plains;5
14215;231;158;1;land;false;hills;5
14216;239;166;1;land;false;hills;5
14217;229;210;1;land;true;hills;5
14218;247;162;1;land;false;hills;5
14219;218;157;1;land;false;hills;5
14220;197;177;1;land;false;hills;5
14221;238;202;1;land;false;mountain;5
14222;245;195;1;land;false;hills;5
14223;242;147;1;land;false;hills;5
14224;251;182;1;land;false;plains;5
14225;239;164;1;land;false;hills;5
14226;195;158;1;land;false;hills;5
14227;210;207;1;land;true;plains;5
14228;209;144;1;land;false;hills;5
14229;203;190;1;land;false;mountain;5
14230;242;160;1;land;false;hills;5
14231;171;169;1;land;false;plains;5
14232;138;120;1;land;true;plains;5
14233;171;134;1;land;true;plains;5
14234;133;131;1;land;true;hills;5
14235;153;143;1;land;true;plains;5
14236;151;119;1;land;true;plains;5
14237;127;167;1;land;false;plains;5
14238;170;134;1;land;true;hills;5
14239;143;148;1;land;false;plains;5
14240;88;171;1;land;false;hills;5
14241;26;207;1;land;true;hills;5
14242;67;237;1;land;false;plains;5
14243;87;168;1;land;false;mountain;5
14244;37;227;1;land;true;mountain;5
14245;67;191;1;land;false;plains;5
14246;41;172;1;land;false;plains;5
14247;49;219;1;land;false;hills;5
14248;71;214;1;land;false;hills;5
14249;44;174;1;land;false;hills;5
14250;42;201;1;land;false;plains;5
14251;78;186;1;land;false;hills;5
14252;32;235;1;land;false;plains;5
14253;21;191;1;land;true;mountain;5
14254;83;235;1;land;false;hills;5
14255;83;205;1;land;false;plains;5
14256;33;201;1;land;false;plains;5
14257;80;211;1;land;false;hills;5
14258;71;201;1;land;false;hills;5
14259;74;175;1;land;false;mountain;5
14260;25;160;1;land;false;hills;5
14261;51;227;1;land;false;hills;5
14262;83;168;1;land;true;hills;5
14263;54;165;1;land;false;mountain;5
14264;90;166;1;land;false;plains;5
14265;83;224;1;land;false;plains;5
14266;31;178;1;land;false;plains;5
14267;54;201;1;land;false;mountain;5
14268;165;203;1;land;false;mountain;5
14269;136;215;1;land;true;plains;5
14270;146;228;1;land;true;hills;5
14271;159;207;1;land;false;hills;5
14272;176;226;1;land;true;hills;5
14273;139;242;1;land;false;hills;5
14274;153;189;1;land;false;mountain;5
14275;151;227;1;land;false;mountain;5
14276;122;205;1;land;true;plains;5
14277;179;223;1;land;true;hills;5
14278;122;234;1;land;true;hills;5
14279;169;196;1;land;false;hills;5
14280;136;197;1;land;true;hills;5
14281;158;208;1;land;false;hills;5
14282;149;237;1;land;false;hills;5
14283;181;189;1;land;false;hills;5
14284;146;231;1;land;true;plains;5
14285;228;201;1;land;true;forest;5
14286;234;161;1;land;true;hills;5
14287;237;169;1;land;true;plains;5
14288;241;179;1;land;true;mountain;5
14289;234;199;1;land;false;hills;5
14290;227;164;1;land;true;plains;5
14291;241;194;1;land;false;hills;5
14292;225;181;1;land;true;plains;5
14293;247;165;1;land;true;forest;5
14294;248;176;1;land;true;hills;5
14295;236;181;1;land;true;hills;5
14296;157;75;1;land;true;hills;5
14297;124;104;1;land;true;hills;5
14298;143;114;1;land;true;hills;5
14299;153;81;1;land;true;hills;5
14300;109;66;1;land;true;hills;5
14301;122;79;1;land;true;hills;5
14302;252;169;1;land;false;plains;5
14303;220;166;1;land;false;plains;5
14304;252;140;1;land;false;plains;5
14305;133;48;1;land;false;hills;5
14306;139;57;1;land;false;hills;5
14307;114;77;1;land;true;plains;5
14308;71;66;1;land;false;plains;5
14309;103;79;1;land;false;hills;5
14310;66;78;1;land;true;hills;5
14311;108;76;1;land;true;hills;5
14312;67;47;1;land;true;plains;5
14313;65;11;1;land;true;plains;5
14314;11;19;1;land;false;plains;5
14315;48;28;1;land;false;plains;5
14316;22;4;1;land;true;plains;5
14317;13;23;1;land;true;plains;5
14318;46;11;1;land;true;plains;5
14319;52;32;1;land;true;plains;5
14320;38;24;1;land;true;plains;5
14321;10;11;1;land;true;plains;5
14322;56;39;1;land;false;plains;5
14323;50;5;1;land;true;plains;5
14324;19;17;1;land;true;plains;5
14325;38;39;1;land;false;plains;5
14326;17;20;1;land;false;plains;5
14327;10;4;1;land;false;plains;5
14328;23;45;1;land;false;plains;5
14329;28;3;1;land;true;plains;5
14330;36;24;1;land;true;plains;5
14331;20;53;1;land;true;hills;5
14332;8;41;1;land;true;plains;5
14333;8;36;1;land;false;plains;5
14334;36;9;1;land;true;hills;5
14335;13;55;1;land;false;plains;5
14336;28;36;1;land;true;hills;5
14337;54;1;1;land;true;hills;5
14338;28;33;1;land;false;plains;5
14339;55;9;1;land;true;hills;5
14340;21;18;1;land;true;hills;5
14341;41;31;1;land;true;plains;5
14342;33;17;1;land;false;plains;5
14343;12;8;1;land;true;plains;5
14344;29;22;1;land;true;plains;5
14345;25;2;1;land;true;hills;5
14346;3;13;1;land;true;plains;5
14347;59;18;1;land;false;plains;5
14348;48;4;1;land;true;plains;5
14349;50;9;1;land;false;plains;5
14350;102;138;1;land;false;plains;5
14351;153;132;1;land;false;plains;5
14352;156;165;1;land;false;plains;5
14353;92;105;1;land;false;plains;5
14354;166;104;1;land;false;plains;5
14355;94;110;1;land;false;plains;5
14356;142;140;1;land;false;plains;5
14357;118;176;1;land;false;plains;5
14358;90;143;1;land;false;plains;5
14359;113;98;1;land;false;hills;5
14360;165;100;1;land;false;plains;5
14361;154;176;1;land;false;plains;5
14362;163;114;1;land;false;hills;5
14363;165;99;1;land;false;hills;5
14364;10;157;1;land;true;mountain;5
14365;5;194;1;land;true;hills;5
14366;35;171;1;land;false;mountain;5
14367;2;195;1;land;true;mountain;5
14368;1;161;1;land;true;mountain;5
14369;8;162;1;land;false;mountain;5
14370;2;207;1;land;true;plains;5
14371;29;151;1;land;true;hills;5
14372;15;186;1;land;true;plains;5
14373;195;110;1;land;false;hills;5
14374;206;155;1;land;false;forest;5
14375;202;99;1;land;false;hills;5
14376;121;182;1;land;false;hills;5
14377;95;140;1;land;false;hills;5
14378;100;170;1;land;false;hills;5
14379;93;214;1;land;false;hills;5
14380;117;135;1;land;false;hills;5
14381;85;139;1;land;false;hills;5
14382;213;137;1;land;false;hills;5
14383;217;132;1;land;true;hills;5
14384;174;179;1;land;true;hills;5
14385;185;162;1;land;true;hills;5
14386;237;138;1;land;false;hills;5
14387;109;35;1;land;false;hills;5
14388;53;51;1;land;false;hills;5
14389;62;27;1;land;false;hills;5
14390;72;8;1;land;true;mountain;5
14391;45;23;1;land;false;plains;5
14392;101;52;1;land;false;plains;5
14393;106;56;1;land;false;plains;5
14394;34;1;1;land;false;plains;5
14395;101;27;1;land;false;plains;5
14396;80;7;1;land;false;plains;5
14397;52;21;1;land;false;mountain;5
14398;31;52;1;land;false;hills;5
14399;78;8;1;land;false;hills;5
14400;47;62;1;land;false;plains;5
14401;63;31;1;land;false;plains;5
14402;64;1;1;land;false;plains;5
14403;68;38;1;land;false;plains;5
14404;89;22;1;land;false;plains;5
14405;19;222;1;land;false;hills;5
14406;3;212;1;land;false;plains;5
14407;32;228;1;land;false;hills;5
14408;10;241;1;land;false;plains;5
14409;9;246;1;land;false;plains;5
14410;49;236;1;land;false;plains;5
14411;40;210;1;land;false;plains;5
14412;18;202;1;land;false;plains;5
14413;39;226;1;land;false;hills;5
14414;6;226;1;land;false;plains;5
14415;22;197;1;land;false;plains;5
14416;19;210;1;land;false;plains;5
14417;35;248;1;land;true;hills;5
14418;31;224;1;land;true;hills;5
14419;11;216;1;land;false;plains;5
14420;13;224;1;land;false;plains;5
14421;32;216;1;land;false;hills;5
14422;46;253;1;land;false;plains;5
14423;34;228;1;land;false;plains;5
14424;15;217;1;land;false;plains;5
14425;18;222;1;land;false;plains;5
14426;11;210;1;land;false;plains;5
14427;39;223;1;land;false;hills;5
14428;9;221;1;land;false;hills;5
14429;10;248;1;land;false;forest;5
14430;14;246;1;land;false;plains;5
14431;18;207;1;land;false;plains;5
14432;16;208;1;land;false;plains;5
14433;11;193;1;land;false;hills;5
14434;47;249;1;land;false;plains;5
14435;30;198;1;land;false;plains;5
14436;103;223;1;land;false;plains;5
14437;68;195;1;land;false;plains;5
14438;61;205;1;land;false;plains;5
14439;63;180;1;land;false;plains;5
14440;104;204;1;land;false;plains;5
14441;110;242;1;land;false;plains;5
14442;45;203;1;land;false;plains;5
14443;87;185;1;land;false;plains;5
14444;92;216;1;land;false;plains;5
14445;113;191;1;land;false;plains;5
14446;104;206;1;land;false;plains;5
14447;52;219;1;land;false;plains;5
14448;79;176;1;land;false;plains;5
14449;141;82;1;land;false;hills;5
14450;213;69;1;land;false;hills;5
14451;176;94;1;land;false;hills;5
14452;211;45;1;land;false;hills;5
14453;172;84;1;land;false;mountain;5
14454;172;38;1;land;false;mountain;5
14455;51;22;1;land;false;hills;5
14456;52;9;1;land;false;hills;5
14457;32;21;1;land;true;hills;5
14458;45;39;1;land;true;hills;5
14459;11;38;1;land;true;hills;5
14460;140;225;1;land;false;plains;5
14461;146;193;1;land;false;hills;5
14462;132;196;1;land;false;hills;5
14463;160;222;1;land;false;plains;5
14464;158;209;1;land;false;forest;5
14465;118;192;1;land;false;forest;5
14466;124;181;1;land;false;forest;5
14467;113;203;1;land;false;forest;5
14468;174;248;1;land;false;forest;5
14469;121;234;1;land;false;plains;5
14470;120;221;1;land;false;forest;5
14471;122;238;1;land;false;hills;5
14472;128;181;1;land;false;forest;5
14473;124;243;1;land;false;forest;5
14474;178;242;1;land;false;hills;5
14475;166;211;1;land;false;plains;5
14476;119;213;1;land;false;forest;5
14477;144;237;1;land;false;plains;5
14478;132;233;1;land;false;plains;5
14479;145;33;1;land;false;hills;5
14480;114;19;1;land;true;plains;5
14481;121;8;1;land;true;plains;5
14482;150;54;1;land;true;plains;5
14483;176;31;1;land;false;hills;5
14484;146;41;1;land;true;plains;5
14485;128;12;1;land;false;hills;5
14486;179;0;1;land;false;plains;5
14487;164;10;1;land;false;hills;5
14488;113;35;1;land;true;plains;5
14489;117;51;1;land;false;hills;5
14490;127;47;1;land;true;hills;5
14491;143;12;1;land;false;plains;5
14492;137;1;1;land;false;plains;5
14493;189;14;1;land;false;hills;5
14494;48;154;1;land;true;hills;5
14495;87;229;1;land;true;plains;5
14496;45;167;1;land;true;plains;5
14497;26;175;1;land;true;hills;5
14498;61;214;1;land;true;hills;5
14499;84;205;1;land;false;plains;5
14500;90;177;1;land;false;hills;5
14501;67;164;1;land;false;hills;5
14502;75;161;1;land;true;plains;5
14503;46;217;1;land;false;plains;5
14504;26;211;1;land;true;hills;5
14505;44;216;1;land;true;hills;5
14506;20;195;1;land;false;hills;5
14507;40;181;1;land;false;hills;5
14508;92;132;1;land;true;plains;5
14509;85;118;1;land;true;mountain;5
14510;93;120;1;land;false;mountain;5
14511;128;139;1;land;false;mountain;5
14512;96;180;1;land;false;hills;5
14513;54;214;1;land;false;plains;5
14514;27;208;1;land;false;forest;5
14515;71;239;1;land;false;forest;5
14516;65;207;1;land;false;forest;5
14517;43;234;1;land;false;plains;5
14518;26;192;1;land;false;forest;5
14519;11;192;1;land;false;hills;5
14520;13;248;1;land;true;plains;5
14521;45;206;1;land;true;plains;5
14522;33;219;1;land;false;plains;5
14523;48;250;1;land;false;hills;5
14524;63;247;1;land;true;hills;5
14525;29;194;1;land;false;plains;5
14526;38;199;1;land;false;hills;5
14527;19;220;1;land;true;plains;5
14528;10;219;1;land;true;plains;5
14529;22;223;1;land;false;hills;5
14530;4;232;1;land;false;forest;5
14531;8;254;1;land;true;hills;5
14532;15;234;1;land;true;hills;5
14533;43;222;1;land;false;forest;5
14534;16;203;1;land;false;forest;5
14535;66;238;1;land;false;hills;5
14536;29;239;1;land;true;plains;5
14537;52;196;1;land;false;forest;5
14538;55;220;1;land;false;hills;5
14539;52;246;1;land;true;plains;5
14540;10;232;1;land;false;hills;5
14541;56;238;1;land;false;plains;5
14542;47;231;1;land;false;plains;5
14543;59;212;1;land;false;forest;5
14544;39;73;1;land;true;plains;5
14545;39;83;1;land;false;plains;5
14546;20;67;1;land;true;hills;5
14547;35;78;1;land;false;plains;5
14548;20;27;1;land;false;plains;5
14549;39;50;1;land;false;plains;5
14550;7;34;1;land;false;plains;5
14551;28;83;1;land;false;plains;5
14552;34;62;1;land;false;hills;5
14553;10;36;1;land;false;hills;5
14554;31;23;1;land;false;hills;5
14555;23;77;1;land;false;plains;5
14556;32;57;1;land;false;mountain;5
14557;29;50;1;land;false;mountain;5
14558;14;75;1;land;false;plains;5
14559;26;30;1;land;true;hills;5
14560;31;28;1;land;true;plains;5
14561;23;59;1;land;false;hills;5
14562;1;29;1;land;false;hills;5
14563;7;40;1;land;false;hills;5
14564;12;47;1;land;false;hills;5
14565;11;48;1;land;false;plains;5
14566;12;72;1;land;false;plains;5
14567;20;46;1;land;true;mountain;5
14568;6;83;1;land;false;hills;5
14569;35;50;1;land;false;hills;5
14570;8;31;1;land;false;hills;5
14571;31;31;1;land;false;plains;5
14572;0;80;1;land;false;plains;5
14573;19;12;1;land;false;plains;5
14574;165;115;1;land;true;mountain;5
14575;175;129;1;land;false;hills;5
14576;184;139;1;land;false;hills;5
14577;157;97;1;land;false;plains;5
14578;206;117;1;land;true;plains;5
14579;88;134;1;land;false;hills;5
14580;80;196;1;land;false;plains;5
14581;140;202;1;land;false;plains;5
14582;63;175;1;land;false;hills;5
14583;68;172;1;land;false;plains;5
14584;115;148;1;land;false;hills;5
14585;98;189;1;land;false;hills;5
14586;79;153;1;land;false;hills;5
14587;93;163;1;land;false;plains;5
14588;132;143;1;land;false;plains;5
14589;84;153;1;land;false;plains;5
14590;122;149;1;land;false;plains;5
14591;75;199;1;land;false;plains;5
14592;66;178;1;land;false;hills;5
14593;132;128;1;land;false;plains;5
14594;94;200;1;land;false;hills;5
14595;212;154;1;land;false;forest;5
14596;159;160;1;land;false;mountain;5
14597;199;169;1;land;false;hills;5
14598;227;102;1;land;false;mountain;5
14599;157;114;1;land;false;forest;5
14600;194;104;1;land;false;mountain;5
14601;172;177;1;land;false;hills;5
14602;240;210;1;land;true;plains;5
14603;239;205;1;land;false;plains;5
14604;187;132;1;land;true;plains;5
14605;172;195;1;land;false;plains;5
14606;225;173;1;land;true;plains;5
14607;241;168;1;land;true;plains;5
14608;179;165;1;land;true;hills;5
14609;214;177;1;land;false;plains;5
14610;211;153;1;land;false;plains;5
14611;214;64;1;land;true;plains;5
14612;232;81;1;land;true;plains;5
14613;157;52;1;land;false;plains;5
14614;174;33;1;land;false;plains;5
14615;161;12;1;land;false;plains;5
14616;183;35;1;land;false;plains;5
14617;130;26;1;land;false;plains;5
14618;132;24;1;land;false;plains;5
14619;205;22;1;land;false;plains;5
14620;205;14;1;land;false;plains;5
14621;142;39;1;land;false;plains;5
14622;194;14;1;land;false;plains;5
14623;133;40;1;land;false;plains;5
14624;152;51;1;land;false;plains;5
14625;148;143;1;land;false;plains;5
14626;168;126;1;land;false;plains;5
14627;144;91;1;land;false;plains;5
14628;153;155;1;land;false;plains;5
14629;127;142;1;land;false;plains;5
14630;140;136;1;land;false;hills;5
14631;162;96;1;land;false;plains;5
14632;144;117;1;land;false;plains;5
14633;114;88;1;land;false;plains;5
14634;145;137;1;land;false;plains;5
14635;138;92;1;land;false;plains;5
14636;132;133;1;land;false;plains;5
14637;167;147;1;land;false;plains;5
14638;105;132;1;land;false;plains;5
14639;108;147;1;land;false;plains;5
14640;141;133;1;land;false;plains;5
14641;147;139;1;land;false;plains;5
14642;135;118;1;land;false;plains;5
14643;97;90;1;land;false;plains;5
14644;142;194;1;land;false;plains;5
14645;168;185;1;land;false;plains;5
14646;197;188;1;land;false;plains;5
14647;187;226;1;land;false;plains;5
14648;158;173;1;land;false;plains;5
14649;186;183;1;land;false;plains;5
14650;195;229;1;land;false;plains;5
14651;162;181;1;land;false;plains;5
14652;193;165;1;land;false;plains;5
14653;149;206;1;land;false;plains;5
14654;165;218;1;land;false;plains;5
14655;161;148;1;land;false;plains;5
14656;178;214;1;land;false;plains;5
14657;180;226;1;land;false;plains;5
14658;165;221;1;land;false;plains;5
14659;161;160;1;land;false;plains;5
14660;184;165;1;land;false;plains;5
14661;193;171;1;land;false;plains;5
14662;203;215;1;land;false;plains;5
14663;215;134;1;land;false;plains;5
14664;208;142;1;land;false;hills;5
14665;227;192;1;land;false;hills;5
14666;188;202;1;land;false;plains;5
14667;232;163;1;land;false;plains;5
14668;178;136;1;land;false;hills;5
14669;210;174;1;land;false;plains;5
14670;211;184;1;land;false;plains;5
14671;233;134;1;land;true;plains;5
14672;229;178;1;land;true;plains;5
14673;239;177;1;land;false;plains;5
14674;254;142;1;land;true;plains;5
14675;244;142;1;land;true;plains;5
14676;207;155;1;land;false;plains;5
14677;252;203;1;land;false;plains;5
14678;200;179;1;land;false;plains;5
14679;214;143;1;land;false;plains;5
14680;142;203;1;land;false;hills;5
14681;71;199;1;land;false;mountain;5
14682;89;178;1;land;false;mountain;5
14683;111;192;1;land;false;hills;5
14684;119;227;1;land;false;hills;5
14685;119;160;1;land;false;hills;5
14686;114;212;1;land;false;plains;5
14687;90;152;1;land;false;mountain;5
14688;103;34;1;land;true;plains;5
14689;96;46;1;land;true;hills;5
14690;154;17;1;land;true;hills;5
14691;76;77;1;land;false;hills;5
14692;134;21;1;land;true;hills;5
14693;139;31;1;land;false;hills;5
14694;128;59;1;land;false;plains;5
14695;123;20;1;land;false;plains;5
14696;139;69;1;land;false;hills;5
14697;148;88;1;land;false;plains;5
14698;50;174;1;land;false;hills;5
14699;34;163;1;land;false;mountain;5
14700;32;149;1;land;false;mountain;5
14701;17;128;1;land;false;hills;5
14702;24;176;1;land;false;hills;5
14703;158;122;1;land;false;hills;5
14704;146;140;1;land;false;hills;5
14705;138;127;1;land;false;plains;5
14706;199;131;1;land;false;plains;5
14707;148;106;1;land;false;plains;5
14708;131;100;1;land;false;plains;5
14709;135;113;1;land;false;hills;5
14710;143;144;1;land;false;hills;5
14711;200;147;1;land;false;hills;5
14712;133;97;1;land;false;hills;5
14713;189;160;1;land;false;hills;5
14714;132;102;1;land;false;plains;5
14715;115;227;1;land;false;hills;5
14716;156;251;1;land;false;plains;5
14717;137;202;1;land;false;hills;5
14718;157;209;1;land;false;hills;5
14719;174;189;1;land;false;hills;5
14720;176;217;1;land;false;hills;5
14721;179;213;1;land;false;hills;5
14722;170;194;1;land;false;hills;5
14723;185;215;1;land;false;hills;5
14724;163;186;1;land;false;plains;5
14725;144;240;1;land;false;forest;5
14726;205;149;1;land;false;hills;5
14727;226;162;1;land;false;mountain;5
14728;180;157;1;land;false;hills;5
14729;226;135;1;land;false;plains;5
14730;248;147;1;land;false;plains;5
14731;16;99;1;land;true;plains;5
14732;4;56;1;land;true;plains;5
14733;34;77;1;land;true;plains;5
14734;32;121;1;land;true;hills;5
14735;9;58;1;land;true;hills;5
14736;204;251;1;land;false;mountain;5
14737;231;236;1;land;false;mountain;5
14738;202;244;1;land;true;mountain;5
14739;203;207;1;land;false;hills;5
14740;207;246;1;land;false;hills;5
14741;205;196;1;land;false;mountain;5
14742;243;202;1;land;false;hills;5
14743;225;214;1;land;false;hills;5
14744;246;239;1;land;false;hills;5
14745;232;253;1;land;false;hills;5
14746;230;233;1;land;false;hills;5
14747;199;240;1;land;false;hills;5
14748;201;233;1;land;false;hills;5
14749;214;209;1;land;false;hills;5
14750;217;235;1;land;true;plains;5
14751;16;64;1;land;true;plains;5
14752;4;107;1;land;false;plains;5
14753;24;66;1;land;false;plains;5
14754;28;45;1;land;true;plains;5
14755;4;61;1;land;true;plains;5
14756;7;82;1;land;false;plains;5
14757;13;47;1;land;false;plains;5
14758;13;105;1;land;false;plains;5
14759;234;52;1;land;true;hills;5
14760;222;80;1;land;true;hills;5
14761;222;26;1;land;true;hills;5
14762;234;157;1;land;true;plains;5
14763;208;180;1;land;false;plains;5
14764;221;184;1;land;false;hills;5
14765;206;184;1;land;false;plains;5
14766;199;171;1;land;false;plains;5
14767;223;180;1;land;false;hills;5
14768;250;199;1;land;false;plains;5
14769;238;138;1;land;false;plains;5
14770;224;185;1;land;false;plains;5
14771;204;229;1;land;true;hills;5
14772;142;244;1;land;true;hills;5
14773;194;181;1;land;false;hills;5
14774;177;250;1;land;false;forest;5
14775;181;229;1;land;false;forest;5
14776;218;129;1;land;false;plains;5
14777;202;148;1;land;false;hills;5
14778;204;163;1;land;false;plains;5
14779;206;112;1;land;false;plains;5
14780;232;145;1;land;false;plains;5
14781;230;167;1;land;false;mountain;5
14782;203;179;1;land;false;plains;5
14783;252;181;1;land;false;plains;5
14784;230;136;1;land;false;plains;5
14785;234;115;1;land;false;mountain;5
14786;231;116;1;land;false;hills;5
14787;202;133;1;land;false;plains;5
14788;222;105;1;land;false;plains;5
14789;39;85;1;land;false;plains;5
14790;6;105;1;land;false;plains;5
14791;38;55;1;land;false;plains;5
14792;38;84;1;land;false;plains;5
14793;40;79;1;land;false;plains;5
14794;14;111;1;land;false;plains;5
14795;65;221;1;land;false;mountain;5
14796;65;254;1;land;false;mountain;5
14797;37;238;1;land;false;plains;5
14798;22;253;1;land;false;plains;5
14799;51;253;1;land;true;plains;5
14800;28;221;1;land;false;hills;5
14801;62;217;1;land;true;plains;5
14802;40;249;1;land;false;mountain;5
14803;62;221;1;land;false;plains;5
14804;66;225;1;land;true;plains;5
14805;10;226;1;land;false;plains;5
14806;61;247;1;land;false;hills;5
14807;46;68;1;land;true;mountain;5
14808;7;109;1;land;true;plains;5
14809;7;96;1;land;true;hills;5
14810;12;90;1;land;false;hills;5
14811;20;109;1;land;false;hills;5
14812;6;85;1;land;false;hills;5
14813;24;108;1;land;true;hills;5
14814;55;90;1;land;true;hills;5
14815;15;84;1;land;false;plains;5
14816;36;35;1;land;false;hills;5
14817;2;96;1;land;false;mountain;5
14818;0;43;1;land;false;mountain;5
14819;17;40;1;land;false;hills;5
14820;47;76;1;land;false;hills;5
14821;36;70;1;land;false;hills;5
14822;51;95;1;land;false;hills;5
14823;9;111;1;land;true;plains;5
14824;23;93;1;land;true;plains;5
14825;12;109;1;land;false;hills;5
14826;53;81;1;land;false;plains;5
14827;135;122;1;land;false;plains;5
14828;78;79;1;land;false;hills;5
14829;106;102;1;land;false;plains;5
14830;98;114;1;land;false;plains;5
14831;68;149;1;land;false;plains;5
14832;141;106;1;land;false;plains;5
14833;92;128;1;land;false;hills;5
14834;74;123;1;land;false;hills;5
14835;99;84;1;land;false;plains;5
14836;126;129;1;land;false;hills;5
14837;84;150;1;land;false;plains;5
14838;112;84;1;land;false;plains;5
14839;126;87;1;land;false;plains;5
14840;65;112;1;land;false;plains;5
14841;65;131;1;land;false;plains;5
14842;46;232;1;land;true;plains;5
14843;102;232;1;land;false;plains;5
14844;66;232;1;land;true;mountain;5
14845;54;220;1;land;true;hills;5
14846;89;225;1;land;true;hills;5
14847;102;221;1;land;true;hills;5
14848;53;225;1;land;true;plains;5
14849;243;215;1;land;true;hills;5
14850;189;182;1;land;false;hills;5
14851;203;228;1;land;false;hills;5
14852;180;196;1;land;true;hills;5
14853;199;193;1;land;false;plains;5
14854;180;179;1;land;false;hills;5
14855;212;227;1;land;false;plains;5
14856;208;190;1;land;false;plains;5
14857;179;191;1;land;false;hills;5
14858;180;249;1;land;true;hills;5
14859;188;200;1;land;false;hills;5
14860;247;209;1;land;false;hills;5
14861;202;254;1;land;false;hills;5
14862;76;213;1;land;false;plains;5
14863;101;208;1;land;false;plains;5
14864;78;225;1;land;false;plains;5
14865;46;198;1;land;false;plains;5
14866;46;183;1;land;false;plains;5
14867;157;181;1;land;false;hills;5
14868;127;174;1;land;false;forest;5
14869;201;178;1;land;false;forest;5
14870;145;164;1;land;false;hills;5
14871;137;217;1;land;false;hills;5
14872;154;202;1;land;true;hills;5
14873;136;216;1;land;true;hills;5
14874;198;163;1;land;false;plains;5
14875;127;218;1;land;false;forest;5
14876;148;165;1;land;false;hills;5
14877;136;191;1;land;false;hills;5
14878;166;186;1;land;false;hills;5
14879;163;227;1;land;false;forest;5
14880;198;184;1;land;false;hills;5
14881;180;204;1;land;false;forest;5
14882;179;173;1;land;false;forest;5
14883;68;231;1;land;false;forest;5
14884;99;233;1;land;false;forest;5
14885;43;224;1;land;false;hills;5
14886;55;223;1;land;false;hills;5
14887;25;244;1;land;false;forest;5
14888;34;247;1;land;false;hills;5
14889;97;226;1;land;false;hills;5
14890;27;250;1;land;false;forest;5
14891;109;218;1;land;false;mountain;5
14892;85;181;1;land;false;hills;5
14893;132;184;1;land;false;hills;5
14894;95;181;1;land;true;plains;5
14895;105;166;1;land;true;plains;5
14896;125;209;1;land;false;mountain;5
14897;80;215;1;land;false;hills;5
14898;54;67;1;land;false;plains;5
14899;54;40;1;land;false;hills;5
14900;0;91;1;land;false;plains;5
14901;32;67;1;land;true;hills;5
14902;63;78;1;land;true;hills;5
14903;7;97;1;land;true;hills;5
14904;19;39;1;land;false;plains;5
14905;222;122;1;land;false;hills;5
14906;210;60;1;land;true;plains;5
14907;168;69;1;land;true;hills;5
14908;161;61;1;land;true;hills;5
14909;176;13;1;land;true;hills;5
14910;144;2;1;land;false;plains;5
14911;181;6;1;land;true;plains;5
14912;177;60;1;land;true;hills;5
14913;125;189;1;land;false;hills;5
14914;84;156;1;land;false;hills;5
14915;146;149;1;land;false;plains;5
14916;100;196;1;land;false;mountain;5
14917;117;169;1;land;false;plains;5
14918;124;168;1;land;false;plains;5
14919;126;173;1;land;false;plains;5
14920;128;205;1;land;false;plains;5
14921;97;165;1;land;false;plains;5
14922;85;213;1;land;false;hills;5
14923;110;213;1;land;false;plains;5
14924;81;187;1;land;false;plains;5
14925;140;210;1;land;false;plains;5
14926;136;186;1;land;false;plains;5
14927;55;196;1;land;false;hills;5
14928;41;205;1;land;false;plains;5
14929;63;224;1;land;false;hills;5
14930;36;215;1;land;false;plains;5
14931;5;209;1;land;false;plains;5
14932;47;224;1;land;false;plains;5
14933;9;240;1;land;false;hills;5
14934;12;194;1;land;false;plains;5
14935;55;227;1;land;true;mountain;5
14936;22;212;1;land;false;hills;5
14937;46;252;1;land;false;hills;5
14938;20;254;1;land;false;hills;5
14939;47;252;1;land;false;hills;5
14940;23;203;1;land;false;hills;5
14941;54;242;1;land;false;plains;5
14942;33;135;1;land;false;plains;5
14943;39;132;1;land;false;plains;5
14944;18;144;1;land;false;plains;5
14945;1;182;1;land;false;plains;5
14946;15;173;1;land;false;hills;5
14947;11;132;1;land;false;hills;5
14948;30;174;1;land;false;plains;5
14949;31;160;1;land;false;plains;5
14950;3;154;1;land;false;hills;5
14951;21;128;1;land;false;hills;5
14952;21;135;1;land;false;plains;5
14953;20;144;1;land;false;hills;5
14954;15;175;1;land;false;plains;5
14955;7;104;1;land;false;hills;5
14956;5;180;1;land;false;plains;5
14957;214;108;1;land;false;plains;5
14958;184;99;1;land;false;plains;5
14959;199;99;1;land;false;plains;5
14960;235;138;1;land;false;plains;5
14961;218;135;1;land;false;plains;5
14962;179;217;1;land;true;hills;5
14963;169;229;1;land;true;hills;5
14964;169;220;1;land;false;hills;5
14965;151;203;1;land;true;hills;5
14966;158;186;1;land;false;hills;5
14967;215;233;1;land;true;hills;5
14968;214;245;1;land;true;hills;5
14969;184;197;1;land;true;plains;5
14970;198;234;1;land;false;hills;5
14971;176;182;1;land;true;hills;5
14972;187;236;1;land;true;hills;5
14973;195;194;1;land;true;plains;5
14974;232;104;1;land;false;plains;5
14975;245;87;1;land;false;hills;5
14976;226;85;1;land;false;plains;5
14977;247;133;1;land;false;plains;5
14978;214;119;1;land;false;plains;5
14979;205;96;1;land;false;plains;5
14980;219;56;1;land;false;plains;5
14981;251;86;1;land;false;plains;5
14982;231;89;1;land;false;hills;5
14983;232;52;1;land;false;hills;5
14984;234;55;1;land;false;mountain;5
14985;251;66;1;land;false;mountain;5
14986;252;109;1;land;false;mountain;5
14987;12;110;1;land;false;hills;5
14988;48;114;1;land;true;hills;5
14989;20;125;1;land;false;hills;5
14990;15;66;1;land;true;hills;5
14991;47;52;1;land;false;hills;5
14992;29;60;1;land;false;hills;5
14993;231;223;1;land;false;hills;5
14994;227;231;1;land;false;hills;5
14995;246;238;1;land;false;hills;5
14996;225;220;1;land;false;hills;5
14997;247;213;1;land;false;plains;5
14998;230;224;1;land;false;hills;5
14999;214;230;1;land;false;forest;5
15000;215;212;1;land;false;plains;5
15001;53;223;1;land;false;plains;5
15002;83;239;1;land;false;plains;5
15003;80;241;1;land;false;hills;5
15004;21;222;1;land;false;plains;5
15005;171;164;1;land;false;mountain;5
15006;191;172;1;land;false;hills;5
15007;198;162;1;land;true;mountain;5
15008;168;123;1;land;false;hills;5
15009;174;164;1;land;true;mountain;5
15010;191;114;1;land;false;hills;5
15011;181;169;1;land;true;mountain;5
15012;164;172;1;land;false;hills;5
15013;186;137;1;land;false;mountain;5
15014;191;110;1;land;false;hills;5
15015;236;105;1;land;true;plains;5
15016;165;129;1;land;false;hills;5
15017;202;160;1;land;true;mountain;5
15018;169;150;1;land;false;hills;5
15019;18;158;1;land;false;hills;5
15020;50;161;1;land;true;hills;5
15021;62;161;1;land;true;hills;5
15022;36;178;1;land;true;hills;5
15023;13;192;1;land;true;plains;5
15024;31;190;1;land;false;plains;5
15025;77;186;1;land;false;plains;5
15026;17;185;1;land;true;hills;5
15027;243;147;1;land;false;hills;5
15028;250;147;1;land;true;plains;5
15029;221;162;1;land;false;plains;5
15030;67;45;1;land;false;plains;5
15031;86;19;1;land;false;plains;5
15032;76;18;1;land;false;plains;5
15033;84;21;1;land;true;plains;5
15034;100;17;1;land;false;plains;5
15035;91;40;1;land;false;plains;5
15036;46;32;1;land;false;plains;5
15037;59;5;1;land;true;plains;5
15038;75;8;1;land;false;plains;5
15039;58;6;1;land;false;plains;5
15040;86;30;1;land;true;plains;5
15041;83;29;1;land;true;plains;5
15042;77;37;1;land;false;plains;5
15043;101;19;1;land;false;plains;5
15044;124;232;1;land;true;hills;5
15045;95;184;1;land;true;hills;5
15046;106;192;1;land;true;hills;5
15047;123;195;1;land;false;hills;5
15048;146;208;1;land;false;mountain;5
15049;78;246;1;land;false;plains;5
15050;98;193;1;land;false;plains;5
15051;89;226;1;land;false;hills;5
15052;155;222;1;land;false;hills;5
15053;143;203;1;land;false;plains;5
15054;88;200;1;land;false;plains;5
15055;109;185;1;land;true;hills;5
15056;151;216;1;land;false;hills;5
15057;145;208;1;land;false;plains;5
15058;122;216;1;land;false;hills;5
15059;144;194;1;land;false;plains;5
15060;147;182;1;land;false;hills;5
15061;135;183;1;land;false;mountain;5
15062;47;207;1;land;false;hills;5
15063;38;205;1;land;true;hills;5
15064;38;189;1;land;true;plains;5
15065;6;170;1;land;false;hills;5
15066;19;189;1;land;true;mountain;5
15067;4;172;1;land;true;plains;5
15068;33;159;1;land;true;forest;5
15069;34;206;1;land;true;plains;5
15070;16;207;1;land;false;mountain;5
15071;43;206;1;land;false;mountain;5
15072;35;182;1;land;false;hills;5
15073;15;221;1;land;true;plains;5
15074;31;200;1;land;true;plains;5
15075;32;169;1;land;true;mountain;5
15076;39;176;1;land;false;mountain;5
15077;44;201;1;land;false;mountain;5
15078;14;213;1;land;false;mountain;5
15079;32;221;1;land;true;mountain;5
15080;13;193;1;land;true;plains;5
15081;14;157;1;land;false;mountain;5
15082;47;191;1;land;false;mountain;5
15083;6;203;1;land;true;hills;5
15084;31;180;1;land;true;plains;5
15085;16;194;1;land;false;mountain;5
15086;202;25;1;land;false;forest;5
15087;170;19;1;land;false;forest;5
15088;154;22;1;land;false;hills;5
15089;135;33;1;land;false;forest;5
15090;174;5;1;land;false;forest;5
15091;173;75;1;land;false;forest;5
15092;181;73;1;land;false;forest;5
15093;165;7;1;land;false;forest;5
15094;186;17;1;land;false;forest;5
15095;183;149;1;land;true;hills;5
15096;153;92;1;land;false;plains;5
15097;197;137;1;land;false;hills;5
15098;136;117;1;land;false;hills;5
15099;126;104;1;land;true;plains;5
15100;137;140;1;land;true;hills;5
15101;181;209;1;land;true;hills;5
15102;178;218;1;land;true;hills;5
15103;117;175;1;land;true;plains;5
15104;178;203;1;land;false;hills;5
15105;130;209;1;land;false;hills;5
15106;189;221;1;land;false;hills;5
15107;192;195;1;land;false;hills;5
15108;192;231;1;land;false;hills;5
15109;167;223;1;land;true;hills;5
15110;137;211;1;land;false;mountain;5
15111;137;173;1;land;true;hills;5
15112;17;143;1;land;false;forest;5
15113;11;130;1;land;true;hills;5
15114;15;144;1;land;true;hills;5
15115;11;146;1;land;false;hills;5
15116;12;95;1;land;true;hills;5
15117;4;148;1;land;true;hills;5
15118;11;133;1;land;true;hills;5
15119;27;102;1;land;false;forest;5
15120;2;97;1;land;false;hills;5
15121;3;107;1;land;false;forest;5
15122;157;184;1;land;false;plains;5
15123;180;188;1;land;false;plains;5
15124;108;131;1;land;false;plains;5
15125;173;152;1;land;false;plains;5
15126;168;184;1;land;false;hills;5
15127;117;142;1;land;false;hills;5
15128;158;153;1;land;false;plains;5
15129;172;138;1;land;false;plains;5
15130;163;150;1;land;false;plains;5
15131;148;160;1;land;false;plains;5
15132;121;192;1;land;false;hills;5
15133;128;150;1;land;false;plains;5
15134;183;166;1;land;false;hills;5
15135;129;134;1;land;false;plains;5
15136;166;168;1;land;false;plains;5
15137;125;165;1;land;false;plains;5
15138;165;159;1;land;false;hills;5
15139;130;174;1;land;false;plains;5
15140;206;98;1;land;false;plains;5
15141;196;86;1;land;false;plains;5
15142;180;141;1;land;false;hills;5
15143;177;83;1;land;false;plains;5
15144;232;143;1;land;false;plains;5
15145;179;135;1;land;false;plains;5
15146;205;86;1;land;false;plains;5
15147;208;93;1;land;false;plains;5
15148;191;76;1;land;false;plains;5
15149;196;29;1;land;false;hills;5
15150;180;22;1;land;false;plains;5
15151;211;51;1;land;false;hills;5
15152;152;23;1;land;false;mountain;5
15153;161;23;1;land;false;hills;5
15154;172;20;1;land;false;mountain;5
15155;160;3;1;land;false;plains;5
15156;227;14;1;land;false;mountain;5
15157;196;0;1;land;false;hills;5
15158;216;38;1;land;false;hills;5
15159;201;46;1;land;false;mountain;5
15160;182;3;1;land;false;hills;5
15161;167;7;1;land;false;mountain;5
15162;159;0;1;land;false;hills;5
15163;189;37;1;land;false;hills;5
15164;154;14;1;land;false;plains;5
15165;176;17;1;land;false;mountain;5
15166;182;12;1;land;false;mountain;5
15167;168;55;1;land;false;hills;5
15168;212;34;1;land;false;hills;5
15169;176;32;1;land;false;hills;5
15170;212;129;1;land;false;plains;5
15171;238;118;1;land;false;hills;5
15172;181;141;1;land;false;hills;5
15173;196;140;1;land;false;hills;5
15174;221;86;1;land;false;mountain;5
15175;178;130;1;land;false;plains;5
15176;234;84;1;land;false;plains;5
15177;196;126;1;land;false;hills;5
15178;243;143;1;land;false;mountain;5
15179;179;133;1;land;false;hills;5
15180;177;90;1;land;false;hills;5
15181;202;128;1;land;false;plains;5
15182;231;126;1;land;false;hills;5
15183;166;122;1;land;false;hills;5
15184;197;116;1;land;false;hills;5
15185;233;96;1;land;false;hills;5
15186;187;210;1;land;true;plains;5
15187;209;236;1;land;false;hills;5
15188;166;239;1;land;false;hills;5
15189;179;203;1;land;true;plains;5
15190;183;243;1;land;true;plains;5
15191;166;230;1;land;true;plains;5
15192;166;220;1;land;true;plains;5
15193;173;242;1;land;false;plains;5
15194;57;13;1;land;false;plains;5
15195;76;35;1;land;false;hills;5
15196;56;36;1;land;false;hills;5
15197;116;15;1;land;false;plains;5
15198;54;41;1;land;false;forest;5
15199;108;39;1;land;false;hills;5
15200;66;11;1;land;false;hills;5
15201;45;218;1;land;false;plains;5
15202;58;224;1;land;false;hills;5
15203;40;224;1;land;false;hills;5
15204;66;172;1;land;false;hills;5
15205;46;226;1;land;false;plains;5
15206;33;156;1;land;false;plains;5
15207;60;223;1;land;false;plains;5
15208;24;182;1;land;false;plains;5
15209;60;225;1;land;false;plains;5
15210;79;189;1;land;false;plains;5
15211;48;171;1;land;false;hills;5
15212;57;224;1;land;false;plains;5
15213;13;164;1;land;false;hills;5
15214;37;174;1;land;true;hills;5
15215;61;157;1;land;false;hills;5
15216;3;198;1;land;true;plains;5
15217;32;225;1;land;false;plains;5
15218;66;180;1;land;true;hills;5
15219;7;196;1;land;true;plains;5
15220;4;189;1;land;true;hills;5
15221;81;223;1;land;true;plains;5
15222;60;227;1;land;false;hills;5
15223;28;163;1;land;false;hills;5
15224;75;231;1;land;false;plains;5
15225;75;185;1;land;true;hills;5
15226;80;171;1;land;true;plains;5
15227;59;164;1;land;false;hills;5
15228;44;166;1;land;false;hills;5
15229;45;199;1;land;false;plains;5
15230;24;206;1;land;false;plains;5
15231;7;174;1;land;false;plains;5
15232;53;216;1;land;true;plains;5
15233;79;173;1;land;false;plains;5
15234;78;223;1;land;false;plains;5
15235;38;198;1;land;false;plains;5
15236;27;163;1;land;false;hills;5
15237;46;179;1;land;false;plains;5
15238;41;204;1;land;false;plains;5
15239;43;190;1;land;true;hills;5
15240;19;191;1;land;false;hills;5
15241;113;196;1;land;false;mountain;5
15242;117;148;1;land;false;hills;5
15243;110;198;1;land;false;mountain;5
15244;76;195;1;land;false;hills;5
15245;81;125;1;land;false;mountain;5
15246;77;131;1;land;false;mountain;5
15247;138;177;1;land;false;hills;5
15248;100;107;1;land;false;plains;5
15249;133;169;1;land;false;plains;5
15250;112;165;1;land;false;plains;5
15251;144;123;1;land;true;hills;5
15252;105;140;1;land;true;mountain;5
15253;138;114;1;land;true;hills;5
15254;136;115;1;land;true;mountain;5
15255;110;145;1;land;false;mountain;5
15256;132;103;1;land;true;hills;5
15257;97;153;1;land;false;hills;5
15258;61;150;1;land;false;plains;5
15259;38;108;1;land;false;plains;5
15260;3;112;1;land;false;plains;5
15261;21;217;1;land;false;hills;5
15262;66;253;1;land;false;hills;5
15263;28;197;1;land;false;plains;5
15264;97;204;1;land;false;hills;5
15265;33;234;1;land;false;plains;5
15266;59;224;1;land;false;hills;5
15267;134;77;1;land;false;forest;5
15268;167;82;1;land;false;plains;5
15269;186;57;1;land;false;forest;5
15270;139;99;1;land;false;hills;5
15271;118;191;1;land;false;plains;5
15272;181;206;1;land;false;plains;5
15273;114;239;1;land;false;plains;5
15274;129;236;1;land;false;plains;5
15275;127;39;1;land;false;hills;5
15276;108;104;1;land;true;hills;5
15277;153;88;1;land;false;plains;5
15278;148;87;1;land;false;plains;5
15279;148;92;1;land;false;plains;5
15280;251;207;1;land;true;hills;5
15281;227;175;1;land;true;plains;5
15282;238;188;1;land;true;plains;5
15283;225;164;1;land;false;plains;5
15284;215;185;1;land;false;plains;5
15285;254;143;1;land;true;hills;5
15286;219;159;1;land;true;plains;5
15287;239;21;1;land;false;plains;5
15288;243;40;1;land;false;plains;5
15289;197;10;1;land;false;plains;5
15290;190;49;1;land;false;plains;5
15291;233;47;1;land;false;plains;5
15292;246;9;1;land;true;hills;5
15293;214;8;1;land;false;plains;5
15294;254;34;1;land;false;plains;5
15295;218;8;1;land;false;plains;5
15296;54;139;1;land;true;mountain;5
15297;42;246;1;land;true;hills;5
15298;84;239;1;land;true;hills;5
15299;83;240;1;land;false;hills;5
15300;26;231;1;land;false;hills;5
15301;108;179;1;land;false;hills;5
15302;95;137;1;land;false;hills;5
15303;120;160;1;land;false;hills;5
15304;93;118;1;land;false;hills;5
15305;102;185;1;land;false;hills;5
15306;148;144;1;land;false;plains;5
15307;112;144;1;land;true;plains;5
15308;221;3;1;land;false;plains;5
15309;203;17;1;land;false;hills;5
15310;228;48;1;land;false;mountain;5
15311;191;27;1;land;true;hills;5
15312;203;0;1;land;false;forest;5
15313;232;41;1;land;false;hills;5
15314;190;4;1;land;true;plains;5
15315;187;39;1;land;false;hills;5
15316;224;55;1;land;false;hills;5
15317;195;21;1;land;false;mountain;5
15318;236;42;1;land;false;mountain;5
15319;191;13;1;land;false;mountain;5
15320;201;3;1;land;true;hills;5
15321;182;1;1;land;false;mountain;5
15322;240;31;1;land;false;forest;5
15323;206;21;1;land;false;plains;5
15324;214;1;1;land;true;plains;5
15325;187;0;1;land;false;plains;5
15326;220;22;1;land;true;plains;5
15327;171;9;1;land;false;plains;5
15328;194;29;1;land;false;plains;5
15329;146;2;1;land;false;plains;5
15330;159;2;1;land;true;hills;5
15331;196;3;1;land;true;hills;5
15332;153;36;1;land;true;plains;5
15333;182;19;1;land;false;plains;5
15334;152;38;1;land;true;hills;5
15335;175;15;1;land;false;plains;5
15336;158;39;1;land;true;plains;5
15337;167;8;1;land;false;plains;5
15338;209;54;1;land;false;plains;5
15339;131;37;1;land;false;plains;5
15340;160;59;1;land;false;plains;5
15341;183;25;1;land;false;plains;5
15342;178;32;1;land;false;plains;5
15343;191;56;1;land;false;plains;5
15344;177;43;1;land;false;plains;5
15345;148;20;1;land;false;plains;5
15346;145;36;1;land;false;plains;5
15347;165;12;1;land;false;plains;5
15348;134;26;1;land;false;plains;5
15349;133;200;1;land;false;hills;5
15350;199;155;1;land;false;hills;5
15351;146;127;1;land;false;plains;5
15352;193;96;1;land;false;hills;5
15353;213;70;1;land;false;hills;5
15354;212;111;1;land;true;mountain;5
15355;198;52;1;land;false;hills;5
15356;185;122;1;land;false;hills;5
15357;245;86;1;land;true;plains;5
15358;233;117;1;land;true;plains;5
15359;178;75;1;land;false;hills;5
15360;170;123;1;land;false;hills;5
15361;166;72;1;land;true;mountain;5
15362;225;125;1;land;false;mountain;5
15363;229;121;1;land;false;mountain;5
15364;197;201;1;land;false;mountain;5
15365;204;206;1;land;false;hills;5
15366;164;252;1;land;false;hills;5
15367;146;241;1;land;false;plains;5
15368;168;238;1;land;false;plains;5
15369;218;243;1;land;false;plains;5
15370;202;207;1;land;false;plains;5
15371;183;253;1;land;true;plains;5
15372;182;202;1;land;true;plains;5
15373;190;226;1;land;false;hills;5
15374;221;251;1;land;true;hills;5
15375;176;234;1;land;false;hills;5
15376;194;220;1;land;true;mountain;5
15377;154;208;1;land;false;hills;5
15378;172;227;1;land;true;plains;5
15379;155;224;1;land;false;hills;5
15380;208;227;1;land;false;hills;5
15381;152;194;1;land;false;hills;5
15382;215;222;1;land;false;plains;5
15383;176;248;1;land;false;hills;5
15384;200;196;1;land;false;plains;5
15385;167;247;1;land;false;plains;5
15386;159;248;1;land;false;hills;5
15387;188;246;1;land;false;hills;5
15388;220;215;1;land;false;hills;5
15389;146;29;1;land;false;hills;5
15390;172;2;1;land;false;hills;5
15391;193;30;1;land;false;hills;5
15392;162;18;1;land;false;forest;5
15393;188;17;1;land;false;hills;5
15394;198;39;1;land;false;mountain;5
15395;157;2;1;land;false;hills;5
15396;208;241;1;land;true;hills;5
15397;161;222;1;land;true;hills;5
15398;214;227;1;land;true;plains;5
15399;172;217;1;land;true;hills;5
15400;199;210;1;land;false;plains;5
15401;222;133;1;land;false;hills;5
15402;218;143;1;land;false;hills;5
15403;165;75;1;land;true;hills;5
15404;184;132;1;land;false;hills;5
15405;181;130;1;land;false;plains;5
15406;188;130;1;land;false;hills;5
15407;195;123;1;land;true;plains;5
15408;163;84;1;land;false;mountain;5
15409;206;129;1;land;true;plains;5
15410;199;136;1;land;false;hills;5
15411;199;88;1;land;true;plains;5
15412;176;146;1;land;false;hills;5
15413;179;119;1;land;true;plains;5
15414;177;118;1;land;false;hills;5
15415;208;115;1;land;true;hills;5
15416;77;201;1;land;false;hills;5
15417;85;189;1;land;true;hills;5
15418;98;199;1;land;false;plains;5
15419;88;241;1;land;true;hills;5
15420;118;143;1;land;false;plains;5
15421;119;145;1;land;false;plains;5
15422;105;105;1;land;false;hills;5
15423;156;106;1;land;false;plains;5
15424;135;145;1;land;true;hills;5
15425;111;105;1;land;true;hills;5
15426;99;162;1;land;true;plains;5
15427;92;114;1;land;true;hills;5
15428;163;148;1;land;false;plains;5
15429;102;112;1;land;true;plains;5
15430;161;155;1;land;false;plains;5
15431;121;136;1;land;true;hills;5
15432;117;95;1;land;false;hills;5
15433;158;136;1;land;false;plains;5
15434;15;181;1;land;false;mountain;5
15435;17;154;1;land;false;hills;5
15436;40;153;1;land;false;hills;5
15437;37;212;1;land;false;hills;5
15438;30;184;1;land;false;plains;5
15439;39;172;1;land;false;plains;5
15440;9;168;1;land;false;plains;5
15441;17;157;1;land;false;plains;5
15442;12;192;1;land;false;plains;5
15443;8;224;1;land;false;plains;5
15444;21;177;1;land;false;plains;5
15445;6;200;1;land;false;hills;5
15446;7;210;1;land;false;mountain;5
15447;31;159;1;land;false;plains;5
15448;16;174;1;land;false;hills;5
15449;37;156;1;land;false;plains;5
15450;12;184;1;land;false;plains;5
15451;10;173;1;land;false;plains;5
15452;28;158;1;land;false;hills;5
15453;32;231;1;land;false;plains;5
15454;22;157;1;land;false;hills;5
15455;25;165;1;land;false;plains;5
15456;33;208;1;land;false;hills;5
15457;1;196;1;land;false;plains;5
15458;29;230;1;land;false;hills;5
15459;17;180;1;land;false;plains;5
15460;19;212;1;land;false;plains;5
15461;28;196;1;land;false;plains;5
15462;66;167;1;land;false;jungle;4
15463;90;138;1;land;false;hills;4
15464;113;130;1;land;true;mountain;4
15465;92;162;1;land;true;mountain;4
15466;64;180;1;land;true;mountain;4
15467;117;143;1;land;false;hills;4
15468;103;176;1;land;false;hills;4
15469;60;161;1;land;false;hills;4
15470;88;155;1;land;true;mountain;4
15471;98;184;1;land;false;jungle;4
15472;69;140;1;land;true;mountain;4
15473;123;193;1;land;false;forest;4
15474;60;253;1;land;false;hills;4
15475;49;211;1;land;false;hills;4
15476;44;224;1;land;true;mountain;4
15477;60;219;1;land;false;plains;4
15478;17;251;1;land;false;hills;4
15479;54;229;1;land;false;hills;4
15480;30;206;1;land;false;mountain;4
15481;48;207;1;land;false;mountain;4
15482;112;252;1;land;true;hills;4
15483;66;244;1;land;false;mountain;4
15484;65;242;1;land;true;forest;4
15485;131;219;1;land;false;mountain;4
15486;111;247;1;land;true;hills;4
15487;125;244;1;land;false;mountain;4
15488;120;242;1;land;true;jungle;4
15489;81;250;1;land;true;hills;4
15490;98;247;1;land;false;mountain;4
15491;131;227;1;land;true;hills;4
15492;95;231;1;land;true;mountain;4
15493;103;234;1;land;false;mountain;4
15494;239;37;1;land;false;forest;4
15495;208;45;1;land;false;forest;4
15496;227;16;1;land;false;forest;4
15497;214;65;1;land;false;forest;4
15498;218;39;1;land;false;hills;4
15499;223;34;1;land;false;forest;4
15500;213;27;1;land;false;hills;4
15501;211;52;1;land;false;forest;4
15502;241;24;1;land;false;hills;4
15503;224;13;1;land;false;forest;4
15504;207;64;1;land;false;forest;4
15505;218;22;1;land;false;forest;4
15506;239;66;1;land;false;hills;4
15507;237;38;1;land;false;forest;4
15508;54;35;1;land;true;forest;4
15509;41;94;1;land;true;plains;4
15510;35;64;1;land;true;forest;4
15511;69;42;1;land;true;hills;4
15512;93;87;1;land;true;forest;4
15513;33;63;1;land;true;forest;4
15514;35;86;1;land;true;hills;4
15515;28;98;1;land;true;forest;4
15516;80;89;1;land;true;forest;4
15517;42;89;1;land;true;hills;4
15518;28;30;1;land;true;forest;4
15519;46;81;1;land;true;hills;4
15520;36;32;1;land;false;forest;4
15521;70;85;1;land;true;forest;4
15522;57;32;1;land;true;hills;4
15523;73;236;1;land;true;forest;4
15524;45;238;1;land;true;hills;4
15525;86;197;1;land;true;forest;4
15526;90;222;1;land;false;hills;4
15527;97;173;1;land;false;forest;4
15528;22;183;1;land;true;hills;4
15529;46;163;1;land;true;forest;4
15530;33;203;1;land;false;forest;4
15531;95;144;1;land;false;hills;4
15532;136;174;1;land;true;hills;4
15533;83;203;1;land;false;forest;4
15534;146;201;1;land;true;hills;4
15535;81;171;1;land;false;forest;4
15536;82;176;1;land;true;forest;4
15537;73;192;1;land;false;desert;4
15538;141;152;1;land;false;forest;4
15539;102;184;1;land;true;hills;4
15540;88;223;1;land;false;hills;4
15541;69;167;1;land;false;plains;4
15542;75;194;1;land;true;hills;4
15543;91;163;1;land;false;forest;4
15544;117;186;1;land;true;hills;4
15545;129;194;1;land;true;hills;4
15546;99;191;1;land;true;hills;4
15547;111;154;1;land;false;forest;4
15548;130;36;1;land;false;forest;4
15549;101;53;1;land;false;forest;4
15550;99;46;1;land;false;desert;4
15551;139;30;1;land;false;desert;4
15552;101;5;1;land;true;hills;4
15553;149;23;1;land;false;hills;4
15554;135;25;1;land;false;hills;4
15555;107;6;1;land;true;desert;4
15556;107;17;1;land;true;desert;4
15557;168;56;1;land;true;desert;4
15558;120;29;1;land;false;hills;4
15559;94;55;1;land;false;hills;4
15560;132;32;1;land;true;hills;4
15561;153;49;1;land;false;plains;4
15562;177;236;1;land;false;hills;4
15563;213;183;1;land;false;forest;4
15564;164;204;1;land;false;hills;4
15565;157;168;1;land;false;hills;4
15566;189;180;1;land;false;hills;4
15567;182;181;1;land;false;hills;4
15568;192;225;1;land;true;hills;4
15569;191;228;1;land;true;hills;4
15570;137;236;1;land;true;hills;4
15571;189;223;1;land;true;hills;4
15572;199;221;1;land;true;desert;4
15573;138;206;1;land;true;plains;4
15574;140;206;1;land;true;hills;4
15575;188;218;1;land;false;forest;4
15576;132;237;1;land;false;hills;4
15577;191;243;1;land;false;hills;4
15578;201;202;1;land;false;mountain;4
15579;161;220;1;land;true;hills;4
15580;189;214;1;land;false;forest;4
15581;153;212;1;land;false;hills;4
15582;172;213;1;land;true;hills;4
15583;191;236;1;land;true;hills;4
15584;193;188;1;land;false;mountain;4
15585;238;172;1;land;false;mountain;4
15586;174;114;1;land;false;hills;4
15587;161;165;1;land;false;hills;4
15588;162;166;1;land;false;plains;4
15589;174;171;1;land;false;hills;4
15590;227;146;1;land;false;plains;4
15591;178;190;1;land;false;hills;4
15592;220;158;1;land;false;hills;4
15593;179;162;1;land;true;forest;4
15594;224;138;1;land;true;forest;4
15595;184;118;1;land;true;hills;4
15596;147;147;1;land;false;forest;4
15597;209;176;1;land;false;hills;4
15598;163;172;1;land;true;forest;4
15599;152;169;1;land;false;hills;4
15600;215;146;1;land;true;forest;4
15601;152;162;1;land;true;forest;4
15602;174;148;1;land;false;jungle;4
15603;188;105;1;land;true;hills;4
15604;214;118;1;land;true;forest;4
15605;192;122;1;land;true;hills;4
15606;168;135;1;land;true;jungle;4
15607;157;110;1;land;false;hills;4
15608;177;136;1;land;false;hills;4
15609;181;142;1;land;false;forest;4
15610;222;166;1;land;true;hills;4
15611;152;151;1;land;false;jungle;4
15612;219;153;1;land;true;hills;4
15613;169;141;1;land;true;hills;4
15614;151;146;1;land;false;mountain;4
15615;193;109;1;land;false;hills;4
15616;175;106;1;land;false;hills;4
15617;204;134;1;land;true;hills;4
15618;201;169;1;land;false;jungle;4
15619;161;144;1;land;true;forest;4
15620;157;119;1;land;true;forest;4
15621;174;162;1;land;true;forest;4
15622;161;125;1;land;false;hills;4
15623;185;129;1;land;true;forest;4
15624;188;150;1;land;true;hills;4
15625;153;100;1;land;false;forest;4
15626;191;100;1;land;false;hills;4
15627;31;39;1;land;false;hills;4
15628;47;72;1;land;false;hills;4
15629;43;54;1;land;false;hills;4
15630;11;68;1;land;false;forest;4
15631;19;90;1;land;false;hills;4
15632;2;39;1;land;false;hills;4
15633;9;89;1;land;false;hills;4
15634;6;47;1;land;false;forest;4
15635;29;83;1;land;false;hills;4
15636;46;91;1;land;false;forest;4
15637;30;103;1;land;false;forest;4
15638;19;113;1;land;false;forest;4
15639;34;111;1;land;false;hills;4
15640;0;102;1;land;false;mountain;4
15641;7;93;1;land;false;hills;4
15642;34;83;1;land;false;jungle;4
15643;45;79;1;land;false;hills;4
15644;53;43;1;land;false;forest;4
15645;51;73;1;land;false;forest;4
15646;5;91;1;land;false;forest;4
15647;224;174;1;land;false;hills;4
15648;198;179;1;land;false;mountain;4
15649;239;183;1;land;false;jungle;4
15650;223;162;1;land;false;forest;4
15651;241;132;1;land;false;jungle;4
15652;225;133;1;land;true;jungle;4
15653;216;143;1;land;false;forest;4
15654;231;153;1;land;false;forest;4
15655;239;179;1;land;false;hills;4
15656;199;134;1;land;false;hills;4
15657;228;196;1;land;true;hills;4
15658;197;167;1;land;true;forest;4
15659;246;151;1;land;false;hills;4
15660;223;174;1;land;false;forest;4
15661;203;192;1;land;false;hills;4
15662;209;170;1;land;true;jungle;4
15663;192;204;1;land;false;jungle;4
15664;233;128;1;land;false;hills;4
15665;238;136;1;land;false;hills;4
15666;192;192;1;land;false;hills;4
15667;233;185;1;land;false;hills;4
15668;225;198;1;land;false;forest;4
15669;218;193;1;land;true;hills;4
15670;209;163;1;land;false;mountain;4
15671;211;154;1;land;false;hills;4
15672;222;174;1;land;false;forest;4
15673;224;134;1;land;false;forest;4
15674;225;143;1;land;false;hills;4
15675;208;179;1;land;false;forest;4
15676;205;145;1;land;false;jungle;4
15677;208;186;1;land;true;mountain;4
15678;190;171;1;land;false;forest;4
15679;252;124;1;land;false;forest;4
15680;215;174;1;land;false;forest;4
15681;198;190;1;land;true;mountain;4
15682;240;124;1;land;false;forest;4
15683;189;167;1;land;true;hills;4
15684;243;110;1;land;false;hills;4
15685;228;105;1;land;false;hills;4
15686;213;78;1;land;true;hills;4
15687;230;71;1;land;true;hills;4
15688;219;112;1;land;true;hills;4
15689;211;112;1;land;false;plains;4
15690;219;110;1;land;true;hills;4
15691;212;105;1;land;true;hills;4
15692;253;45;1;land;true;hills;4
15693;250;60;1;land;true;hills;4
15694;250;58;1;land;true;hills;4
15695;204;47;1;land;true;hills;4
15696;245;44;1;land;true;hills;4
15697;37;74;1;land;false;forest;4
15698;52;133;1;land;false;forest;4
15699;51;104;1;land;false;hills;4
15700;76;69;1;land;false;forest;4
15701;63;84;1;land;false;hills;4
15702;47;70;1;land;false;hills;4
15703;84;63;1;land;false;hills;4
15704;48;116;1;land;false;desert;4
15705;18;108;1;land;false;hills;4
15706;59;93;1;land;false;hills;4
15707;36;85;1;land;false;hills;4
15708;83;88;1;land;true;hills;4
15709;33;116;1;land;false;hills;4
15710;14;113;1;land;false;forest;4
15711;85;61;1;land;false;hills;4
15712;47;111;1;land;false;mountain;4
15713;40;98;1;land;false;hills;4
15714;69;114;1;land;false;forest;4
15715;12;106;1;land;false;hills;4
15716;56;127;1;land;false;hills;4
15717;189;220;1;land;false;hills;4
15718;198;215;1;land;false;hills;4
15719;175;217;1;land;true;hills;4
15720;165;212;1;land;false;plains;4
15721;149;239;1;land;false;hills;4
15722;194;244;1;land;false;hills;4
15723;122;239;1;land;true;hills;4
15724;171;220;1;land;true;hills;4
15725;194;216;1;land;false;hills;4
15726;182;244;1;land;false;hills;4
15727;152;237;1;land;false;hills;4
15728;140;220;1;land;true;hills;4
15729;140;209;1;land;true;hills;4
15730;190;213;1;land;false;hills;4
15731;65;219;1;land;false;forest;4
15732;97;199;1;land;false;hills;4
15733;105;220;1;land;false;hills;4
15734;130;220;1;land;false;forest;4
15735;96;210;1;land;false;forest;4
15736;92;170;1;land;false;hills;4
15737;85;202;1;land;false;hills;4
15738;122;203;1;land;false;hills;4
15739;105;185;1;land;false;forest;4
15740;76;216;1;land;false;hills;4
15741;90;169;1;land;false;forest;4
15742;215;31;1;land;true;hills;4
15743;208;95;1;land;false;hills;4
15744;208;71;1;land;true;plains;4
15745;215;63;1;land;false;hills;4
15746;198;51;1;land;false;mountain;4
15747;208;74;1;land;false;mountain;4
15748;222;100;1;land;false;mountain;4
15749;228;50;1;land;true;hills;4
15750;241;75;1;land;false;mountain;4
15751;221;42;1;land;false;hills;4
15752;224;94;1;land;false;hills;4
15753;81;164;1;land;false;forest;4
15754;50;150;1;land;false;forest;4
15755;70;165;1;land;false;hills;4
15756;18;126;1;land;false;hills;4
15757;99;80;1;land;true;hills;4
15758;66;60;1;land;true;hills;4
15759;119;89;1;land;true;hills;4
15760;103;104;1;land;true;hills;4
15761;87;74;1;land;true;hills;4
15762;126;82;1;land;false;plains;4
15763;69;53;1;land;false;hills;4
15764;61;59;1;land;false;hills;4
15765;111;76;1;land;true;hills;4
15766;137;37;1;land;false;hills;4
15767;103;61;1;land;false;hills;4
15768;129;66;1;land;true;plains;4
15769;83;108;1;land;true;plains;4
15770;105;66;1;land;true;hills;4
15771;83;84;1;land;false;hills;4
15772;162;54;1;land;false;plains;4
15773;136;63;1;land;false;plains;4
15774;147;34;1;land;false;plains;4
15775;90;106;1;land;true;plains;4
15776;99;51;1;land;true;desert;4
15777;142;73;1;land;true;plains;4
15778;114;55;1;land;true;plains;4
15779;222;185;1;land;false;hills;4
15780;229;204;1;land;false;hills;4
15781;242;168;1;land;false;hills;4
15782;221;193;1;land;false;forest;4
15783;246;170;1;land;false;forest;4
15784;234;167;1;land;false;hills;4
15785;241;183;1;land;false;plains;4
15786;154;57;1;land;false;forest;4
15787;194;31;1;land;false;forest;4
15788;182;37;1;land;false;hills;4
15789;60;53;1;land;false;plains;4
15790;15;37;1;land;false;plains;4
15791;55;39;1;land;false;desert;4
15792;56;21;1;land;true;plains;4
15793;1;48;1;land;false;plains;4
15794;27;79;1;land;true;desert;4
15795;53;23;1;land;true;desert;4
15796;54;83;1;land;true;desert;4
15797;40;28;1;land;false;plains;4
15798;14;40;1;land;false;plains;4
15799;9;52;1;land;false;hills;4
15800;26;66;1;land;false;desert;4
15801;79;97;1;land;true;forest;4
15802;114;127;1;land;false;forest;4
15803;69;123;1;land;false;plains;4
15804;54;168;1;land;false;hills;4
15805;92;161;1;land;true;forest;4
15806;50;147;1;land;false;hills;4
15807;118;125;1;land;false;hills;4
15808;112;169;1;land;false;hills;4
15809;43;97;1;land;false;hills;4
15810;55;168;1;land;true;hills;4
15811;41;157;1;land;false;hills;4
15812;98;142;1;land;false;hills;4
15813;52;118;1;land;false;jungle;4
15814;106;124;1;land;false;jungle;4
15815;69;105;1;land;false;hills;4
15816;103;170;1;land;true;forest;4
15817;60;109;1;land;false;plains;4
15818;56;104;1;land;false;hills;4
15819;74;99;1;land;true;forest;4
15820;115;159;1;land;false;jungle;4
15821;107;109;1;land;false;hills;4
15822;88;128;1;land;false;plains;4
15823;67;94;1;land;false;forest;4
15824;86;131;1;land;false;forest;4
15825;97;125;1;land;true;forest;4
15826;84;114;1;land;false;hills;4
15827;75;105;1;land;false;jungle;4
15828;187;99;1;land;false;hills;4
15829;184;129;1;land;false;hills;4
15830;152;86;1;land;false;hills;4
15831;136;66;1;land;false;plains;4
15832;121;83;1;land;false;mountain;4
15833;172;73;1;land;false;plains;4
15834;171;94;1;land;false;plains;4
15835;179;125;1;land;false;plains;4
15836;139;138;1;land;false;plains;4
15837;163;139;1;land;false;hills;4
15838;174;134;1;land;false;mountain;4
15839;129;118;1;land;false;hills;4
15840;178;97;1;land;false;plains;4
15841;124;125;1;land;false;plains;4
15842;154;225;1;land;true;hills;1
15843;103;226;1;land;true;mountain;1
15844;87;221;1;land;true;hills;1
15845;144;228;1;land;true;hills;1
15846;137;235;1;land;false;jungle;1
15847;91;251;1;land;false;hills;1
15848;111;213;1;land;false;forest;1
15849;126;218;1;land;true;forest;1
15850;87;251;1;land;false;hills;1
15851;91;238;1;land;true;jungle;1
15852;123;208;1;land;false;hills;1
15853;121;213;1;land;true;hills;1
15854;156;237;1;land;true;mountain;1
15855;104;226;1;land;false;jungle;1
15856;131;233;1;land;false;hills;1
15857;109;229;1;land;true;jungle;1
15858;102;23;1;land;false;hills;1
15859;72;24;1;land;true;hills;1
15860;116;17;1;land;false;jungle;1
15861;115;45;1;land;true;jungle;1
15862;120;63;1;land;false;hills;1
15863;59;15;1;land;false;hills;1
15864;49;80;1;land;false;hills;1
15865;67;73;1;land;false;hills;1
15866;46;12;1;land;true;hills;1
15867;77;55;1;land;true;jungle;1
15868;75;73;1;land;false;hills;1
15869;21;84;1;land;true;hills;1
15870;7;111;1;land;true;hills;1
15871;31;128;1;land;true;jungle;1
15872;12;97;1;land;true;mountain;1
15873;12;131;1;land;true;plains;1
15874;231;46;1;land;true;hills;1
15875;244;47;1;land;true;jungle;1
15876;247;7;1;land;true;hills;1
15877;230;38;1;land;true;jungle;1
15878;254;30;1;land;true;forest;1
15879;244;20;1;land;true;jungle;1
15880;147;66;1;land;false;forest;1
15881;224;2;1;land;false;hills;1
15882;218;70;1;land;false;forest;1
15883;212;23;1;land;false;forest;1
15884;155;66;1;land;false;hills;1
15885;212;66;1;land;false;forest;1
15886;159;32;1;land;false;hills;1
15887;190;17;1;land;false;jungle;1
15888;220;1;1;land;false;hills;1
15889;148;11;1;land;false;forest;1
15890;163;42;1;land;false;hills;1
15891;216;35;1;land;false;forest;1
15892;165;35;1;land;false;hills;1
15893;195;14;1;land;false;hills;1
15894;154;42;1;land;false;jungle;1
15895;205;18;1;land;false;forest;1
15896;193;11;1;land;false;forest;1
15897;219;13;1;land;false;forest;1
15898;219;39;1;land;false;forest;1
15899;152;25;1;land;false;hills;1
15900;205;35;1;land;false;forest;1
15901;164;70;1;land;false;hills;1
15902;155;24;1;land;false;hills;1
15903;211;10;1;land;false;hills;1
15904;160;15;1;land;false;jungle;1
15905;197;57;1;land;false;forest;1
15906;151;24;1;land;false;forest;1
15907;160;43;1;land;false;forest;1
15908;159;35;1;land;false;hills;1
15909;183;50;1;land;false;hills;1
15910;165;27;1;land;false;forest;1
15911;189;64;1;land;false;forest;1
15912;102;11;1;land;true;hills;1
15913;172;35;1;land;true;hills;1
15914;107;58;1;land;true;hills;1
15915;147;40;1;land;false;hills;1
15916;12;158;1;land;false;forest;1
15917;38;222;1;land;false;hills;1
15918;61;182;1;land;true;hills;1
15919;36;205;1;land;false;forest;1
15920;70;201;1;land;false;forest;1
15921;34;158;1;land;false;forest;1
15922;68;168;1;land;true;hills;1
15923;9;180;1;land;false;hills;1
15924;12;207;1;land;false;mountain;1
15925;44;204;1;land;false;hills;1
15926;54;167;1;land;true;hills;1
15927;6;220;1;land;false;hills;1
15928;55;149;1;land;true;hills;1
15929;21;195;1;land;false;hills;1
15930;71;180;1;land;false;forest;1
15931;24;178;1;land;false;hills;1
15932;72;191;1;land;true;jungle;1
15933;127;65;1;land;false;forest;1
15934;133;6;1;land;false;mountain;1
15935;177;21;1;land;true;hills;1
15936;140;20;1;land;false;hills;1
15937;132;10;1;land;false;jungle;1
15938;195;57;1;land;false;forest;1
15939;130;24;1;land;false;hills;1
15940;172;10;1;land;false;jungle;1
15941;190;18;1;land;false;hills;1
15942;131;9;1;land;false;jungle;1
15943;203;24;1;land;false;forest;1
15944;197;37;1;land;false;forest;1
15945;178;51;1;land;false;hills;1
15946;166;10;1;land;false;hills;1
15947;129;64;1;land;false;hills;1
15948;166;45;1;land;true;forest;1
15949;190;45;1;land;false;forest;1
15950;135;53;1;land;false;hills;1
15951;159;3;1;land;false;hills;1
15952;186;37;1;land;false;hills;1
15953;143;30;1;land;false;forest;1
15954;134;24;1;land;false;hills;1
15955;150;70;1;land;false;hills;1
15956;128;27;1;land;true;hills;1
15957;167;2;1;land;false;jungle;1
15958;161;65;1;land;false;forest;1
15959;154;46;1;land;false;forest;1
15960;175;45;1;land;false;hills;1
15961;202;54;1;land;false;hills;1
15962;185;53;1;land;false;hills;1
15963;145;65;1;land;false;hills;1
15964;155;11;1;land;false;hills;1
15965;154;37;1;land;false;hills;1
15966;139;9;1;land;false;hills;1
15967;201;48;1;land;false;hills;1
15968;188;19;1;land;false;forest;1
15969;153;23;1;land;false;hills;1
15970;161;35;1;land;false;hills;1
15971;149;14;1;land;false;forest;1
15972;92;13;1;land;false;hills;1
15973;52;18;1;land;false;hills;1
15974;105;50;1;land;false;hills;1
15975;86;18;1;land;false;hills;1
15976;124;39;1;land;true;jungle;1
15977;103;12;1;land;false;hills;1
15978;126;55;1;land;false;hills;1
15979;108;32;1;land;true;mountain;1
15980;95;46;1;land;false;hills;1
15981;122;3;1;land;true;mountain;1
15982;63;10;1;land;false;hills;1
15983;89;6;1;land;true;mountain;1
15984;110;3;1;land;true;mountain;1
15985;51;1;1;land;false;hills;1
15986;105;22;1;land;false;jungle;1
15987;65;54;1;land;false;hills;1
15988;68;52;1;land;false;mountain;1
15989;104;29;1;land;true;hills;1
15990;88;34;1;land;true;hills;1
15991;81;6;1;land;false;hills;1
15992;95;42;1;land;false;hills;1
15993;57;1;1;land;true;hills;1
15994;115;53;1;land;false;hills;1
15995;73;46;1;land;true;hills;1
15996;99;37;1;land;false;mountain;1
15997;101;41;1;land;false;mountain;1
15998;107;48;1;land;true;forest;1
15999;59;54;1;land;false;hills;1
16000;74;49;1;land;true;forest;1
16001;90;41;1;land;true;jungle;1
16002;135;229;1;land;false;forest;1
16003;182;237;1;land;false;forest;1
16004;198;248;1;land;false;forest;1
16005;155;213;1;land;false;hills;1
16006;185;233;1;land;false;hills;1
16007;150;251;1;land;false;hills;1
16008;194;222;1;land;false;forest;1
16009;185;202;1;land;false;forest;1
16010;194;223;1;land;false;hills;1
16011;132;216;1;land;false;forest;1
16012;141;246;1;land;false;hills;1
16013;121;211;1;land;false;hills;1
16014;135;218;1;land;false;forest;1
16015;134;241;1;land;false;forest;1
16016;65;212;1;land;true;hills;1
16017;97;197;1;land;false;forest;1
16018;117;253;1;land;true;forest;1
16019;72;243;1;land;false;hills;1
16020;82;221;1;land;true;hills;1
16021;129;239;1;land;false;hills;1
16022;100;241;1;land;true;hills;1
16023;120;210;1;land;true;hills;1
16024;107;202;1;land;true;hills;1
16025;98;219;1;land;true;hills;1
16026;72;219;1;land;true;hills;1
16027;128;235;1;land;true;hills;1
16028;108;176;1;land;true;hills;1
16029;89;245;1;land;true;mountain;1
16030;136;238;1;land;true;plains;1
16031;98;231;1;land;true;hills;1
16032;110;204;1;land;true;hills;1
16033;43;73;1;land;true;hills;1
16034;26;91;1;land;true;hills;1
16035;26;118;1;land;true;hills;1
16036;6;97;1;land;true;plains;1
16037;29;81;1;land;false;hills;1
16038;29;115;1;land;false;hills;1
16039;44;117;1;land;true;plains;1
16040;17;79;1;land;true;plains;1
16041;13;103;1;land;true;hills;1
16042;37;87;1;land;true;hills;1
16043;36;98;1;land;true;plains;1
16044;2;127;1;land;true;plains;1
16045;13;120;1;land;true;hills;1
16046;11;115;1;land;true;plains;1
16047;44;95;1;land;true;plains;1
16048;35;109;1;land;false;forest;1
16049;21;122;1;land;false;hills;1
16050;69;216;1;land;true;hills;1
16051;74;245;1;land;false;forest;1
16052;87;253;1;land;true;hills;1
16053;96;222;1;land;false;forest;1
16054;75;215;1;land;true;hills;1
16055;124;236;1;land;false;forest;1
16056;106;251;1;land;true;hills;1
16057;117;231;1;land;false;forest;1
16058;138;208;1;land;true;hills;1
16059;99;214;1;land;true;hills;1
16060;135;203;1;land;true;hills;1
16061;74;236;1;land;false;forest;1
16062;139;230;1;land;false;forest;1
16063;6;154;1;land;true;hills;1
16064;63;123;1;land;true;forest;1
16065;9;90;1;land;true;hills;1
16066;42;132;1;land;true;forest;1
16067;23;91;1;land;true;hills;1
16068;22;143;1;land;true;hills;1
16069;25;112;1;land;true;hills;1
16070;29;157;1;land;true;plains;1
16071;21;157;1;land;true;hills;1
16072;23;147;1;land;false;forest;1
16073;5;130;1;land;true;hills;1
16074;44;140;1;land;false;forest;1
16075;9;151;1;land;true;forest;1
16076;34;144;1;land;false;forest;1
16077;29;150;1;land;true;forest;1
16078;40;149;1;land;false;forest;1
16079;45;101;1;land;false;forest;1
16080;61;98;1;land;true;plains;1
16081;40;108;1;land;true;hills;1
16082;47;128;1;land;true;hills;1
16083;43;151;1;land;false;hills;1
16084;10;114;1;land;false;forest;1
16085;3;123;1;land;true;plains;1
16086;7;156;1;land;false;forest;1
16087;61;101;1;land;true;mountain;1
16088;33;113;1;land;true;hills;1
16089;134;234;1;land;true;hills;1
16090;92;240;1;land;false;forest;1
16091;77;222;1;land;false;forest;1
16092;118;239;1;land;false;forest;1
16093;111;243;1;land;true;mountain;1
16094;110;223;1;land;false;forest;1
16095;125;252;1;land;true;hills;1
16096;99;240;1;land;true;hills;1
16097;111;246;1;land;true;hills;1
16098;146;213;1;land;true;hills;1
16099;145;207;1;land;false;forest;1
16100;129;210;1;land;true;hills;1
16101;139;222;1;land;true;hills;1
16102;108;252;1;land;false;forest;1
16103;78;206;1;land;true;hills;1
16104;114;210;1;land;false;forest;1
16105;71;202;1;land;false;hills;1
16106;88;247;1;land;true;forest;1
16107;229;127;1;land;false;plains;2
16108;252;153;1;land;false;plains;2
16109;247;128;1;land;false;hills;2
16110;40;214;1;land;false;plains;2
16111;138;243;1;land;true;plains;2
16112;210;19;1;land;false;plains;2
16113;213;53;1;land;true;hills;2
16114;208;14;1;land;true;plains;2
16115;248;17;1;land;false;hills;2
16116;28;31;1;land;false;mountain;2
16117;1;8;1;land;false;mountain;2
16118;58;16;1;land;true;hills;2
16119;36;8;1;land;true;hills;2
16120;65;53;1;land;true;mountain;2
16121;8;12;1;land;false;hills;2
16122;66;35;1;land;true;plains;2
16123;46;42;1;land;false;mountain;2
16124;59;42;1;land;true;mountain;2
16125;28;48;1;land;false;hills;2
16126;17;27;1;land;true;plains;2
16127;55;104;1;land;true;plains;2
16128;79;121;1;land;true;plains;2
16129;57;67;1;land;true;hills;2
16130;43;68;1;land;true;hills;2
16131;38;106;1;land;true;hills;2
16132;76;99;1;land;true;hills;2
16133;129;249;1;land;false;hills;2
16134;112;229;1;land;false;plains;2
16135;159;121;1;land;true;mountain;2
16136;203;89;1;land;true;hills;2
16137;165;89;1;land;true;plains;2
16138;159;79;1;land;true;plains;2
16139;206;103;1;land;true;mountain;2
16140;179;132;1;land;true;plains;2
16141;174;81;1;land;false;hills;2
16142;52;161;1;land;false;hills;2
16143;60;186;1;land;false;hills;2
16144;52;200;1;land;false;hills;2
16145;17;177;1;land;false;plains;2
16146;61;176;1;land;false;hills;2
16147;39;169;1;land;false;hills;2
16148;17;167;1;land;false;plains;2
16149;64;153;1;land;false;hills;2
16150;61;173;1;land;false;plains;2
16151;61;141;1;land;true;hills;2
16152;40;189;1;land;false;plains;2
16153;66;146;1;land;false;hills;2
16154;59;206;1;land;false;hills;2
16155;12;181;1;land;false;hills;2
16156;6;163;1;land;false;plains;2
16157;1;159;1;land;false;hills;2
16158;56;156;1;land;false;plains;2
16159;35;202;1;land;true;hills;2
16160;155;21;1;land;true;mountain;2
16161;119;23;1;land;true;plains;2
16162;111;31;1;land;true;plains;2
16163;129;29;1;land;true;plains;2
16164;169;51;1;land;true;plains;2
16165;110;12;1;land;true;plains;2
16166;15;204;1;land;false;plains;2
16167;23;245;1;land;true;hills;2
16168;37;215;1;land;true;hills;2
16169;43;231;1;land;false;plains;2
16170;2;232;1;land;true;hills;2
16171;20;191;1;land;true;hills;2
16172;46;201;1;land;true;hills;2
16173;30;211;1;land;true;hills;2
16174;54;203;1;land;true;hills;2
16175;201;165;1;land;false;plains;2
16176;88;1;1;land;false;hills;2
16177;84;19;1;land;false;plains;2
16178;117;14;1;land;true;hills;2
16179;111;23;1;land;true;hills;2
16180;127;28;1;land;true;hills;2
16181;153;46;1;land;false;hills;2
16182;105;7;1;land;true;hills;2
16183;148;35;1;land;false;hills;2
16184;104;27;1;land;true;hills;2
16185;105;16;1;land;false;plains;2
16186;87;5;1;land;false;hills;2
16187;197;25;1;land;false;hills;3
16188;188;33;1;land;false;hills;3
16189;185;26;1;land;false;plains;3
16190;201;5;1;land;false;plains;3
16191;202;43;1;land;true;hills;3
16192;204;20;1;land;false;plains;3
16193;201;39;1;land;true;plains;3
16194;136;12;1;land;true;hills;3
16195;134;41;1;land;true;hills;3
16196;166;13;1;land;true;hills;3
16197;129;33;1;land;false;plains;3
16198;248;68;1;land;false;hills;3
16199;231;139;1;land;false;hills;3
16200;251;115;1;land;false;hills;3
16201;212;91;1;land;true;plains;3
16202;222;68;1;land;false;plains;3
16203;235;101;1;land;false;plains;3
16204;237;99;1;land;false;hills;3
16205;209;65;1;land;false;hills;3
16206;232;84;1;land;true;plains;3
16207;247;69;1;land;false;plains;3
16208;252;137;1;land;true;plains;3
16209;225;67;1;land;false;plains;3
16210;229;80;1;land;true;hills;3
16211;221;78;1;land;false;plains;3
16212;247;113;1;land;true;plains;3
16213;236;62;1;land;false;plains;3
16214;253;133;1;land;true;plains;3
16215;209;103;1;land;false;plains;3
16216;242;97;1;land;false;plains;3
16217;212;108;1;land;true;plains;3
16218;238;139;1;land;false;plains;3
16219;249;130;1;land;true;hills;3
16220;226;74;1;land;false;hills;3
16221;221;136;1;land;true;hills;3
16222;216;141;1;land;true;hills;3
16223;237;102;1;land;false;plains;3
16224;239;76;1;land;true;hills;3
16225;236;66;1;land;true;hills;3
16226;252;108;1;land;false;plains;3
16227;233;79;1;land;false;plains;3
16228;211;96;1;land;true;plains;3
16229;251;124;1;land;false;plains;3
16230;209;107;1;land;true;plains;3
16231;249;119;1;land;false;plains;3
16232;212;120;1;land;true;plains;3
16233;228;106;1;land;true;hills;3
16234;223;98;1;land;false;plains;3
16235;239;69;1;land;true;plains;3
16236;236;121;1;land;false;plains;3
16237;247;140;1;land;true;plains;3
16238;254;89;1;land;true;hills;3
16239;215;102;1;land;false;plains;3
16240;250;142;1;land;false;plains;3
16241;252;72;1;land;true;plains;3
16242;223;100;1;land;true;plains;3
16243;242;75;1;land;true;hills;3
16244;249;93;1;land;true;hills;3
16245;218;76;1;land;true;plains;3
16246;224;106;1;land;false;hills;3
16247;224;142;1;land;false;plains;3
16248;230;120;1;land;true;hills;3
16249;218;104;1;land;false;plains;3
16250;250;112;1;land;true;plains;3
16251;226;66;1;land;false;hills;3
16252;217;140;1;land;false;plains;3
16253;231;137;1;land;true;plains;3
16254;237;79;1;land;true;plains;3
16255;230;111;1;land;false;plains;3
16256;233;115;1;land;false;hills;3
16257;221;127;1;land;true;plains;3
16258;250;133;1;land;true;hills;3
16259;242;96;1;land;false;plains;3
16260;221;115;1;land;true;hills;3
16261;223;90;1;land;false;plains;3
16262;236;123;1;land;false;hills;3
16263;251;89;1;land;true;hills;3
16264;245;137;1;land;false;plains;3
16265;240;90;1;land;true;plains;3
16266;172;85;1;land;false;plains;3
16267;251;34;1;land;false;plains;3
16268;200;48;1;land;true;plains;3
16269;181;83;1;land;true;plains;3
16270;217;64;1;land;true;plains;3
16271;206;58;1;land;false;hills;3
16272;236;86;1;land;false;plains;3
16273;213;251;1;land;true;hills;3
16274;192;196;1;land;true;hills;3
16275;173;202;1;land;true;plains;3
16276;156;213;1;land;false;hills;3
16277;194;226;1;land;false;plains;3
16278;193;224;1;land;false;plains;3
16279;213;239;1;land;true;plains;3
16280;197;215;1;land;true;plains;3
16281;215;217;1;land;false;plains;3
16282;198;245;1;land;false;plains;3
16283;211;192;1;land;true;hills;3
16284;138;237;1;land;true;plains;3
16285;167;245;1;land;true;plains;3
16286;160;203;1;land;true;hills;3
16287;150;203;1;land;false;plains;3
16288;180;222;1;land;true;hills;3
16289;186;244;1;land;false;hills;3
16290;150;232;1;land;false;plains;3
16291;168;212;1;land;true;hills;3
16292;186;248;1;land;true;plains;3
16293;145;236;1;land;true;hills;3
16294;206;190;1;land;true;hills;3
16295;205;219;1;land;false;plains;3
16296;157;214;1;land;false;plains;3
16297;196;202;1;land;false;plains;3
16298;144;214;1;land;true;hills;3
16299;246;219;1;land;true;plains;3
16300;243;221;1;land;false;hills;3
16301;232;203;1;land;true;plains;3
16302;211;199;1;land;true;hills;3
16303;245;165;1;land;false;hills;3
16304;250;213;1;land;true;hills;3
16305;252;185;1;land;true;plains;3
16306;23;131;1;land;true;mountain;3
16307;37;131;1;land;true;mountain;3
16308;29;122;1;land;true;mountain;3
16309;46;149;1;land;true;mountain;3
16310;41;128;1;land;true;mountain;3
16311;11;136;1;land;false;hills;3
16312;33;54;1;land;true;hills;3
16313;16;52;1;land;true;mountain;3
16314;57;98;1;land;true;hills;3
16315;219;228;1;land;false;plains;3
16316;237;228;1;land;true;plains;3
16317;220;235;1;land;false;hills;3
16318;218;183;1;land;true;plains;3
16319;213;244;1;land;false;plains;3
16320;252;247;1;land;true;hills;3
16321;253;168;1;land;true;hills;3
16322;247;238;1;land;true;plains;3
16323;56;128;1;land;false;plains;3
16324;3;132;1;land;true;hills;3
16325;25;130;1;land;false;plains;3
16326;23;120;1;land;false;hills;3
16327;62;98;1;land;true;hills;3
16328;47;39;1;land;false;hills;3
16329;3;49;1;land;true;hills;3
16330;51;53;1;land;true;hills;3
16331;72;44;1;land;true;hills;3
16332;39;88;1;land;true;hills;3
16333;44;103;1;land;false;plains;3
16334;110;194;1;land;true;hills;3
16335;95;223;1;land;false;mountain;3
16336;106;194;1;land;true;hills;3
16337;79;168;1;land;true;plains;3
16338;90;211;1;land;false;hills;3
16339;66;177;1;land;true;hills;3
16340;105;175;1;land;false;hills;3
16341;85;174;1;land;false;plains;3
16342;77;182;1;land;false;hills;3
16343;95;227;1;land;true;plains;3
16344;91;197;1;land;false;mountain;3
16345;106;213;1;land;false;hills;3
16346;109;169;1;land;true;plains;3
16347;123;163;1;land;false;plains;3
16348;54;179;1;land;false;hills;3
16349;73;180;1;land;true;plains;3
16350;86;179;1;land;true;plains;3
16351;161;104;1;land;false;mountain;3
16352;96;73;1;land;true;mountain;3
16353;150;120;1;land;true;plains;3
16354;151;84;1;land;true;hills;3
16355;149;84;1;land;true;hills;3
16356;128;77;1;land;true;plains;3
16357;88;125;1;land;true;hills;3
16358;113;88;1;land;false;plains;3
16359;102;123;1;land;true;hills;3
16360;32;212;1;land;false;hills;3
16361;49;216;1;land;false;plains;3
16362;99;154;1;land;false;plains;3
16363;71;167;1;land;false;plains;3
16364;58;164;1;land;false;mountain;3
16365;184;211;1;land;false;plains;3
16366;167;216;1;land;false;hills;3
16367;181;248;1;land;false;plains;3
16368;130;207;1;land;true;hills;3
16369;179;219;1;land;true;hills;3
16370;131;196;1;land;false;plains;3
16371;187;235;1;land;false;plains;3
16372;211;69;1;land;true;hills;3
16373;203;74;1;land;true;hills;3
16374;143;106;1;land;false;hills;3
16375;168;94;1;land;false;hills;3
16376;211;106;1;land;false;hills;3
16377;160;83;1;land;true;hills;3
16378;215;118;1;land;true;plains;3
16379;202;79;1;land;true;plains;3
16380;62;166;1;land;false;plains;3
16381;27;204;1;land;true;mountain;7
16382;139;26;1;land;true;mountain;7
16383;172;13;1;land;false;plains;7
16384;119;14;1;land;false;hills;7
16385;126;44;1;land;false;plains;7
16386;109;14;1;land;false;plains;7
16387;167;43;1;land;false;hills;7
16388;128;6;1;land;false;hills;7
16389;138;3;1;land;true;mountain;7
16390;145;158;1;land;false;mountain;7
16391;119;147;1;land;true;mountain;7
16392;122;209;1;land;true;mountain;7
16393;141;186;1;land;false;hills;7
16394;89;175;1;land;false;mountain;7
16395;142;198;1;land;true;hills;7
16396;140;158;1;land;false;mountain;7
16397;77;204;1;land;true;hills;7
16398;118;199;1;land;false;hills;7
16399;79;170;1;land;true;hills;7
16400;96;138;1;land;true;plains;7
16401;124;190;1;land;true;plains;7
16402;73;138;1;land;true;mountain;7
16403;90;200;1;land;true;plains;7
16404;135;207;1;land;false;mountain;7
16405;104;160;1;land;true;plains;7
16406;138;210;1;land;false;hills;7
16407;78;193;1;land;false;mountain;7
16408;75;137;1;land;false;mountain;7
16409;244;82;1;land;false;hills;7
16410;221;138;1;land;false;mountain;7
16411;192;157;1;land;false;mountain;7
16412;229;138;1;land;false;mountain;7
16413;200;141;1;land;false;mountain;7
16414;57;243;1;land;true;mountain;7
16415;43;208;1;land;false;mountain;7
16416;64;233;1;land;true;mountain;7
16417;27;225;1;land;true;mountain;7
16418;13;213;1;land;false;mountain;7
16419;42;229;1;land;false;hills;7
16420;14;226;1;land;true;plains;7
16421;221;15;1;land;true;plains;7
16422;191;73;1;land;true;plains;7
16423;244;58;1;land;true;mountain;7
16424;242;30;1;land;true;plains;7
16425;239;50;1;land;true;mountain;7
16426;47;154;1;land;true;plains;7
16427;52;143;1;land;true;hills;7
16428;82;139;1;land;true;plains;7
16429;109;144;1;land;true;hills;7
16430;110;78;1;land;true;mountain;7
16431;114;68;1;land;true;mountain;7
16432;112;9;1;land;true;mountain;7
16433;165;70;1;land;false;hills;7
16434;132;76;1;land;false;hills;7
16435;113;253;1;land;true;mountain;7
16436;134;236;1;land;false;mountain;7
16437;150;216;1;land;false;hills;7
16438;120;248;1;land;false;plains;7
16439;139;236;1;land;true;hills;7
16440;136;229;1;land;true;hills;7
16441;252;195;1;land;true;hills;7
16442;208;217;1;land;true;hills;7
16443;211;197;1;land;true;hills;7
16444;232;156;1;land;true;hills;7
16445;195;147;1;land;false;hills;7
16446;213;211;1;land;true;mountain;7
16447;221;194;1;land;true;plains;7
16448;229;162;1;land;true;hills;7
16449;209;191;1;land;true;plains;7
16450;211;186;1;land;false;mountain;7
16451;220;224;1;land;true;plains;7
16452;250;167;1;land;true;hills;7
16453;198;223;1;land;true;plains;7
16454;234;155;1;land;true;hills;7
16455;67;29;1;land;true;hills;7
16456;19;25;1;land;true;hills;7
16457;15;67;1;land;true;plains;7
16458;67;30;1;land;true;mountain;7
16459;22;58;1;land;true;hills;7
16460;1;61;1;land;true;plains;7
16461;162;66;1;land;true;mountain;7
16462;159;106;1;land;true;mountain;7
16463;167;79;1;land;true;mountain;7
16464;181;56;1;land;true;mountain;7
16465;152;110;1;land;true;forest;7
16466;179;48;1;land;true;jungle;7
16467;175;111;1;land;true;hills;7
16468;171;92;1;land;true;hills;7
16469;95;64;1;land;true;hills;7
16470;113;38;1;land;true;jungle;7
16471;54;50;1;land;false;forest;7
16472;49;103;1;land;true;mountain;7
16473;64;105;1;land;true;mountain;7
16474;102;68;1;land;true;hills;7
16475;65;48;1;land;true;forest;7
16476;90;69;1;land;true;hills;7
16477;103;81;1;land;true;hills;7
16478;74;70;1;land;true;forest;7
16479;86;67;1;land;true;mountain;7
16480;63;96;1;land;true;mountain;7
16481;63;76;1;land;true;hills;7
16482;74;41;1;land;true;mountain;7
16483;41;101;1;land;true;forest;7
16484;81;58;1;land;false;jungle;7
16485;59;105;1;land;false;hills;7
16486;107;102;1;land;true;mountain;7
16487;77;105;1;land;true;hills;7
16488;231;69;1;land;true;hills;7
16489;217;60;1;land;true;mountain;7
16490;230;106;1;land;true;hills;7
16491;253;99;1;land;true;mountain;7
16492;221;40;1;land;true;mountain;7
16493;231;76;1;land;true;forest;7
16494;225;46;1;land;false;hills;7
16495;241;196;1;land;false;hills;7
16496;247;224;1;land;false;hills;7
16497;49;209;1;land;false;forest;7
16498;115;251;1;land;false;forest;7
16499;99;229;1;land;true;hills;7
16500;88;215;1;land;true;hills;7
16501;76;226;1;land;false;forest;7
16502;105;214;1;land;true;hills;7
16503;96;206;1;land;false;forest;7
16504;58;206;1;land;true;hills;7
16505;243;183;1;land;true;plains;7
16506;254;205;1;land;true;hills;7
16507;222;229;1;land;false;plains;7
16508;237;190;1;land;false;forest;7
16509;216;243;1;land;false;forest;7
16510;224;182;1;land;false;forest;7
16511;52;140;1;land;true;forest;7
16512;19;211;1;land;true;forest;7
16513;74;160;1;land;true;hills;7
16514;0;172;1;land;false;forest;7
16515;8;142;1;land;true;plains;7
16516;13;136;1;land;true;hills;7
16517;62;169;1;land;true;hills;7
16518;7;172;1;land;true;plains;7
16519;9;170;1;land;true;hills;7
16520;186;246;1;land;true;hills;7
16521;130;246;1;land;true;hills;7
16522;111;200;1;land;false;forest;7
16523;164;251;1;land;false;forest;7
16524;114;196;1;land;false;forest;7
16525;145;245;1;land;true;plains;7
16526;34;131;1;land;true;hills;7
16527;24;123;1;land;false;plains;7
16528;44;73;1;land;true;plains;7
16529;55;96;1;land;true;plains;7
16530;86;85;1;land;false;forest;7
16531;68;145;1;land;true;hills;7
16532;58;112;1;land;true;plains;7
16533;32;39;1;land;false;forest;7
16534;35;28;1;land;false;forest;7
16535;3;5;1;land;false;hills;7
16536;31;15;1;land;true;hills;7
16537;36;10;1;land;true;plains;7
16538;44;17;1;land;true;plains;7
16539;12;25;1;land;false;forest;7
16540;12;26;1;land;false;forest;7
16541;81;138;1;land;false;plains;7
16542;94;143;1;land;true;plains;7
16543;90;92;1;land;false;plains;7
16544;75;141;1;land;false;plains;7
16545;49;128;1;land;false;hills;7
16546;92;96;1;land;true;hills;7
16547;23;114;1;land;true;plains;7
16548;75;84;1;land;true;hills;7
16549;91;82;1;land;true;hills;7
16550;50;111;1;land;false;plains;7
16551;17;89;1;land;true;hills;7
16552;39;80;1;land;false;hills;7
16553;43;141;1;land;true;plains;7
16554;23;119;1;land;true;hills;7
16555;53;110;1;land;false;plains;7
16556;89;100;1;land;true;hills;7
16557;204;165;1;land;true;plains;7
16558;218;125;1;land;true;plains;7
16559;165;16;1;land;true;hills;7
16560;165;73;1;land;true;hills;7
16561;203;76;1;land;true;hills;7
16562;177;64;1;land;false;hills;7
16563;164;83;1;land;false;plains;7
16564;165;76;1;land;true;hills;7
16565;148;65;1;land;false;forest;7
16566;189;179;1;land;true;hills;7
16567;229;168;1;land;true;forest;7
16568;210;168;1;land;false;forest;7
16569;176;197;1;land;true;forest;7
16570;236;244;1;land;false;forest;7
16571;175;191;1;land;false;forest;7
16572;200;220;1;land;false;plains;7
16573;171;170;1;land;true;hills;7
16574;179;193;1;land;false;plains;7
16575;202;168;1;land;true;plains;7
16576;189;126;1;land;true;mountain;7
16577;186;59;1;land;false;hills;7
16578;199;119;1;land;false;hills;7
16579;203;133;1;land;false;forest;7
16580;141;103;1;land;false;hills;7
16581;123;110;1;land;false;forest;7
16582;135;155;1;land;true;hills;7
16583;100;130;1;land;false;hills;7
16584;89;148;1;land;false;hills;7
16585;108;151;1;land;true;mountain;7
16586;89;150;1;land;true;hills;7
16587;148;110;1;land;true;mountain;7
16588;155;127;1;land;true;plains;7
16589;143;104;1;land;true;plains;7
16590;155;132;1;land;false;forest;7
16591;109;118;1;land;true;hills;7
16592;104;163;1;land;false;forest;7
16593;131;162;1;land;true;plains;7
16594;139;123;1;land;false;hills;7
16595;156;114;1;land;true;hills;7
16596;163;205;1;land;true;forest;7
16597;183;241;1;land;true;hills;7
16598;31;222;1;land;true;plains;7
16599;16;197;1;land;true;hills;7
16600;14;221;1;land;true;mountain;7
16601;24;193;1;land;true;hills;7
16602;24;246;1;land;true;forest;7
16603;56;213;1;land;true;plains;7
16604;41;225;1;land;true;plains;7
16605;108;227;1;land;false;mountain;7
16606;32;193;1;land;true;plains;7
16607;23;194;1;land;true;plains;7
16608;58;155;1;land;true;plains;7
16609;4;154;1;land;true;plains;7
16610;54;149;1;land;true;hills;7
16611;70;133;1;land;true;mountain;7
16612;13;138;1;land;true;hills;7
16613;89;208;1;land;true;hills;7
16614;64;240;1;land;true;mountain;7
16615;77;218;1;land;true;hills;7
16616;72;213;1;land;false;forest;7
16617;96;211;1;land;false;hills;7
16618;88;230;1;land;true;plains;7
16619;38;249;1;land;false;hills;7
16620;87;237;1;land;false;hills;7
16621;37;237;1;land;false;hills;7
16622;38;246;1;land;false;hills;7
16623;28;227;1;land;true;hills;7
16624;50;226;1;land;false;forest;7
16625;28;224;1;land;false;forest;7
16626;75;202;1;land;false;forest;7
16627;53;209;1;land;true;hills;7
16628;71;238;1;land;true;plains;7
16629;45;232;1;land;true;hills;7
16630;97;221;1;land;false;mountain;7
16631;41;209;1;land;true;hills;7
16632;72;208;1;land;false;hills;7
16633;181;85;1;land;true;forest;7
16634;127;98;1;land;true;hills;7
16635;130;111;1;land;true;forest;7
16636;189;49;1;land;true;plains;7
16637;185;63;1;land;true;forest;7
16638;162;43;1;land;false;mountain;7
16639;35;106;1;land;true;hills;7
16640;56;179;1;land;false;mountain;7
16641;34;162;1;land;false;mountain;7
16642;25;159;1;land;true;plains;7
16643;13;175;1;land;true;forest;7
16644;52;134;1;land;true;hills;7
16645;55;146;1;land;true;plains;7
16646;27;149;1;land;true;hills;7
16647;26;123;1;land;true;mountain;7
16648;72;156;1;land;true;plains;7
16649;204;184;1;land;true;mountain;2
16650;175;172;1;land;true;mountain;2
16651;244;171;1;land;false;hills;2
16652;217;218;1;land;true;plains;2
16653;202;156;1;land;true;mountain;2
16654;190;223;1;land;true;plains;2
16655;245;204;1;land;true;mountain;2
16656;243;193;1;land;true;mountain;2
16657;189;194;1;land;true;mountain;2
16658;219;182;1;land;true;mountain;2
16659;217;154;1;land;true;plains;2
16660;233;176;1;land;true;forest;2
16661;176;175;1;land;true;mountain;2
16662;188;217;1;land;true;plains;2
16663;182;157;1;land;true;mountain;2
16664;215;213;1;land;true;plains;2
16665;215;241;1;land;true;mountain;2
16666;231;245;1;land;true;mountain;2
16667;241;206;1;land;true;mountain;2
16668;217;227;1;land;true;plains;2
16669;222;226;1;land;true;mountain;2
16670;248;226;1;land;false;mountain;2
16671;217;229;1;land;true;mountain;2
16672;248;228;1;land;true;mountain;2
16673;242;225;1;land;true;mountain;2
16674;56;172;1;land;true;plains;2
16675;48;213;1;land;true;mountain;2
16676;59;207;1;land;true;mountain;2
16677;57;165;1;land;true;plains;2
16678;29;209;1;land;true;mountain;2
16679;47;230;1;land;true;plains;2
16680;34;224;1;land;true;plains;2
16681;40;200;1;land;true;forest;2
16682;24;231;1;land;true;mountain;2
16683;62;24;1;land;false;plains;2
16684;66;33;1;land;true;hills;2
16685;46;72;1;land;false;plains;2
16686;55;31;1;land;false;plains;2
16687;82;40;1;land;true;hills;2
16688;77;51;1;land;true;plains;2
16689;72;87;1;land;true;plains;2
16690;99;47;1;land;true;plains;2
16691;35;110;1;land;false;plains;2
16692;69;98;1;land;true;plains;2
16693;217;207;1;land;true;plains;2
16694;223;183;1;land;false;plains;2
16695;248;194;1;land;false;plains;2
16696;205;221;1;land;true;plains;2
16697;228;185;1;land;true;plains;2
16698;235;228;1;land;false;plains;2
16699;249;224;1;land;true;plains;2
16700;213;198;1;land;false;plains;2
16701;203;186;1;land;true;plains;2
16702;208;243;1;land;true;plains;2
16703;247;242;1;land;false;plains;2
16704;140;40;1;land;true;hills;2
16705;131;51;1;land;true;hills;2
16706;135;89;1;land;true;hills;2
16707;131;226;1;land;true;plains;2
16708;6;237;1;land;true;hills;3
16709;104;83;1;land;true;plains;3
16710;102;82;1;land;true;plains;3
16711;130;56;1;land;true;plains;3
16712;142;65;1;land;true;plains;3
16713;152;143;1;land;false;plains;3
16714;163;156;1;land;true;hills;3
16715;176;145;1;land;true;hills;3
16716;168;146;1;land;true;plains;3
16717;134;135;1;land;true;hills;3
16718;145;97;1;land;true;hills;3
16719;147;102;1;land;true;hills;3
16720;164;86;1;land;false;plains;3
16721;94;148;1;land;true;hills;3
16722;116;152;1;land;true;plains;3
16723;154;164;1;land;true;plains;3
16724;108;72;1;land;true;plains;6
16725;92;93;1;land;false;plains;6
16726;144;36;1;land;true;mountain;6
16727;86;101;1;land;true;plains;6
16728;80;110;1;land;true;plains;6
16729;114;95;1;land;true;plains;6
16730;90;40;1;land;false;hills;6
16731;23;11;1;land;true;plains;6
16732;52;26;1;land;true;plains;6
16733;56;51;1;land;true;plains;6
16734;71;8;1;land;false;hills;6
16735;9;68;1;land;true;plains;6
16736;65;4;1;land;true;plains;6
16737;48;62;1;land;true;plains;6
16738;52;41;1;land;true;plains;6
16739;66;6;1;land;true;hills;6
16740;24;21;1;land;true;hills;6
16741;49;2;1;land;true;hills;6
16742;59;50;1;land;false;plains;6
16743;49;63;1;land;true;hills;6
16744;14;70;1;land;true;plains;6
16745;22;15;1;land;true;plains;6
16746;37;132;1;land;true;plains;6
16747;41;138;1;land;true;plains;6
16748;13;111;1;land;true;plains;6
16749;109;136;1;land;true;plains;6
16750;107;74;1;land;true;plains;6
16751;160;70;1;land;true;plains;6
16752;153;124;1;land;true;plains;6
16753;167;120;1;land;true;plains;6
16754;133;77;1;land;true;hills;6
16755;15;224;1;land;true;hills;6
16756;43;180;1;land;true;plains;6
16757;2;167;1;land;true;plains;6
16758;2;204;1;land;true;plains;6
16759;115;41;1;land;true;plains;6
16760;240;230;1;land;true;plains;6
16761;34;32;1;land;true;plains;6
16762;1;22;1;land;true;plains;6
16763;12;1;1;land;true;plains;6
16764;4;27;1;land;true;forest;6
16765;26;28;1;land;true;hills;6
16766;3;27;1;land;true;forest;6
16767;53;15;1;land;true;plains;6
16768;42;37;1;land;true;plains;6
16769;2;10;1;land;false;plains;6
16770;12;17;1;land;true;plains;6
16771;187;109;1;land;true;plains;6
16772;197;41;1;land;true;hills;6
16773;244;38;1;land;true;forest;6
16774;125;163;1;land;false;plains;6
16775;125;162;1;land;true;plains;6
16776;79;174;1;land;false;plains;6
16777;78;145;1;land;true;plains;6
16778;96;152;1;land;true;plains;6
16779;74;183;1;land;true;plains;6
16780;81;141;1;land;true;forest;6
16781;95;134;1;land;true;plains;6
16782;139;140;1;land;false;plains;6
16783;93;150;1;land;false;forest;6
16784;161;241;1;land;true;hills;7
16785;153;210;1;land;true;plains;7
16786;145;221;1;land;true;plains;7
16787;137;237;1;land;true;hills;7
16788;100;254;1;land;true;plains;7
16789;159;48;1;land;true;hills;7
16790;181;214;1;land;true;hills;7
16791;214;214;1;land;true;hills;7
16792;203;234;1;land;true;hills;7
16793;179;244;1;land;true;plains;7
16794;192;240;1;land;true;plains;7
16795;158;218;1;land;true;hills;7
16796;168;222;1;land;false;hills;7
16797;30;220;1;land;true;hills;7
16798;55;167;1;land;true;hills;7
16799;22;188;1;land;true;hills;7
16800;57;230;1;land;true;hills;7
16801;123;234;1;land;true;hills;7
16802;168;249;1;land;false;plains;7
16803;150;207;1;land;true;hills;7
16804;121;225;1;land;true;plains;7
16805;148;183;1;land;false;hills;7
16806;243;232;1;land;true;plains;7
16807;200;218;1;land;true;hills;7
16808;200;237;1;land;true;plains;7
16809;213;225;1;land;true;plains;7
16810;224;214;1;land;true;hills;7
16811;216;247;1;land;true;hills;7
16812;223;247;1;land;true;hills;7
16813;208;208;1;land;true;forest;7
16814;246;250;1;land;false;hills;7
16815;248;225;1;land;false;forest;7
16816;252;218;1;land;false;plains;7
16817;213;182;1;land;true;hills;7
16818;177;168;1;land;true;hills;7
16819;207;134;1;land;true;plains;7
16820;47;122;1;land;false;hills;7
16821;73;110;1;land;true;hills;7
16822;47;142;1;land;true;hills;7
16823;61;153;1;land;false;hills;7
16824;29;176;1;land;false;hills;7
16825;92;134;1;land;true;hills;7
16826;72;158;1;land;false;hills;7
16827;58;165;1;land;true;hills;7
16828;42;137;1;land;true;plains;7
16829;84;119;1;land;true;hills;7
16830;72;113;1;land;false;hills;7
16831;77;114;1;land;true;hills;7
16832;51;176;1;land;true;hills;7
16833;53;136;1;land;false;plains;7
16834;100;160;1;land;true;hills;7
16835;32;107;1;land;true;hills;7
16836;48;180;1;land;true;hills;7
16837;20;239;1;land;true;hills;7
16838;31;221;1;land;true;hills;7
16839;72;239;1;land;true;plains;7
16840;96;185;1;land;false;hills;7
16841;82;204;1;land;false;hills;7
16842;93;238;1;land;true;hills;7
16843;214;195;1;land;true;hills;7
16844;202;203;1;land;true;plains;7
16845;227;169;1;land;true;plains;7
16846;221;188;1;land;true;hills;7
16847;204;194;1;land;true;hills;7
16848;194;20;1;land;true;hills;7
16849;149;7;1;land;true;plains;7
16850;161;18;1;land;true;hills;7
16851;201;18;1;land;true;plains;7
16852;35;49;1;land;true;plains;7
16853;41;33;1;land;true;plains;7
16854;8;15;1;land;true;hills;7
16855;13;8;1;land;true;plains;7
16856;23;18;1;land;true;hills;7
16857;12;15;1;land;true;plains;7
16858;36;26;1;land;false;plains;7
16859;21;38;1;land;false;plains;7
16860;49;50;1;land;true;plains;7
16861;17;37;1;land;true;hills;7
16862;11;15;1;land;true;plains;7
16863;17;8;1;land;true;plains;7
16864;48;56;1;land;true;hills;7
16865;131;123;1;land;true;plains;7
16866;188;181;1;land;true;plains;7
16867;164;101;1;land;true;plains;7
16868;165;173;1;land;true;hills;7
16869;141;145;1;land;false;plains;7
16870;192;173;1;land;true;plains;7
16871;177;145;1;land;true;plains;7
16872;149;171;1;land;true;hills;7
16873;147;112;1;land;true;hills;7
16874;144;235;1;land;true;hills;7
16875;151;231;1;land;true;plains;7
16876;117;245;1;land;true;plains;7
16877;167;74;1;land;true;plains;7
16878;106;53;1;land;true;hills;7
16879;158;124;1;land;true;hills;7
16880;210;137;1;land;true;jungle;7
16881;179;117;1;land;true;jungle;7
16882;168;140;1;land;true;jungle;7
16883;171;119;1;land;true;jungle;7
16884;212;116;1;land;true;jungle;7
16885;205;82;1;land;true;hills;7
16886;222;81;1;land;true;hills;7
16887;185;99;1;land;true;hills;7
16888;234;88;1;land;true;jungle;7
16889;183;120;1;land;true;hills;7
16890;203;82;1;land;true;jungle;7
16891;158;74;1;land;true;jungle;7
16892;149;67;1;land;false;hills;7
16893;173;112;1;land;true;jungle;7
16894;110;85;1;land;true;hills;7
16895;152;58;1;land;true;hills;7
16896;82;251;1;land;true;hills;7
16897;39;210;1;land;true;hills;7
16898;14;185;1;land;true;hills;7
16899;88;22;1;land;true;hills;7
16900;66;1;1;land;true;hills;7
16901;107;30;1;land;true;hills;7
16902;223;119;1;land;true;hills;3
16903;198;130;1;land;true;hills;3
16904;241;114;1;land;true;plains;3
16905;199;101;1;land;true;hills;3
16906;200;112;1;land;true;hills;3
16907;209;112;1;land;true;plains;3
16908;169;37;1;land;false;hills;3
16909;135;84;1;land;true;hills;3
16910;141;77;1;land;true;hills;3
16911;123;43;1;land;true;hills;3
16912;176;14;1;land;true;hills;3
16913;179;29;1;land;false;hills;3
16914;116;48;1;land;true;plains;3
16915;135;59;1;land;true;hills;3
16916;114;59;1;land;false;plains;3
16917;140;63;1;land;true;plains;3
16918;118;84;1;land;true;plains;3
16919;179;77;1;land;true;hills;3
16920;148;29;1;land;false;hills;3
16921;185;74;1;land;true;hills;3
16922;193;22;1;land;true;plains;3
16923;56;234;1;land;true;mountain;2
16924;49;239;1;land;true;forest;2
16925;79;205;1;land;true;hills;2
16926;92;252;1;land;true;forest;2
16927;51;254;1;land;true;plains;2
16928;73;235;1;land;true;mountain;2
16929;82;254;1;land;true;forest;2
16930;40;86;1;land;true;forest;2
16931;173;41;1;land;true;hills;2
16932;176;61;1;land;true;hills;2
16933;178;6;1;land;true;forest;2
16934;189;5;1;land;true;hills;2
16935;181;43;1;land;true;forest;2
16936;222;62;1;land;true;hills;2
16937;228;69;1;land;true;mountain;2
16938;190;60;1;land;true;hills;2
16939;227;24;1;land;true;hills;2
16940;205;12;1;land;true;forest;2
16941;152;41;1;land;true;mountain;2
16942;129;96;1;land;false;hills;7
16943;142;89;1;land;false;hills;7
16944;135;57;1;land;false;hills;7
16945;130;55;1;land;false;forest;7
16946;133;51;1;land;false;hills;7
16947;93;39;1;land;false;plains;7
16948;141;59;1;land;false;forest;7
16949;124;56;1;land;false;forest;7
16950;104;45;1;land;false;plains;7
16951;144;68;1;land;false;forest;7
16952;232;187;1;land;true;mountain;7
16953;232;220;1;land;true;forest;7
16954;183;187;1;land;true;mountain;7
16955;220;227;1;land;true;hills;7
16956;193;172;1;land;true;forest;7
16957;145;112;1;land;true;desert;6
16958;79;161;1;land;true;desert;6
16959;130;130;1;land;true;desert;6
16960;150;112;1;land;true;desert;6
16961;45;239;1;land;true;plains;7
16962;2;177;1;land;true;mountain;7
16963;35;214;1;land;true;mountain;7
16964;9;225;1;land;true;mountain;7
16965;23;216;1;land;true;plains;7
16966;46;203;1;land;true;hills;7
16967;25;228;1;land;true;plains;7
16968;149;254;1;land;true;mountain;7
16969;100;200;1;land;true;plains;7
16970;159;229;1;land;true;mountain;7
16971;169;193;1;land;true;mountain;7
16972;48;55;1;land;false;hills;7
16973;5;62;1;land;false;hills;7
16974;28;12;1;land;false;hills;7
16975;22;29;1;land;false;hills;7
16976;66;64;1;land;false;hills;7
16977;46;84;1;land;false;hills;7
16978;62;55;1;land;false;forest;7
16979;143;157;1;land;true;hills;3
16980;101;155;1;land;true;plains;3
16981;163;138;1;land;true;hills;3
16982;110;128;1;land;true;plains;3
16983;36;47;1;land;false;jungle;7
16984;40;94;1;land;false;hills;7
16985;66;25;1;land;false;hills;7
16986;70;71;1;land;false;hills;7
16987;170;186;1;land;true;hills;2
16988;202;205;1;land;true;hills;2
16989;176;163;1;land;true;hills;2
16990;218;206;1;land;true;hills;2
16991;191;165;1;land;true;hills;2
16992;211;168;1;land;true;hills;2
16993;38;30;1;land;true;hills;2
16994;45;57;1;land;true;plains;2
16995;72;38;1;land;true;plains;2
16996;100;28;1;land;true;hills;2
16997;130;169;1;land;true;plains;2
16998;83;165;1;land;true;hills;2
16999;174;204;1;land;true;plains;6
17000;108;156;1;land;true;plains;6
17001;125;133;1;land;true;plains;6
17002;73;130;1;land;true;forest;6
17003;87;106;1;land;true;hills;6
17004;80;103;1;land;true;hills;6
17005;106;108;1;land;false;hills;7
17006;141;49;1;land;false;hills;7
17007;71;74;1;land;false;hills;7
17008;81;42;1;land;false;hills;7
17009;132;92;1;land;false;plains;7
17010;171;205;1;land;true;hills;7
17011;177;221;1;land;true;plains;7
17012;53;63;1;land;true;hills;7
17013;32;85;1;land;true;plains;7
17014;34;56;1;land;true;plains;7
17015;73;105;1;land;true;plains;7
17016;221;5;1;land;true;mountain;7
17017;76;163;1;land;true;plains;5
17018;112;131;1;land;true;plains;5
17019;99;160;1;land;true;hills;5
17020;125;126;1;land;true;hills;5
17021;107;182;1;land;true;hills;5
17022;45;50;1;land;true;hills;2
17023;209;67;1;land;true;hills;2
17024;139;179;1;land;true;mountain;7
17025;163;22;1;land;true;plains;6
17026;114;0;1;land;true;plains;6
17027;18;128;1;land;true;plains;7
17028;13;107;1;land;true;hills;7
17029;32;110;1;land;true;plains;7
17030;15;118;1;land;true;hills;7
17031;186;46;1;land;true;plains;7
17032;83;97;1;land;true;mountain;7
17033;154;162;1;land;true;plains;7
17034;67;243;1;land;true;hills;6
17035;105;208;1;land;true;hills;6
17036;45;250;1;land;true;hills;6
17037;160;95;1;land;true;plains;4
17038;248;35;1;land;true;plains;4
17039;143;239;1;land;true;plains;3
17040;239;99;1;land;true;hills;7
17041;190;126;1;land;true;hills;7
17042;202;77;1;land;true;plains;7
17043;251;138;1;land;true;hills;7
17044;157;182;1;land;true;hills;7
17045;163;165;1;land;true;hills;7
17046;220;38;1;land;false;hills;7
17047;212;51;1;land;false;hills;7
17048;200;186;1;land;true;hills;2
17049;211;166;1;land;true;hills;2
17050;138;188;1;land;true;forest;2
17051;14;12;1;land;true;plains;7
17052;109;95;1;land;true;plains;7
17053;41;159;1;land;true;hills;7
17054;146;35;1;land;true;hills;7
17055;196;4;1;land;true;hills;7
17056;131;114;1;land;true;plains;3
17057;83;175;1;land;true;plains;3
17058;127;176;1;land;true;forest;3
17059;172;32;1;land;true;hills;2
17060;242;76;1;land;true;hills;2
17061;231;100;1;land;true;plains;2
17062;52;226;1;land;true;plains;7
17063;167;143;1;land;true;plains;7
17064;13;135;1;land;true;hills;6
17065;103;218;1;land;true;hills;7
17066;99;252;1;land;true;hills;7
17067;170;110;1;land;true;plains;7
17068;110;101;1;land;true;hills;7
17069;220;164;1;land;false;forest;7
17070;209;129;1;land;true;plains;4
17071;99;38;1;land;true;plains;4
17072;61;231;1;land;true;plains;7
17073;11;232;1;land;true;plains;7
17074;189;58;1;land;true;plains;3
17075;24;239;1;land;true;hills;7
17076;230;123;1;land;true;plains;7
17077;73;232;1;land;false;hills;7
17078;83;80;1;land;true;hills;6
17079;165;183;1;land;true;hills;7
17080;168;76;1;land;true;plains;7
17081;211;159;1;land;true;hills;7
17082;27;47;1;land;true;plains;2
17083;127;193;1;land;true;jungle;7
17084;75;34;1;land;true;hills;2
17085;157;136;1;land;true;plains;2
17086;190;24;1;land;true;plains;2
17087;35;108;1;land;true;plains;7
17088;219;34;1;land;false;hills;7
17089;111;179;1;land;true;hills;7
17090;226;173;1;land;true;hills;7
17091;112;67;1;land;true;hills;7
17092;50;204;1;land;true;plains;7
17093;145;42;1;land;true;hills;7
17094;147;202;1;land;true;forest;4
17095;34;11;1;land;true;hills;7
17096;165;151;1;land;true;plains;6
17097;47;91;1;land;true;plains;7
17098;80;108;1;land;true;hills;7
17099;181;2;1;land;true;plains;3
17100;125;166;1;land;true;plains;7
17101;198;40;1;land;true;plains;7
17102;218;121;1;land;true;hills;6
17103;132;229;1;land;true;plains;4
17104;4;160;1;land;false;hills;7
17105;135;72;1;land;false;hills;7
17106;149;252;1;land;true;jungle;7
17107;33;133;1;land;true;plains;7
17108;136;241;1;land;true;hills;7
17109;66;147;1;land;true;hills;7
17110;183;34;1;land;true;plains;7
17111;198;71;1;land;true;hills;7
17112;78;235;1;land;true;plains;6
17113;226;84;1;land;true;hills;6
17114;89;218;1;land;true;plains;3
17115;94;53;1;land;true;hills;7
17116;192;206;1;land;true;plains;7
17117;168;115;1;land;true;hills;7
17118;124;111;1;land;true;hills;7
17119;32;248;1;land;false;plains;7
17120;38;70;1;land;true;forest;7
17121;143;151;1;land;false;desert;7
17122;102;36;1;land;true;hills;6
17123;169;209;1;land;true;plains;7
17124;122;219;1;land;true;plains;7
17125;234;109;1;land;true;plains;6
17126;123;245;1;land;true;plains;6
17127;253;102;1;land;true;hills;7
17128;13;195;1;land;true;plains;6
17129;126;72;1;land;false;plains;7
17130;49;190;1;land;true;hills;7
17131;143;57;1;land;true;hills;7
17132;164;184;1;land;false;desert;7
17133;33;40;1;land;true;plains;7
17134;193;216;1;land;true;hills;7
17135;50;35;1;land;true;hills;7
17136;70;142;1;land;true;hills;7
17137;179;8;1;land;false;hills;7
17138;165;140;1;land;false;forest;7
17139;18;2;1;land;true;plains;7
17140;208;43;1;land;false;plains;7
17141;80;131;1;land;true;hills;7
17142;7;74;1;land;true;plains;7
17143;143;117;1;land;true;hills;7
17144;130;249;1;land;true;plains;7
17145;253;93;1;land;true;forest;1
17146;176;29;1;land;true;hills;4
17147;30;133;1;land;true;plains;2
17148;63;238;1;land;true;hills;7
17149;179;63;1;land;true;hills;2
17150;114;198;1;land;true;hills;7
17151;204;64;1;land;true;forest;1
17152;238;203;1;land;true;forest;7
17153;74;47;1;land;true;forest;7
17154;2;235;1;land;true;hills;3
17155;125;107;1;land;true;plains;7
17156;105;139;1;land;true;plains;7
17157;18;117;1;land;true;hills;4
17158;183;237;1;land;true;plains;7
17159;81;156;1;land;false;forest;7
17160;234;26;1;land;true;plains;7
17161;214;84;1;land;true;plains;7
17162;80;236;1;land;true;hills;7
17163;16;96;1;land;false;hills;7
17164;130;219;1;land;true;plains;2
17165;147;92;1;land;true;plains;7
17166;244;193;1;land;true;hills;7
17167;143;62;1;land;false;forest;7
17168;41;224;1;land;true;hills;5
17169;60;26;1;land;true;plains;7
17170;123;162;1;land;true;plains;7
17171;91;31;1;land;true;hills;7
17172;202;164;1;land;true;forest;1
17173;108;68;1;land;true;plains;6
17174;231;198;1;land;true;hills;6
17175;123;35;1;land;false;hills;7
17176;205;175;1;land;true;plains;7
17177;2;20;1;land;true;plains;7
17178;131;133;1;land;true;plains;5
17179;46;14;1;land;true;plains;5
17180;124;137;1;land;true;hills;6
17181;154;24;1;land;true;hills;7
17182;32;126;1;land;true;hills;3
17183;189;26;1;land;true;plains;7
17184;46;162;1;land;true;jungle;7
17185;97;194;1;land;true;hills;7
17186;221;121;1;land;true;plains;3
17187;106;230;1;land;true;plains;7
17188;233;101;1;land;true;hills;6
17189;128;133;1;land;true;plains;2
17190;6;13;1;land;true;plains;7
17191;185;171;1;land;true;plains;6
17192;64;69;1;land;true;desert;7
17193;106;164;1;land;false;plains;7
17194;146;5;1;land;true;plains;6
17195;116;139;1;land;true;plains;7
17196;147;65;255;sea;false;ocean;0
17197;140;72;255;sea;false;ocean;0
17198;90;65;255;sea;false;ocean;0
17199;81;137;255;sea;false;ocean;0
17200;138;110;255;sea;true;ocean;0
17201;122;109;255;sea;true;ocean;0
17202;87;66;255;sea;false;ocean;0
17203;90;107;255;sea;false;ocean;0
17204;40;70;255;sea;true;ocean;0
17205;14;63;255;sea;false;ocean;0
17206;37;115;255;sea;false;ocean;0
17207;8;101;255;sea;false;ocean;0
17208;48;123;255;sea;false;ocean;0
17209;20;120;255;sea;false;ocean;0
17210;21;113;255;sea;false;ocean;0
17211;46;96;255;sea;false;ocean;0
17212;21;133;255;sea;false;ocean;0
17213;72;89;255;sea;false;ocean;0
17214;130;73;255;sea;false;ocean;0
17215;145;58;255;sea;false;ocean;0
17216;125;93;255;sea;false;ocean;0
17217;108;55;255;sea;false;ocean;0
17218;95;108;255;sea;false;ocean;0
17219;104;66;255;sea;false;ocean;0
17220;88;57;255;sea;false;ocean;0
17221;130;59;255;sea;false;ocean;0
17222;112;80;255;sea;false;ocean;0
17223;120;62;255;sea;false;ocean;0
17224;66;104;255;sea;false;ocean;0
17225;92;93;255;sea;true;ocean;0
17226;77;109;255;sea;false;ocean;0
17227;134;75;255;sea;false;ocean;0
17228;101;113;255;sea;false;ocean;0
17229;88;116;255;sea;false;ocean;0
17230;89;111;255;sea;false;ocean;0
17231;125;100;255;sea;false;ocean;0
17232;79;63;255;sea;false;ocean;0
17233;44;59;255;sea;true;ocean;0
17234;18;29;255;sea;false;ocean;0
17235;17;0;255;sea;false;ocean;0
17236;57;32;255;sea;false;ocean;0
17237;47;51;255;sea;false;ocean;0
17238;81;35;255;sea;false;ocean;0
17239;30;33;255;sea;false;ocean;0
17240;110;125;255;sea;false;ocean;0
17241;124;162;255;sea;false;ocean;0
17242;144;109;255;sea;false;ocean;0
17243;149;131;255;sea;false;ocean;0
17244;119;166;255;sea;false;ocean;0
17245;147;129;255;sea;false;ocean;0
17246;131;145;255;sea;false;ocean;0
17247;82;103;255;sea;false;ocean;0
17248;122;151;255;sea;false;ocean;0
17249;124;164;255;sea;false;ocean;0
17250;97;155;255;sea;false;ocean;0
17251;113;5;255;sea;false;ocean;0
17252;109;4;255;sea;false;ocean;0
17253;75;38;255;sea;false;ocean;0
17254;86;67;255;sea;false;ocean;0
17255;137;3;255;sea;false;ocean;0
17256;138;63;255;sea;false;ocean;0
17257;134;47;255;sea;false;ocean;0
17258;90;74;255;sea;false;ocean;0
17259;83;109;255;sea;true;ocean;0
17260;23;79;255;sea;true;ocean;0
17261;35;135;255;sea;true;ocean;0
17262;67;79;255;sea;true;ocean;0
17263;73;150;255;sea;true;ocean;0
17264;33;135;255;sea;true;ocean;0
17265;58;84;255;sea;true;ocean;0
17266;84;87;255;sea;true;ocean;0
17267;81;108;255;sea;true;ocean;0
17268;54;77;255;sea;true;ocean;0
17269;15;79;255;sea;true;ocean;0
17270;21;82;255;sea;true;ocean;0
17271;70;145;255;sea;true;ocean;0
17272;130;37;255;sea;false;ocean;0
17273;128;45;255;sea;false;ocean;0
17274;123;36;255;sea;false;ocean;0
17275;77;49;255;sea;false;ocean;0
17276;139;33;255;sea;false;ocean;0
17277;120;15;255;sea;false;ocean;0
17278;77;39;255;sea;false;ocean;0
17279;7;105;255;sea;true;ocean;0
17280;46;49;255;sea;false;ocean;0
17281;58;108;255;sea;false;ocean;0
17282;117;33;255;sea;false;ocean;0
17283;154;23;255;sea;true;ocean;0
17284;151;10;255;sea;false;ocean;0
17285;153;63;255;sea;false;ocean;0
17286;131;55;255;sea;true;ocean;0
17287;152;61;255;sea;true;ocean;0
17288;126;58;255;sea;false;ocean;0
17289;132;148;255;sea;false;ocean;0
17290;93;96;255;sea;false;ocean;0
17291;113;79;255;sea;false;ocean;0
17292;143;99;255;sea;false;ocean;0
17293;148;103;255;sea;false;ocean;0
17294;84;130;255;sea;false;ocean;0
17295;113;82;255;sea;true;ocean;0
17296;139;81;255;sea;false;ocean;0
17297;132;138;255;sea;false;ocean;0
17298;110;104;255;sea;false;ocean;0
17299;140;75;255;sea;false;ocean;0
17300;83;127;255;sea;true;ocean;0
17301;4;21;255;sea;true;ocean;0
17302;45;19;255;sea;false;ocean;0
17303;44;47;255;sea;true;ocean;0
17304;7;48;255;sea;true;ocean;0
17305;52;1;255;sea;true;ocean;0
17306;48;26;255;sea;true;ocean;0
17307;22;136;255;sea;false;ocean;0
17308;77;153;255;sea;false;ocean;0
17309;72;148;255;sea;false;ocean;0
17310;49;92;255;sea;false;ocean;0
17311;72;113;255;sea;false;ocean;0
17312;17;113;255;sea;false;ocean;0
17313;71;88;255;sea;false;ocean;0
17314;68;136;255;sea;false;ocean;0
17315;76;110;255;sea;false;ocean;0
17316;71;163;255;sea;false;ocean;0
17317;53;161;255;sea;false;ocean;0
17318;30;140;255;sea;false;ocean;0
17319;30;146;255;sea;false;ocean;0
17320;61;127;255;sea;false;ocean;0
17321;19;124;255;sea;false;ocean;0
17322;72;84;255;sea;false;ocean;0
17323;119;70;255;sea;false;ocean;0
17324;150;47;255;sea;false;ocean;0
17325;144;89;255;sea;false;ocean;0
17326;106;54;255;sea;false;ocean;0
17327;106;70;255;sea;false;ocean;0
17328;99;76;255;sea;false;ocean;0
17329;135;72;255;sea;false;ocean;0
17330;146;108;255;sea;false;ocean;0
17331;153;70;255;sea;false;ocean;0
17332;138;87;255;sea;false;ocean;0
17333;98;116;255;sea;false;ocean;0
17334;153;39;255;sea;false;ocean;0
17335;158;55;255;sea;false;ocean;0
17336;109;95;255;sea;false;ocean;0
17337;129;23;255;sea;false;ocean;0
17338;90;54;255;sea;false;ocean;0
17339;162;44;255;sea;false;ocean;0
17340;134;22;255;sea;false;ocean;0
17341;91;31;255;sea;false;ocean;0
17342;84;37;255;sea;false;ocean;0
17343;102;44;255;sea;false;ocean;0
17344;108;0;255;sea;false;ocean;0
17345;146;55;255;sea;false;ocean;0
17346;133;42;255;sea;false;ocean;0
17347;39;87;255;sea;false;ocean;0
17348;92;53;255;sea;false;ocean;0
17349;61;116;255;sea;false;ocean;0
17350;42;43;255;sea;false;ocean;0
17351;29;111;255;sea;false;ocean;0
17352;84;97;255;sea;true;ocean;0
17353;58;98;255;sea;true;ocean;0
17354;74;110;255;sea;false;ocean;0
17355;38;79;255;sea;false;ocean;0
17356;38;89;255;sea;false;ocean;0
17357;108;48;255;sea;false;ocean;0
17358;47;100;255;sea;false;ocean;0
17359;49;113;255;sea;false;ocean;0
17360;72;107;255;sea;false;ocean;0
17361;40;62;255;sea;true;ocean;0
17362;51;31;255;sea;false;ocean;0
17363;60;65;255;sea;true;ocean;0
17364;88;64;255;sea;false;ocean;0
17365;81;0;255;sea;false;ocean;0
17366;43;57;255;sea;false;ocean;0
17367;54;2;255;sea;false;ocean;0
17368;82;35;255;sea;false;ocean;0
17369;105;55;255;sea;false;ocean;0
17370;40;4;255;sea;false;ocean;0
17371;49;32;255;sea;false;ocean;0
17372;101;16;255;sea;false;ocean;0
17373;88;26;255;sea;false;ocean;0
17374;32;2;255;sea;false;ocean;0
17375;96;21;255;sea;false;ocean;0
17376;103;35;255;sea;false;ocean;0
17377;71;49;255;sea;false;ocean;0
17378;81;27;255;sea;false;ocean;0
17379;113;109;255;sea;false;ocean;0
17380;123;121;255;sea;false;ocean;0
17381;118;98;255;sea;false;ocean;0
17382;142;100;255;sea;false;ocean;0
17383;85;98;255;sea;false;ocean;0
17384;129;124;255;sea;false;ocean;0
17385;88;71;255;sea;false;ocean;0
17386;39;37;255;sea;true;ocean;0
17387;103;58;255;sea;true;ocean;0
17388;42;55;255;sea;true;ocean;0
17389;49;61;255;sea;true;ocean;0
17390;41;53;255;sea;true;ocean;0
17391;3;89;255;sea;false;ocean;0
17392;19;109;255;sea;true;ocean;0
17393;0;83;255;sea;true;ocean;0
17394;17;50;255;sea;false;ocean;0
17395;22;35;255;sea;false;ocean;0
17396;47;23;255;sea;false;ocean;0
17397;75;11;255;sea;false;ocean;0
17398;52;8;255;sea;true;ocean;0
17399;101;10;255;sea;false;ocean;0
17400;124;53;255;sea;false;ocean;0
17401;139;45;255;sea;false;ocean;0
17402;125;6;255;sea;false;ocean;0
17403;151;8;255;sea;true;ocean;0
17404;117;17;255;sea;true;ocean;0
17405;155;2;255;sea;true;ocean;0
17406;111;4;255;sea;true;ocean;0
17407;134;26;255;sea;false;ocean;0
17408;68;64;255;sea;false;ocean;0
17409;79;56;255;sea;true;ocean;0
17410;69;57;255;sea;true;ocean;0
17411;92;72;255;sea;true;ocean;0
17412;61;11;255;sea;true;ocean;0
17413;54;71;255;sea;false;ocean;0
17414;99;25;255;sea;true;ocean;0
17415;14;105;255;sea;true;ocean;0
17416;33;100;255;sea;false;ocean;0
17417;51;104;255;sea;false;ocean;0
17418;52;75;255;sea;true;ocean;0
17419;5;108;255;sea;false;ocean;0
17420;42;90;255;sea;true;ocean;0
17421;17;55;255;sea;false;ocean;0
17422;9;82;255;sea;false;ocean;0
17423;45;84;255;sea;true;ocean;0
17424;25;60;255;sea;true;ocean;0
17425;44;82;255;sea;true;ocean;0
17426;7;55;255;sea;true;ocean;0
17427;37;18;255;sea;false;ocean;0
17428;20;50;255;sea;false;ocean;0
17429;50;39;255;sea;true;ocean;0
17430;11;10;255;sea;false;ocean;0
17431;53;56;255;sea;false;ocean;0
17432;42;52;255;sea;true;ocean;0
17433;32;27;255;sea;false;ocean;0
17434;45;58;255;sea;true;ocean;0
17435;8;23;255;sea;false;ocean;0
17436;121;90;255;sea;true;ocean;0
17437;66;96;255;sea;true;ocean;0
17438;49;107;255;sea;false;ocean;0
17439;80;152;255;sea;true;ocean;0
17440;83;144;255;sea;true;ocean;0
17441;95;117;255;sea;true;ocean;0
17442;67;83;255;sea;true;ocean;0
17443;86;128;255;sea;true;ocean;0
17444;33;64;255;sea;false;ocean;0
17445;12;49;255;sea;false;ocean;0
17446;35;58;255;sea;false;ocean;0
17447;10;96;255;sea;false;ocean;0
17448;8;69;255;sea;false;ocean;0
17449;23;94;255;sea;false;ocean;0
17450;28;114;255;sea;false;ocean;0
17451;31;116;255;sea;false;ocean;0
17452;38;64;255;sea;false;ocean;0
17453;35;103;255;sea;false;ocean;0
17454;78;111;255;sea;false;ocean;0
17455;90;82;255;sea;false;ocean;0
17456;95;152;255;sea;false;ocean;0
17457;71;104;255;sea;false;ocean;0
17458;90;119;255;sea;false;ocean;0
17459;118;97;255;sea;false;ocean;0
17460;67;104;255;sea;true;ocean;0
17461;42;100;255;sea;false;ocean;0
17462;10;109;255;sea;false;ocean;0
17463;13;57;255;sea;false;ocean;0
17464;20;56;255;sea;false;ocean;0
17465;26;69;255;sea;false;ocean;0
17466;48;85;255;sea;false;ocean;0
17467;35;73;255;sea;false;ocean;0
17468;5;120;255;sea;false;ocean;0
17469;19;51;255;sea;false;ocean;0
17470;10;79;255;sea;false;ocean;0
17471;43;92;255;sea;false;ocean;0
17472;31;53;255;sea;false;ocean;0
17473;24;88;255;sea;false;ocean;0
17474;9;92;255;sea;false;ocean;0
17475;49;17;255;sea;false;ocean;0
17476;36;40;255;sea;false;ocean;0
17477;51;82;255;sea;false;ocean;0
17478;21;54;255;sea;false;ocean;0
17479;45;31;255;sea;false;ocean;0
17480;10;60;255;sea;false;ocean;0
17481;10;46;255;sea;false;ocean;0
17482;14;76;255;sea;false;ocean;0
17483;50;67;255;sea;false;ocean;0
17484;62;57;255;sea;true;ocean;0
17485;94;56;255;sea;true;ocean;0
17486;86;61;255;sea;false;ocean;0
17487;85;71;255;sea;false;ocean;0
17488;101;53;255;sea;false;ocean;0
17489;107;48;255;sea;false;ocean;0
17490;106;47;255;sea;false;ocean;0
17491;120;77;255;sea;false;ocean;0
17492;90;73;255;sea;false;ocean;0
17493;90;79;255;sea;false;ocean;0
17494;97;101;255;sea;false;ocean;0
17495;97;54;255;sea;false;ocean;0
17496;75;93;255;sea;false;ocean;0
17497;80;110;255;sea;false;ocean;0
17498;113;114;255;sea;false;ocean;0
17499;129;118;255;sea;false;ocean;0
17500;72;114;255;sea;false;ocean;0
17501;63;32;255;sea;false;ocean;0
17502;44;25;255;sea;false;ocean;0
17503;57;17;255;sea;false;ocean;0
17504;72;14;255;sea;true;ocean;0
17505;90;42;255;sea;true;ocean;0
17506;82;31;255;sea;true;ocean;0
17507;61;29;255;sea;false;ocean;0
17508;73;9;255;sea;false;ocean;0
17509;100;27;255;sea;false;ocean;0
17510;15;126;255;sea;false;ocean;0
17511;33;130;255;sea;false;ocean;0
17512;47;73;255;sea;false;ocean;0
17513;31;134;255;sea;false;ocean;0
17514;35;84;255;sea;false;ocean;0
17515;83;96;255;sea;false;ocean;0
17516;72;135;255;sea;false;ocean;0
17517;49;70;255;sea;false;ocean;0
17518;4;107;255;sea;false;ocean;0
17519;24;57;255;sea;false;ocean;0
17520;27;58;255;sea;false;ocean;0
17521;29;44;255;sea;true;ocean;0
17522;24;103;255;sea;false;ocean;0
17523;10;107;255;sea;false;ocean;0
17524;25;64;255;sea;false;ocean;0
17525;5;43;255;sea;false;ocean;0
17526;71;45;255;sea;false;ocean;0
17527;13;102;255;sea;false;ocean;0
17528;62;54;255;sea;false;ocean;0
17529;37;74;255;sea;false;ocean;0
17530;35;122;255;sea;false;ocean;0
17531;33;43;255;sea;false;ocean;0
17532;15;71;255;sea;false;ocean;0
17533;91;8;255;sea;true;ocean;0
17534;130;34;255;sea;true;ocean;0
17535;105;0;255;sea;true;ocean;0
17536;90;43;255;sea;true;ocean;0
17537;53;2;255;sea;true;ocean;0
17538;117;32;255;sea;true;ocean;0
17539;125;24;255;sea;false;ocean;0
17540;119;7;255;sea;false;ocean;0
17541;87;3;255;sea;false;ocean;0
17542;111;22;255;sea;false;ocean;0
17543;97;4;255;sea;false;ocean;0
17544;67;5;255;sea;false;ocean;0
17545;73;7;255;sea;false;ocean;0
17546;101;44;255;sea;false;ocean;0
17547;108;31;255;sea;false;ocean;0
17548;11;77;255;sea;false;ocean;0
17549;54;10;255;sea;false;ocean;0
17550;57;67;255;sea;false;ocean;0
17551;7;86;255;sea;false;ocean;0
17552;78;59;255;sea;false;ocean;0
17553;18;15;255;sea;false;ocean;0
17554;23;26;255;sea;false;ocean;0
17555;114;118;255;sea;false;ocean;0
17556;86;104;255;sea;false;ocean;0
17557;73;127;255;sea;false;ocean;0
17558;103;89;255;sea;false;ocean;0
17559;45;29;255;sea;false;ocean;0
17560;56;42;255;sea;true;ocean;0
17561;93;99;255;sea;true;ocean;0
17562;24;43;255;sea;true;ocean;0
17563;89;103;255;sea;true;ocean;0
17564;57;48;255;sea;true;ocean;0
17565;70;43;255;sea;true;ocean;0
17566;95;82;255;sea;true;ocean;0
17567;67;35;255;sea;true;ocean;0
17568;61;8;255;sea;true;ocean;0
17569;56;55;255;sea;false;ocean;0
17570;14;8;255;sea;false;ocean;0
17571;25;38;255;sea;true;ocean;0
17572;9;23;255;sea;false;ocean;0
17573;52;42;255;sea;true;ocean;0
17574;57;6;255;sea;true;ocean;0
17575;59;17;255;sea;true;ocean;0
17576;63;15;255;sea;true;ocean;0
17577;143;28;255;sea;false;ocean;0
17578;84;40;255;sea;true;ocean;0
17579;100;23;255;sea;true;ocean;0
17580;70;14;255;sea;true;ocean;0
17581;85;23;255;sea;true;ocean;0
17582;130;17;255;sea;false;ocean;0
17583;124;24;255;sea;true;ocean;0
17584;96;22;255;sea;true;ocean;0
17585;147;60;255;sea;false;ocean;0
17586;148;47;255;sea;true;ocean;0
17587;154;61;255;sea;false;ocean;0
17588;96;55;255;sea;false;ocean;0
17589;149;35;255;sea;false;ocean;0
17590;83;27;255;sea;true;ocean;0
17591;148;49;255;sea;true;ocean;0
17592;106;39;255;sea;false;ocean;0
17593;91;90;255;sea;false;ocean;0
17594;54;79;255;sea;true;ocean;0
17595;35;145;255;sea;true;ocean;0
17596;10;142;255;sea;true;ocean;0
17597;27;86;255;sea;true;ocean;0
17598;38;84;255;sea;true;ocean;0
17599;51;68;255;sea;false;ocean;0
17600;28;101;255;sea;true;ocean;0
17601;40;84;255;sea;true;ocean;0
17602;59;164;255;sea;false;ocean;0
17603;52;138;255;sea;false;ocean;0
17604;93;115;255;sea;false;ocean;0
17605;63;90;255;sea;true;ocean;0
17606;72;95;255;sea;false;ocean;0
17607;40;69;255;sea;true;ocean;0
17608;42;31;255;sea;true;ocean;0
17609;39;84;255;sea;false;ocean;0
17610;66;70;255;sea;false;ocean;0
17611;63;62;255;sea;true;ocean;0
17612;39;51;255;sea;false;ocean;0
17613;37;39;255;sea;true;ocean;0
17614;89;35;255;sea;true;ocean;0
17615;51;37;255;sea;false;ocean;0
17616;103;38;255;sea;true;ocean;0
17617;81;30;255;sea;false;ocean;0
17618;72;20;255;sea;true;ocean;0
17619;100;41;255;sea;true;ocean;0
17620;83;13;255;sea;true;ocean;0
17621;53;41;255;sea;true;ocean;0
17622;71;94;255;sea;true;ocean;0
17623;66;76;255;sea;true;ocean;0
17624;29;82;255;sea;true;ocean;0
17625;41;75;255;sea;true;ocean;0
17626;39;83;255;sea;true;ocean;0
17627;28;106;255;sea;true;ocean;0
17628;22;71;255;sea;true;ocean;0
17629;37;98;255;sea;false;ocean;0
17630;65;38;255;sea;true;ocean;0
17631;48;99;255;sea;false;ocean;0
17632;41;67;255;sea;false;ocean;0
17633;94;36;255;sea;false;ocean;0
17634;47;75;255;sea;true;ocean;0
17635;52;63;255;sea;false;ocean;0
17636;75;107;255;sea;false;ocean;0
17637;37;103;255;sea;false;ocean;0
17638;22;61;255;sea;true;ocean;0
17639;62;107;255;sea;false;ocean;0
17640;88;81;255;sea;true;ocean;0
17641;35;114;255;sea;false;ocean;0
17642;56;45;255;sea;false;ocean;0
17643;42;56;255;sea;true;ocean;0
17644;33;54;255;sea;false;ocean;0
17645;47;27;255;sea;true;ocean;0
17646;77;20;255;sea;false;ocean;0
17647;91;53;255;sea;false;ocean;0
17648;20;40;255;sea;false;ocean;0
17649;54;136;255;sea;false;ocean;0
17650;36;91;255;sea;false;ocean;0
17651;3;117;255;sea;false;ocean;0
17652;46;83;255;sea;false;ocean;0
17653;48;94;255;sea;true;ocean;0
17654;14;153;255;sea;false;ocean;0
17655;32;125;255;sea;true;ocean;0
17656;48;101;255;sea;false;ocean;0
17657;87;62;255;sea;false;ocean;0
17658;143;70;255;sea;false;ocean;0
17659;74;73;255;sea;false;ocean;0
17660;126;37;255;sea;false;ocean;0
17661;139;72;255;sea;false;ocean;0
17662;110;78;255;sea;true;ocean;0
17663;116;38;255;sea;false;ocean;0
17664;75;88;255;sea;false;ocean;0
17665;99;51;255;sea;false;ocean;0
17666;2;9;255;sea;true;ocean;0
17667;19;5;255;sea;true;ocean;0
17668;18;30;255;sea;true;ocean;0
17669;75;40;255;sea;false;ocean;0
17670;16;2;255;sea;true;ocean;0
17671;133;19;255;sea;false;ocean;0
17672;96;6;255;sea;false;ocean;0
17673;153;41;255;sea;false;ocean;0
17674;90;49;255;sea;false;ocean;0
17675;154;17;255;sea;false;ocean;0
17676;101;60;255;sea;false;ocean;0
17677;110;16;255;sea;false;ocean;0
17678;81;59;255;sea;false;ocean;0
17679;108;13;255;sea;false;ocean;0
17680;120;28;255;sea;false;ocean;0
17681;91;6;255;sea;false;ocean;0
17682;119;57;255;sea;false;ocean;0
17683;99;56;255;sea;false;ocean;0
17684;89;12;255;sea;false;ocean;0
17685;113;30;255;sea;false;ocean;0
17686;137;23;255;sea;false;ocean;0
17687;115;59;255;sea;false;ocean;0
17688;34;112;255;sea;false;ocean;0
17689;27;52;255;sea;true;ocean;0
17690;19;112;255;sea;true;ocean;0
17691;9;67;255;sea;false;ocean;0
17692;5;63;255;sea;true;ocean;0
17693;40;102;255;sea;true;ocean;0
17694;109;103;255;sea;false;ocean;0
17695;115;89;255;sea;false;ocean;0
17696;98;77;255;sea;false;ocean;0
17697;120;76;255;sea;false;ocean;0
17698;97;103;255;sea;false;ocean;0
17699;95;97;255;sea;false;ocean;0
17700;91;120;255;sea;false;ocean;0
17701;153;111;255;sea;false;ocean;0
17702;78;99;255;sea;false;ocean;0
17703;137;61;255;sea;false;ocean;0
17704;108;98;255;sea;false;ocean;0
17705;126;101;255;sea;false;ocean;0
17706;123;96;255;sea;false;ocean;0
17707;144;41;255;sea;false;ocean;0
17708;100;71;255;sea;true;ocean;0
17709;153;55;255;sea;true;ocean;0
17710;96;67;255;sea;true;ocean;0
17711;145;93;255;sea;false;ocean;0
17712;106;43;255;sea;false;ocean;0
17713;155;40;255;sea;false;ocean;0
17714;101;72;255;sea;true;ocean;0
17715;108;28;255;sea;false;ocean;0
17716;40;34;255;sea;false;ocean;0
17717;42;23;255;sea;false;ocean;0
17718;56;24;255;sea;false;ocean;0
17719;43;31;255;sea;false;ocean;0
17720;95;35;255;sea;false;ocean;0
17721;92;26;255;sea;false;ocean;0
17722;80;28;255;sea;false;ocean;0
17723;100;35;255;sea;false;ocean;0
17724;47;30;255;sea;false;ocean;0
17725;90;92;255;sea;true;ocean;0
17726;55;108;255;sea;true;ocean;0
17727;93;100;255;sea;true;ocean;0
17728;29;66;255;sea;false;ocean;0
17729;68;112;255;sea;true;ocean;0
17730;68;104;255;sea;false;ocean;0
17731;82;60;255;sea;false;ocean;0
17732;65;130;255;sea;true;ocean;0
17733;47;101;255;sea;true;ocean;0
17734;66;130;255;sea;false;ocean;0
17735;69;100;255;sea;false;ocean;0
17736;33;83;255;sea;false;ocean;0
17737;29;31;255;sea;true;ocean;0
17738;74;86;255;sea;false;ocean;0
17739;76;94;255;sea;true;ocean;0
17740;100;46;255;sea;false;ocean;0
17741;31;85;255;sea;true;ocean;0
17742;36;80;255;sea;false;ocean;0
17743;48;54;255;sea;true;ocean;0
17744;82;75;255;sea;true;ocean;0
17745;84;44;255;sea;true;ocean;0
17746;101;14;255;sea;false;ocean;0
17747;103;77;255;sea;true;ocean;0
17748;100;15;255;sea;true;ocean;0
17749;93;52;255;sea;true;ocean;0
17750;86;16;255;sea;false;ocean;0
17751;141;26;255;sea;false;ocean;0
17752;96;38;255;sea;false;ocean;0
17753;94;24;255;sea;false;ocean;0
17754;104;7;255;sea;false;ocean;0
17755;120;41;255;sea;false;ocean;0
17756;141;30;255;sea;false;ocean;0
17757;137;4;255;sea;false;ocean;0
17758;94;12;255;sea;false;ocean;0
17759;115;34;255;sea;false;ocean;0
17760;4;74;255;sea;false;ocean;0
17761;53;135;255;sea;false;ocean;0
17762;27;91;255;sea;false;ocean;0
17763;39;117;255;sea;false;ocean;0
17764;0;129;255;sea;false;ocean;0
17765;43;141;255;sea;false;ocean;0
17766;24;86;255;sea;false;ocean;0
17767;12;95;255;sea;false;ocean;0
17768;38;63;255;sea;false;ocean;0
17769;20;116;255;sea;false;ocean;0
17770;48;96;255;sea;false;ocean;0
17771;33;16;255;sea;true;ocean;0
17772;9;72;255;sea;true;ocean;0
17773;23;71;255;sea;true;ocean;0
17774;74;66;255;sea;true;ocean;0
17775;58;79;255;sea;false;ocean;0
17776;39;39;255;sea;true;ocean;0
17777;7;5;255;sea;true;ocean;0
17778;58;76;255;sea;false;ocean;0
17779;62;63;255;sea;true;ocean;0
17780;1;0;255;sea;false;ocean;0
17781;32;15;255;sea;true;ocean;0
17782;54;7;255;sea;true;ocean;0
17783;68;28;255;sea;true;ocean;0
17784;16;45;255;sea;true;ocean;0
17785;18;44;255;sea;false;ocean;0
17786;28;42;255;sea;true;ocean;0
17787;50;13;255;sea;true;ocean;0
17788;33;125;255;sea;false;ocean;0
17789;19;113;255;sea;true;ocean;0
17790;65;135;255;sea;true;ocean;0
17791;74;90;255;sea;false;ocean;0
17792;40;118;255;sea;false;ocean;0
17793;71;118;255;sea;true;ocean;0
17794;56;104;255;sea;true;ocean;0
17795;72;97;255;sea;true;ocean;0
17796;156;31;255;sea;true;ocean;0
17797;102;83;255;sea;true;ocean;0
17798;89;66;255;sea;true;ocean;0
17799;113;61;255;sea;false;ocean;0
17800;86;52;255;sea;false;ocean;0
17801;133;110;255;sea;false;ocean;0
17802;97;67;255;sea;false;ocean;0
17803;111;102;255;sea;false;ocean;0
17804;115;46;255;sea;false;ocean;0
17805;133;60;255;sea;false;ocean;0
17806;62;35;255;sea;false;ocean;0
17807;128;13;255;sea;true;ocean;0
17808;88;49;255;sea;false;ocean;0
17809;133;0;255;sea;true;ocean;0
17810;73;58;255;sea;false;ocean;0
17811;81;15;255;sea;false;ocean;0
17812;89;2;255;sea;false;ocean;0
17813;74;27;255;sea;false;ocean;0
17814;64;57;255;sea;false;ocean;0
17815;113;24;255;sea;false;ocean;0
17816;96;27;255;sea;false;ocean;0
17817;135;24;255;sea;true;ocean;0
17818;109;30;255;sea;false;ocean;0
17819;62;49;255;sea;false;ocean;0
17820;121;121;255;sea;false;ocean;0
17821;101;85;255;sea;true;ocean;0
17822;77;130;255;sea;false;ocean;0
17823;94;92;255;sea;true;ocean;0
17824;104;135;255;sea;true;ocean;0
17825;122;100;255;sea;true;ocean;0
17826;42;74;255;sea;false;ocean;0
17827;45;61;255;sea;false;ocean;0
17828;33;34;255;sea;false;ocean;0
17829;30;72;255;sea;false;ocean;0
17830;36;28;255;sea;false;ocean;0
17831;44;19;255;sea;false;ocean;0
17832;51;43;255;sea;false;ocean;0
17833;48;20;255;sea;false;ocean;0
17834;90;11;255;sea;true;ocean;0
17835;89;26;255;sea;true;ocean;0
17836;59;43;255;sea;true;ocean;0
17837;38;28;255;sea;false;ocean;0
17838;65;20;255;sea;false;ocean;0
17839;45;0;255;sea;false;ocean;0
17840;68;6;255;sea;false;ocean;0
17841;13;30;255;sea;false;ocean;0
17842;38;13;255;sea;true;ocean;0
17843;69;5;255;sea;false;ocean;0
17844;9;37;255;sea;false;ocean;0
17845;72;33;255;sea;false;ocean;0
17846;88;61;255;sea;false;ocean;0
17847;22;54;255;sea;false;ocean;0
17848;74;48;255;sea;false;ocean;0
17849;68;75;255;sea;false;ocean;0
17850;18;51;255;sea;false;ocean;0
17851;55;64;255;sea;false;ocean;0
17852;60;58;255;sea;false;ocean;0
17853;85;79;255;sea;false;ocean;0
17854;13;48;255;sea;false;ocean;0
17855;115;56;255;sea;false;ocean;0
17856;104;2;255;sea;false;ocean;0
17857;141;72;255;sea;false;ocean;0
17858;123;70;255;sea;false;ocean;0
17859;98;10;255;sea;false;ocean;0
17860;145;66;255;sea;false;ocean;0
17861;106;28;255;sea;false;ocean;0
17862;76;34;255;sea;false;ocean;0
17863;93;82;255;sea;false;ocean;0
17864;114;132;255;sea;false;ocean;0
17865;86;101;255;sea;false;ocean;0
17866;153;97;255;sea;false;ocean;0
17867;106;101;255;sea;false;ocean;0
17868;75;118;255;sea;true;ocean;0
17869;78;84;255;sea;false;ocean;0
17870;125;127;255;sea;false;ocean;0
17871;72;6;255;sea;false;ocean;0
17872;21;11;255;sea;false;ocean;0
17873;42;20;255;sea;false;ocean;0
17874;54;25;255;sea;false;ocean;0
17875;65;18;255;sea;false;ocean;0
17876;31;50;255;sea;false;ocean;0
17877;33;25;255;sea;false;ocean;0
17878;21;29;255;sea;false;ocean;0
17879;55;30;255;sea;false;ocean;0
17880;60;47;255;sea;true;ocean;0
17881;30;10;255;sea;true;ocean;0
17882;64;20;255;sea;false;ocean;0
17883;62;48;255;sea;true;ocean;0
17884;38;33;255;sea;false;ocean;0
17885;47;29;255;sea;false;ocean;0
17886;157;87;255;sea;false;ocean;0
17887;112;103;255;sea;false;ocean;0
17888;96;83;255;sea;false;ocean;0
17889;117;100;255;sea;false;ocean;0
17890;104;48;255;sea;false;ocean;0
17891;116;111;255;sea;false;ocean;0
17892;90;50;255;sea;false;ocean;0
17893;90;86;255;sea;false;ocean;0
17894;109;23;255;sea;true;ocean;0
17895;118;12;255;sea;false;ocean;0
17896;93;26;255;sea;true;ocean;0
17897;36;27;255;sea;true;ocean;0
17898;28;61;255;sea;true;ocean;0
17899;48;58;255;sea;false;ocean;0
17900;96;86;255;sea;true;ocean;0
17901;51;57;255;sea;false;ocean;0
17902;107;50;255;sea;false;ocean;0
17903;98;34;255;sea;false;ocean;0
17904;73;44;255;sea;false;ocean;0
17905;44;9;255;sea;false;ocean;0
17906;114;3;255;sea;false;ocean;0
17907;115;38;255;sea;false;ocean;0
17908;64;45;255;sea;false;ocean;0
17909;94;4;255;sea;false;ocean;0
17910;54;26;255;sea;false;ocean;0
17911;27;102;255;sea;false;ocean;0
17912;22;102;255;sea;false;ocean;0
17913;38;114;255;sea;true;ocean;0
17914;14;77;255;sea;false;ocean;0
17915;25;85;255;sea;false;ocean;0
17916;64;25;255;sea;true;ocean;0
17917;62;85;255;sea;false;ocean;0
17918;59;12;255;sea;true;ocean;0
17919;50;83;255;sea;true;ocean;0
17920;28;74;255;sea;false;ocean;0
17921;4;102;255;sea;false;ocean;0
17922;19;143;255;sea;false;ocean;0
17923;30;94;255;sea;false;ocean;0
17924;18;76;255;sea;false;ocean;0
17925;11;142;255;sea;false;ocean;0
17926;27;108;255;sea;false;ocean;0
17927;18;134;255;sea;false;ocean;0
17928;8;104;255;sea;false;ocean;0
17929;31;124;255;sea;false;ocean;0
17930;10;76;255;sea;false;ocean;0
17931;17;97;255;sea;false;ocean;0
17932;14;65;255;sea;false;ocean;0
17933;9;116;255;sea;false;ocean;0
17934;63;71;255;sea;false;ocean;0
17935;10;118;255;sea;false;ocean;0
17936;3;77;255;sea;false;ocean;0
17937;102;80;255;sea;false;ocean;0
17938;157;113;255;sea;false;ocean;0
17939;86;84;255;sea;false;ocean;0
17940;95;42;255;sea;false;ocean;0
17941;125;90;255;sea;true;ocean;0
17942;107;100;255;sea;true;ocean;0
17943;134;38;255;sea;true;ocean;0
17944;9;63;255;sea;false;ocean;0
17945;50;69;255;sea;false;ocean;0
17946;4;39;255;sea;false;ocean;0
17947;3;87;255;sea;false;ocean;0
17948;25;87;255;sea;false;ocean;0
17949;7;42;255;sea;false;ocean;0
17950;86;26;255;sea;false;ocean;0
17951;46;51;255;sea;false;ocean;0
17952;53;4;255;sea;false;ocean;0
17953;48;32;255;sea;false;ocean;0
17954;51;12;255;sea;false;ocean;0
17955;68;4;255;sea;false;ocean;0
17956;82;14;255;sea;false;ocean;0
17957;37;58;255;sea;false;ocean;0
17958;38;16;255;sea;false;ocean;0
17959;71;35;255;sea;false;ocean;0
17960;85;59;255;sea;false;ocean;0
17961;101;84;255;sea;false;ocean;0
17962;46;97;255;sea;false;ocean;0
17963;92;62;255;sea;false;ocean;0
17964;57;58;255;sea;false;ocean;0
17965;36;65;255;sea;false;ocean;0
17966;24;55;255;sea;true;ocean;0
17967;70;24;255;sea;false;ocean;0
17968;35;85;255;sea;true;ocean;0
17969;48;74;255;sea;false;ocean;0
17970;67;119;255;sea;true;ocean;0
17971;50;94;255;sea;false;ocean;0
17972;97;88;255;sea;true;ocean;0
17973;8;123;255;sea;true;ocean;0
17974;47;83;255;sea;true;ocean;0
17975;20;98;255;sea;false;ocean;0
17976;3;64;255;sea;true;ocean;0
17977;46;111;255;sea;true;ocean;0
17978;7;123;255;sea;false;ocean;0
17979;53;118;255;sea;false;ocean;0
17980;4;153;255;sea;false;ocean;0
17981;59;137;255;sea;false;ocean;0
17982;58;156;255;sea;false;ocean;0
17983;41;89;255;sea;false;ocean;0
17984;41;92;255;sea;true;ocean;0
17985;65;109;255;sea;false;ocean;0
17986;40;97;255;sea;false;ocean;0
17987;8;128;255;sea;false;ocean;0
17988;40;101;255;sea;false;ocean;0
17989;31;121;255;sea;true;ocean;0
17990;35;138;255;sea;true;ocean;0
17991;76;12;255;sea;false;ocean;0
17992;124;87;255;sea;false;ocean;0
17993;63;64;255;sea;false;ocean;0
17994;116;15;255;sea;false;ocean;0
17995;125;59;255;sea;false;ocean;0
17996;58;47;255;sea;false;ocean;0
17997;99;69;255;sea;false;ocean;0
17998;45;12;255;sea;false;ocean;0
17999;43;39;255;sea;false;ocean;0
18000;24;1;255;sea;false;ocean;0
18001;39;8;255;sea;false;ocean;0
18002;49;0;255;sea;false;ocean;0
18003;34;8;255;sea;false;ocean;0
18004;8;18;255;sea;false;ocean;0
18005;14;45;255;sea;false;ocean;0
18006;2;27;255;sea;false;ocean;0
18007;4;60;255;sea;false;ocean;0
18008;24;29;255;sea;false;ocean;0
18009;6;22;255;sea;false;ocean;0
18010;36;29;255;sea;false;ocean;0
18011;19;32;255;sea;false;ocean;0
18012;34;25;255;sea;false;ocean;0
18013;2;5;255;sea;false;ocean;0
18014;3;39;255;sea;false;ocean;0
18015;11;13;255;sea;false;ocean;0
18016;25;30;255;sea;false;ocean;0
18017;16;44;255;sea;false;ocean;0
18018;89;78;255;sea;false;ocean;0
18019;80;76;255;sea;false;ocean;0
18020;65;75;255;sea;false;ocean;0
18021;63;79;255;sea;false;ocean;0
18022;59;98;255;sea;false;ocean;0
18023;116;132;255;sea;false;ocean;0
18024;61;87;255;sea;false;ocean;0
18025;77;141;255;sea;false;ocean;0
18026;128;134;255;sea;false;ocean;0
18027;68;78;255;sea;false;ocean;0
18028;15;11;255;sea;false;ocean;0
18029;64;83;255;sea;false;ocean;0
18030;59;42;255;sea;true;ocean;0
18031;128;40;255;sea;false;ocean;0
18032;104;39;255;sea;false;ocean;0
18033;82;45;255;sea;false;ocean;0
18034;62;64;255;sea;true;ocean;0
18035;43;72;255;sea;true;ocean;0
18036;82;65;255;sea;true;ocean;0
18037;54;16;255;sea;false;ocean;0
18038;43;14;255;sea;false;ocean;0
18039;10;19;255;sea;false;ocean;0
18040;19;41;255;sea;false;ocean;0
18041;1;51;255;sea;false;ocean;0
18042;159;69;255;sea;false;ocean;0
18043;165;48;255;sea;true;ocean;0
18044;88;108;255;sea;false;ocean;0
18045;90;109;255;sea;false;ocean;0
18046;105;73;255;sea;false;ocean;0
18047;138;78;255;sea;false;ocean;0
18048;133;78;255;sea;false;ocean;0
18049;106;78;255;sea;false;ocean;0
18050;143;71;255;sea;false;ocean;0
18051;139;59;255;sea;true;ocean;0
18052;164;42;255;sea;false;ocean;0
18053;21;144;255;sea;false;ocean;0
18054;38;99;255;sea;false;ocean;0
18055;23;165;255;sea;false;ocean;0
18056;56;151;255;sea;false;ocean;0
18057;84;135;255;sea;false;ocean;0
18058;87;96;255;sea;false;ocean;0
18059;73;144;255;sea;false;ocean;0
18060;65;154;255;sea;false;ocean;0
18061;52;150;255;sea;false;ocean;0
18062;75;128;255;sea;false;ocean;0
18063;89;146;255;sea;false;ocean;0
18064;53;154;255;sea;false;ocean;0
18065;67;147;255;sea;false;ocean;0
18066;40;151;255;sea;false;ocean;0
18067;65;82;255;sea;true;ocean;0
18068;61;75;255;sea;true;ocean;0
18069;53;39;255;sea;false;ocean;0
18070;58;62;255;sea;false;ocean;0
18071;112;40;255;sea;false;ocean;0
18072;97;29;255;sea;false;ocean;0
18073;110;22;255;sea;true;ocean;0
18074;73;70;255;sea;false;ocean;0
18075;119;23;255;sea;false;ocean;0
18076;45;15;255;sea;false;ocean;0
18077;97;82;255;sea;false;ocean;0
18078;76;6;255;sea;false;ocean;0
18079;58;71;255;sea;false;ocean;0
18080;36;16;255;sea;false;ocean;0
18081;107;22;255;sea;false;ocean;0
18082;95;156;255;sea;true;ocean;0
18083;79;118;255;sea;true;ocean;0
18084;111;98;255;sea;true;ocean;0
18085;76;140;255;sea;true;ocean;0
18086;117;154;255;sea;true;ocean;0
18087;63;56;255;sea;false;ocean;0
18088;26;109;255;sea;true;ocean;0
18089;14;39;255;sea;true;ocean;0
18090;83;82;255;sea;true;ocean;0
18091;68;50;255;sea;false;ocean;0
18092;99;44;255;sea;false;ocean;0
18093;49;8;255;sea;true;ocean;0
18094;98;25;255;sea;false;ocean;0
18095;65;46;255;sea;true;ocean;0
18096;78;3;255;sea;true;ocean;0
18097;48;50;255;sea;false;ocean;0
18098;108;32;255;sea;false;ocean;0
18099;89;0;255;sea;false;ocean;0
18100;59;32;255;sea;true;ocean;0
18101;118;46;255;sea;true;ocean;0
18102;29;83;255;sea;false;ocean;0
18103;64;122;255;sea;false;ocean;0
18104;56;109;255;sea;false;ocean;0
18105;71;116;255;sea;false;ocean;0
18106;63;72;255;sea;false;ocean;0
18107;19;121;255;sea;false;ocean;0
18108;3;97;255;sea;false;ocean;0
18109;21;63;255;sea;false;ocean;0
18110;37;47;255;sea;false;ocean;0
18111;32;67;255;sea;false;ocean;0
18112;22;115;255;sea;false;ocean;0
18113;119;30;255;sea;false;ocean;0
18114;106;38;255;sea;false;ocean;0
18115;150;23;255;sea;false;ocean;0
18116;127;63;255;sea;false;ocean;0
18117;132;75;255;sea;true;ocean;0
18118;159;87;255;sea;true;ocean;0
18119;146;28;255;sea;true;ocean;0
18120;139;44;255;sea;true;ocean;0
18121;110;67;255;sea;true;ocean;0
18122;109;85;255;sea;true;ocean;0
18123;157;84;255;sea;true;ocean;0
18124;73;24;255;sea;false;ocean;0
18125;66;39;255;sea;false;ocean;0
18126;15;47;255;sea;false;ocean;0
18127;13;90;255;sea;true;ocean;0
18128;55;78;255;sea;true;ocean;0
18129;52;37;255;sea;false;ocean;0
18130;10;17;255;sea;false;ocean;0
18131;59;40;255;sea;false;ocean;0
18132;43;24;255;sea;true;ocean;0
18133;34;11;255;sea;true;ocean;0
18134;3;12;255;sea;true;ocean;0
18135;29;5;255;sea;true;ocean;0
18136;4;11;255;sea;true;ocean;0
18137;16;55;255;sea;true;ocean;0
18138;4;45;255;sea;true;ocean;0
18139;23;13;255;sea;true;ocean;0
18140;84;29;255;sea;true;ocean;0
18141;87;4;255;sea;false;ocean;0
18142;56;17;255;sea;true;ocean;0
18143;29;34;255;sea;true;ocean;0
18144;73;72;255;sea;false;ocean;0
18145;37;60;255;sea;false;ocean;0
18146;85;38;255;sea;true;ocean;0
18147;130;135;255;sea;false;ocean;0
18148;148;114;255;sea;false;ocean;0
18149;144;105;255;sea;true;ocean;0
18150;147;139;255;sea;false;ocean;0
18151;91;125;255;sea;false;ocean;0
18152;78;140;255;sea;false;ocean;0
18153;84;92;255;sea;true;ocean;0
18154;88;98;255;sea;false;ocean;0
18155;77;127;255;sea;false;ocean;0
18156;133;120;255;sea;true;ocean;0
18157;36;95;255;sea;false;ocean;0
18158;72;59;255;sea;false;ocean;0
18159;98;35;255;sea;false;ocean;0
18160;62;31;255;sea;true;ocean;0
18161;77;80;255;sea;false;ocean;0
18162;58;85;255;sea;false;ocean;0
18163;98;87;255;sea;true;ocean;0
18164;61;32;255;sea;false;ocean;0
18165;55;85;255;sea;false;ocean;0
18166;19;75;255;sea;false;ocean;0
18167;52;84;255;sea;false;ocean;0
18168;84;77;255;sea;false;ocean;0
18169;25;55;255;sea;false;ocean;0
18170;42;78;255;sea;true;ocean;0
18171;72;22;255;sea;false;ocean;0
18172;87;34;255;sea;false;ocean;0
18173;104;110;255;sea;true;ocean;0
18174;88;99;255;sea;true;ocean;0
18175;112;67;255;sea;true;ocean;0
18176;123;52;255;sea;false;ocean;0
18177;123;105;255;sea;false;ocean;0
18178;107;103;255;sea;false;ocean;0
18179;138;79;255;sea;true;ocean;0
18180;9;102;255;sea;true;ocean;0
18181;31;88;255;sea;true;ocean;0
18182;0;105;255;sea;true;ocean;0
18183;13;53;255;sea;false;ocean;0
18184;1;55;255;sea;false;ocean;0
18185;1;56;255;sea;true;ocean;0
18186;25;52;255;sea;true;ocean;0
18187;53;17;255;sea;true;ocean;0
18188;18;35;255;sea;true;ocean;0
18189;4;64;255;sea;true;ocean;0
18190;13;51;255;sea;true;ocean;0
18191;81;23;255;sea;true;ocean;0
18192;83;49;255;sea;true;ocean;0
18193;24;17;255;sea;true;ocean;0
18194;79;20;255;sea;true;ocean;0
18195;52;5;255;sea;false;ocean;0
18196;23;31;255;sea;true;ocean;0
18197;17;19;255;sea;true;ocean;0
18198;35;52;255;sea;true;ocean;0
18199;5;21;255;sea;true;ocean;0
18200;14;16;255;sea;false;ocean;0
18201;129;7;255;sea;true;ocean;0
18202;126;40;255;sea;true;ocean;0
18203;125;11;255;sea;true;ocean;0
18204;64;1;255;sea;false;ocean;0
18205;78;10;255;sea;false;ocean;0
18206;96;5;255;sea;true;ocean;0
18207;27;56;255;sea;true;ocean;0
18208;13;34;255;sea;true;ocean;0
18209;5;0;255;sea;true;ocean;0
18210;5;58;255;sea;true;ocean;0
18211;29;1;255;sea;true;ocean;0
18212;8;37;255;sea;false;ocean;0
18213;24;52;255;sea;true;ocean;0
18214;95;93;255;sea;true;ocean;0
18215;77;73;255;sea;true;ocean;0
18216;108;45;255;sea;false;ocean;0
18217;109;54;255;sea;false;ocean;0
18218;123;61;255;sea;false;ocean;0
18219;114;26;255;sea;true;ocean;0
18220;131;5;255;sea;true;ocean;0
18221;162;81;255;sea;false;ocean;0
18222;92;65;255;sea;false;ocean;0
18223;135;83;255;sea;false;ocean;0
18224;145;65;255;sea;false;ocean;0
18225;128;15;255;sea;false;ocean;0
18226;142;24;255;sea;true;ocean;0
18227;143;26;255;sea;false;ocean;0
18228;159;64;255;sea;true;ocean;0
18229;102;24;255;sea;true;ocean;0
18230;100;29;255;sea;true;ocean;0
18231;99;95;255;sea;false;ocean;0
18232;104;58;255;sea;true;ocean;0
18233;123;57;255;sea;true;ocean;0
18234;109;38;255;sea;true;ocean;0
18235;78;33;255;sea;false;ocean;0
18236;109;50;255;sea;true;ocean;0
18237;87;52;255;sea;true;ocean;0
18238;143;31;255;sea;false;ocean;0
18239;112;68;255;sea;true;ocean;0
18240;155;84;255;sea;true;ocean;0
18241;84;66;255;sea;false;ocean;0
18242;43;110;255;sea;false;ocean;0
18243;51;75;255;sea;false;ocean;0
18244;74;107;255;sea;false;ocean;0
18245;109;139;255;sea;false;ocean;0
18246;76;129;255;sea;false;ocean;0
18247;84;131;255;sea;false;ocean;0
18248;88;111;255;sea;true;ocean;0
18249;82;97;255;sea;false;ocean;0
18250;48;75;255;sea;true;ocean;0
18251;129;93;255;sea;true;ocean;0
18252;54;151;255;sea;false;ocean;0
18253;96;140;255;sea;true;ocean;0
18254;92;107;255;sea;false;ocean;0
18255;112;91;255;sea;false;ocean;0
18256;104;98;255;sea;true;ocean;0
18257;68;111;255;sea;false;ocean;0
18258;62;82;255;sea;false;ocean;0
18259;83;108;255;sea;false;ocean;0
18260;36;96;255;sea;true;ocean;0
18261;56;105;255;sea;true;ocean;0
18262;45;70;255;sea;true;ocean;0
18263;3;48;255;sea;false;ocean;0
18264;21;110;255;sea;false;ocean;0
18265;33;45;255;sea;false;ocean;0
18266;22;90;255;sea;false;ocean;0
18267;1;96;255;sea;true;ocean;0
18268;12;110;255;sea;true;ocean;0
18269;15;61;255;sea;true;ocean;0
18270;41;73;255;sea;false;ocean;0
18271;24;69;255;sea;false;ocean;0
18272;44;105;255;sea;false;ocean;0
18273;25;47;255;sea;true;ocean;0
18274;46;68;255;sea;true;ocean;0
18275;54;13;255;sea;false;ocean;0
18276;103;28;255;sea;false;ocean;0
18277;108;46;255;sea;true;ocean;0
18278;48;3;255;sea;false;ocean;0
18279;109;44;255;sea;true;ocean;0
18280;78;5;255;sea;true;ocean;0
18281;76;39;255;sea;true;ocean;0
18282;56;19;255;sea;false;ocean;0
18283;27;25;255;sea;true;ocean;0
18284;56;52;255;sea;true;ocean;0
18285;2;74;255;sea;true;ocean;0
18286;40;51;255;sea;true;ocean;0
18287;64;98;255;sea;true;ocean;0
18288;16;115;255;sea;false;ocean;0
18289;69;101;255;sea;true;ocean;0
18290;51;76;255;sea;true;ocean;0
18291;21;62;255;sea;false;ocean;0
18292;19;45;255;sea;false;ocean;0
18293;80;122;255;sea;false;ocean;0
18294;13;52;255;sea;false;ocean;0
18295;36;120;255;sea;true;ocean;0
18296;78;76;255;sea;true;ocean;0
18297;29;12;255;sea;true;ocean;0
18298;54;34;255;sea;true;ocean;0
18299;9;14;255;sea;false;ocean;0
18300;59;16;255;sea;true;ocean;0
18301;3;25;255;sea;false;ocean;0
18302;8;13;255;sea;true;ocean;0
18303;121;56;255;sea;true;ocean;0
18304;60;99;255;sea;true;ocean;0
18305;55;81;255;sea;true;ocean;0
18306;43;47;255;sea;true;ocean;0
18307;53;50;255;sea;true;ocean;0
18308;88;87;255;sea;false;ocean;0
18309;118;18;255;sea;true;ocean;0
18310;110;32;255;sea;true;ocean;0
18311;120;19;255;sea;false;ocean;0
18312;128;84;255;sea;false;ocean;0
18313;120;48;255;sea;false;ocean;0
18314;120;78;255;sea;true;ocean;0
18315;79;89;255;sea;false;ocean;0
18316;80;77;255;sea;false;ocean;0
18317;55;69;255;sea;false;ocean;0
18318;80;21;255;sea;true;ocean;0
18319;83;77;255;sea;true;ocean;0
18320;126;76;255;sea;false;ocean;0
18321;123;9;255;sea;false;ocean;0
18322;118;81;255;sea;false;ocean;0
18323;115;86;255;sea;false;ocean;0
18324;101;23;255;sea;true;ocean;0
18325;81;25;255;sea;false;ocean;0
18326;67;61;255;sea;false;ocean;0
18327;106;30;255;sea;true;ocean;0
18328;126;19;255;sea;false;ocean;0
18329;70;26;255;sea;false;ocean;0
18330;95;7;255;sea;true;ocean;0
18331;110;8;255;sea;true;ocean;0
18332;124;20;255;sea;true;ocean;0
18333;119;6;255;sea;false;ocean;0
18334;22;42;255;sea;true;ocean;0
18335;61;42;255;sea;true;ocean;0
18336;27;23;255;sea;false;ocean;0
18337;6;77;255;sea;false;ocean;0
18338;1;13;255;sea;true;ocean;0
18339;57;23;255;sea;false;ocean;0
18340;14;29;255;sea;false;ocean;0
18341;61;47;255;sea;true;ocean;0
18342;55;56;255;sea;false;ocean;0
18343;62;32;255;sea;false;ocean;0
18344;12;52;255;sea;true;ocean;0
18345;5;115;255;sea;true;ocean;0
18346;33;99;255;sea;false;ocean;0
18347;17;103;255;sea;false;ocean;0
18348;58;105;255;sea;true;ocean;0
18349;50;102;255;sea;false;ocean;0
18350;102;28;255;sea;true;ocean;0
18351;73;77;255;sea;true;ocean;0
18352;123;78;255;sea;false;ocean;0
18353;105;26;255;sea;true;ocean;0
18354;121;20;255;sea;false;ocean;0
18355;139;48;255;sea;true;ocean;0
18356;107;32;255;sea;false;ocean;0
18357;116;31;255;sea;true;ocean;0
18358;66;12;255;sea;false;ocean;0
18359;123;53;255;sea;true;ocean;0
18360;97;28;255;sea;true;ocean;0
18361;68;51;255;sea;false;ocean;0
18362;63;50;255;sea;false;ocean;0
18363;80;47;255;sea;true;ocean;0
18364;113;28;255;sea;false;ocean;0
18365;42;116;255;sea;true;ocean;0
18366;0;70;255;sea;false;ocean;0
18367;55;127;255;sea;false;ocean;0
18368;12;120;255;sea;false;ocean;0
18369;44;56;255;sea;false;ocean;0
18370;79;122;255;sea;true;ocean;0
18371;75;129;255;sea;true;ocean;0
18372;60;137;255;sea;true;ocean;0
18373;28;124;255;sea;false;ocean;0
18374;29;90;255;sea;false;ocean;0
18375;29;130;255;sea;false;ocean;0
18376;80;107;255;sea;false;ocean;0
18377;53;153;255;sea;false;ocean;0
18378;93;87;255;sea;false;ocean;0
18379;21;155;255;sea;false;ocean;0
18380;112;2;255;sea;false;ocean;0
18381;110;9;255;sea;false;ocean;0
18382;121;16;255;sea;false;ocean;0
18383;146;38;255;sea;false;ocean;0
18384;74;52;255;sea;true;ocean;0
18385;107;37;255;sea;true;ocean;0
18386;127;28;255;sea;true;ocean;0
18387;114;41;255;sea;false;ocean;0
18388;77;6;255;sea;false;ocean;0
18389;87;5;255;sea;false;ocean;0
18390;102;35;255;sea;false;ocean;0
18391;142;4;255;sea;true;ocean;0
18392;112;87;255;sea;true;ocean;0
18393;32;80;255;sea;true;ocean;0
18394;25;105;255;sea;true;ocean;0
18395;58;66;255;sea;true;ocean;0
18396;38;101;255;sea;true;ocean;0
18397;59;90;255;sea;true;ocean;0
18398;65;91;255;sea;true;ocean;0
18399;37;143;255;sea;true;ocean;0
18400;128;102;255;sea;false;ocean;0
18401;155;88;255;sea;false;ocean;0
18402;162;115;255;sea;false;ocean;0
18403;120;100;255;sea;false;ocean;0
18404;121;64;255;sea;false;ocean;0
18405;160;100;255;sea;true;ocean;0
18406;94;66;255;sea;true;ocean;0
18407;155;119;255;sea;true;ocean;0
18408;101;107;255;sea;false;ocean;0
18409;123;55;255;sea;false;ocean;0
18410;15;100;255;sea;true;ocean;0
18411;115;83;255;sea;false;ocean;0
18412;105;110;255;sea;false;ocean;0
18413;150;95;255;sea;false;ocean;0
18414;119;43;255;sea;false;ocean;0
18415;83;42;255;sea;false;ocean;0
18416;126;94;255;sea;false;ocean;0
18417;81;57;255;sea;false;ocean;0
18418;141;92;255;sea;false;ocean;0
18419;105;90;255;sea;false;ocean;0
18420;123;95;255;sea;false;ocean;0
18421;132;114;255;sea;false;ocean;0
18422;88;75;255;sea;false;ocean;0
18423;137;87;255;sea;false;ocean;0
18424;157;105;255;sea;false;ocean;0
18425;90;41;255;sea;false;ocean;0
18426;140;42;255;sea;false;ocean;0
18427;97;63;255;sea;false;ocean;0
18428;108;66;255;sea;false;ocean;0
18429;132;29;255;sea;false;ocean;0
18430;103;55;255;sea;false;ocean;0
18431;127;41;255;sea;false;ocean;0
18432;6;30;255;sea;true;ocean;0
18433;29;17;255;sea;false;ocean;0
18434;7;22;255;sea;true;ocean;0
18435;1;44;255;sea;false;ocean;0
18436;23;14;255;sea;true;ocean;0
18437;37;25;255;sea;false;ocean;0
18438;15;53;255;sea;false;ocean;0
18439;17;82;255;sea;false;ocean;0
18440;58;24;255;sea;true;ocean;0
18441;51;41;255;sea;true;ocean;0
18442;77;7;255;sea;true;ocean;0
18443;73;22;255;sea;true;ocean;0
18444;64;0;255;sea;true;ocean;0
18445;102;63;255;sea;true;ocean;0
18446;104;72;255;sea;false;ocean;0
18447;135;64;255;sea;false;ocean;0
18448;85;67;255;sea;false;ocean;0
18449;74;3;255;sea;false;ocean;0
18450;108;22;255;sea;false;ocean;0
18451;144;55;255;sea;false;ocean;0
18452;84;16;255;sea;false;ocean;0
18453;128;59;255;sea;false;ocean;0
18454;97;30;255;sea;false;ocean;0
18455;68;24;255;sea;false;ocean;0
18456;76;29;255;sea;true;ocean;0
18457;102;12;255;sea;true;ocean;0
18458;66;11;255;sea;true;ocean;0
18459;54;44;255;sea;true;ocean;0
18460;81;36;255;sea;true;ocean;0
18461;45;17;255;sea;true;ocean;0
18462;17;63;255;sea;false;ocean;0
18463;60;5;255;sea;false;ocean;0
18464;17;26;255;sea;false;ocean;0
18465;123;68;255;sea;true;ocean;0
18466;53;104;255;sea;true;ocean;0
18467;48;37;255;sea;true;ocean;0
18468;64;101;255;sea;true;ocean;0
18469;3;121;255;sea;true;ocean;0
18470;0;121;255;sea;true;ocean;0
18471;63;121;255;sea;false;ocean;0
18472;68;105;255;sea;true;ocean;0
18473;12;105;255;sea;true;ocean;0
18474;22;80;255;sea;true;ocean;0
18475;2;94;255;sea;true;ocean;0
18476;32;116;255;sea;true;ocean;0
18477;31;75;255;sea;true;ocean;0
18478;10;81;255;sea;true;ocean;0
18479;51;36;255;sea;false;ocean;0
18480;79;51;255;sea;false;ocean;0
18481;82;79;255;sea;false;ocean;0
18482;105;61;255;sea;false;ocean;0
18483;96;74;255;sea;false;ocean;0
18484;102;33;255;sea;true;ocean;0
18485;86;25;255;sea;false;ocean;0
18486;64;30;255;sea;false;ocean;0
18487;138;28;255;sea;true;ocean;0
18488;72;143;255;sea;false;ocean;0
18489;13;73;255;sea;false;ocean;0
18490;67;106;255;sea;true;ocean;0
18491;86;75;255;sea;false;ocean;0
18492;124;118;255;sea;true;ocean;0
18493;118;72;255;sea;true;ocean;0
18494;109;87;255;sea;true;ocean;0
18495;78;82;255;sea;true;ocean;0
18496;149;109;255;sea;false;ocean;0
18497;139;75;255;sea;true;ocean;0
18498;105;104;255;sea;true;ocean;0
18499;77;61;255;sea;true;ocean;0
18500;2;25;255;sea;false;ocean;0
18501;49;9;255;sea;false;ocean;0
18502;2;41;255;sea;false;ocean;0
18503;37;29;255;sea;false;ocean;0
18504;33;2;255;sea;false;ocean;0
18505;47;4;255;sea;false;ocean;0
18506;47;20;255;sea;false;ocean;0
18507;32;26;255;sea;false;ocean;0
18508;52;43;255;sea;false;ocean;0
18509;23;8;255;sea;false;ocean;0
18510;1;8;255;sea;true;ocean;0
18511;21;28;255;sea;true;ocean;0
18512;24;39;255;sea;false;ocean;0
18513;10;28;255;sea;false;ocean;0
18514;27;32;255;sea;false;ocean;0
18515;24;30;255;sea;false;ocean;0
18516;0;9;255;sea;false;ocean;0
18517;11;48;255;sea;false;ocean;0
18518;37;7;255;sea;false;ocean;0
18519;16;68;255;sea;false;ocean;0
18520;14;5;255;sea;false;ocean;0
18521;5;7;255;sea;false;ocean;0
18522;6;2;255;sea;false;ocean;0
18523;38;4;255;sea;false;ocean;0
18524;9;8;255;sea;false;ocean;0
18525;36;32;255;sea;false;ocean;0
18526;57;111;255;sea;true;ocean;0
18527;21;35;255;sea;true;ocean;0
18528;76;77;255;sea;true;ocean;0
18529;80;59;255;sea;true;ocean;0
18530;27;78;255;sea;true;ocean;0
18531;28;68;255;sea;false;ocean;0
18532;114;43;255;sea;true;ocean;0
18533;143;47;255;sea;true;ocean;0
18534;135;65;255;sea;false;ocean;0
18535;132;8;255;sea;false;ocean;0
18536;120;51;255;sea;false;ocean;0
18537;145;53;255;sea;false;ocean;0
18538;91;84;255;sea;true;ocean;0
18539;124;72;255;sea;false;ocean;0
18540;103;72;255;sea;false;ocean;0
18541;140;17;255;sea;false;ocean;0
18542;56;48;255;sea;true;ocean;0
18543;65;27;255;sea;true;ocean;0
18544;23;9;255;sea;true;ocean;0
18545;46;27;255;sea;true;ocean;0
18546;91;20;255;sea;false;ocean;0
18547;103;30;255;sea;true;ocean;0
18548;81;11;255;sea;false;ocean;0
18549;58;15;255;sea;true;ocean;0
18550;52;27;255;sea;false;ocean;0
18551;66;28;255;sea;true;ocean;0
18552;58;33;255;sea;true;ocean;0
18553;137;70;255;sea;true;ocean;0
18554;100;109;255;sea;true;ocean;0
18555;75;43;255;sea;true;ocean;0
18556;69;45;255;sea;false;ocean;0
18557;119;72;255;sea;true;ocean;0
18558;45;124;255;sea;true;ocean;0
18559;34;80;255;sea;true;ocean;0
18560;41;71;255;sea;true;ocean;0
18561;39;101;255;sea;false;ocean;0
18562;43;118;255;sea;false;ocean;0
18563;30;61;255;sea;false;ocean;0
18564;48;128;255;sea;false;ocean;0
18565;22;70;255;sea;false;ocean;0
18566;37;136;255;sea;false;ocean;0
18567;18;129;255;sea;true;ocean;0
18568;30;121;255;sea;false;ocean;0
18569;8;121;255;sea;true;ocean;0
18570;4;109;255;sea;false;ocean;0
18571;15;89;255;sea;false;ocean;0
18572;17;131;255;sea;false;ocean;0
18573;50;78;255;sea;false;ocean;0
18574;27;110;255;sea;false;ocean;0
18575;81;65;255;sea;true;ocean;0
18576;130;54;255;sea;true;ocean;0
18577;106;40;255;sea;true;ocean;0
18578;115;47;255;sea;true;ocean;0
18579;94;42;255;sea;true;ocean;0
18580;36;30;255;sea;false;ocean;0
18581;24;31;255;sea;true;ocean;0
18582;23;18;255;sea;false;ocean;0
18583;32;68;255;sea;false;ocean;0
18584;14;26;255;sea;true;ocean;0
18585;11;65;255;sea;true;ocean;0
18586;5;45;255;sea;true;ocean;0
18587;33;48;255;sea;true;ocean;0
18588;38;82;255;sea;true;ocean;0
18589;30;53;255;sea;true;ocean;0
18590;8;20;255;sea;true;ocean;0
18591;41;30;255;sea;true;ocean;0
18592;29;24;255;sea;true;ocean;0
18593;8;43;255;sea;true;ocean;0
18594;58;82;255;sea;true;ocean;0
18595;9;33;255;sea;false;ocean;0
18596;11;34;255;sea;true;ocean;0
18597;36;85;255;sea;true;ocean;0
18598;115;97;255;sea;true;ocean;0
18599;73;104;255;sea;false;ocean;0
18600;148;91;255;sea;false;ocean;0
18601;118;114;255;sea;false;ocean;0
18602;131;118;255;sea;true;ocean;0
18603;95;73;255;sea;false;ocean;0
18604;78;36;255;sea;true;ocean;0
18605;54;47;255;sea;false;ocean;0
18606;34;86;255;sea;true;ocean;0
18607;84;103;255;sea;true;ocean;0
18608;19;78;255;sea;false;ocean;0
18609;132;108;255;sea;true;ocean;0
18610;116;112;255;sea;true;ocean;0
18611;153;93;255;sea;false;ocean;0
18612;15;83;255;sea;false;ocean;0
18613;85;62;255;sea;false;ocean;0
18614;61;71;255;sea;false;ocean;0
18615;57;35;255;sea;false;ocean;0
18616;65;33;255;sea;true;ocean;0
18617;83;39;255;sea;true;ocean;0
18618;26;18;255;sea;true;ocean;0
18619;32;42;255;sea;true;ocean;0
18620;48;35;255;sea;true;ocean;0
18621;30;43;255;sea;true;ocean;0
18622;152;65;255;sea;false;ocean;0
18623;151;49;255;sea;true;ocean;0
18624;88;50;255;sea;true;ocean;0
18625;90;21;255;sea;false;ocean;0
18626;98;54;255;sea;true;ocean;0
18627;132;32;255;sea;false;ocean;0
18628;127;31;255;sea;true;ocean;0
18629;143;55;255;sea;false;ocean;0
18630;97;40;255;sea;true;ocean;0
18631;95;21;255;sea;true;ocean;0
18632;83;16;255;sea;true;ocean;0
18633;154;29;255;sea;false;ocean;0
18634;146;79;255;sea;true;ocean;0
18635;63;60;255;sea;false;ocean;0
18636;55;29;255;sea;false;ocean;0
18637;92;35;255;sea;false;ocean;0
18638;101;52;255;sea;false;ocean;0
18639;75;63;255;sea;false;ocean;0
18640;95;56;255;sea;false;ocean;0
18641;61;60;255;sea;true;ocean;0
18642;34;38;255;sea;true;ocean;0
18643;30;49;255;sea;false;ocean;0
18644;80;98;255;sea;false;ocean;0
18645;32;103;255;sea;false;ocean;0
18646;28;75;255;sea;false;ocean;0
18647;54;82;255;sea;false;ocean;0
18648;86;72;255;sea;false;ocean;0
18649;61;80;255;sea;false;ocean;0
18650;71;0;255;sea;true;ocean;0
18651;69;11;255;sea;true;ocean;0
18652;83;35;255;sea;true;ocean;0
18653;51;8;255;sea;true;ocean;0
18654;1;123;255;sea;false;ocean;0
18655;19;106;255;sea;true;ocean;0
18656;19;102;255;sea;true;ocean;0
18657;31;106;255;sea;false;ocean;0
18658;45;149;255;sea;true;ocean;0
18659;49;114;255;sea;true;ocean;0
18660;77;148;255;sea;true;ocean;0
18661;69;95;255;sea;false;ocean;0
18662;79;142;255;sea;false;ocean;0
18663;37;148;255;sea;false;ocean;0
18664;50;85;255;sea;false;ocean;0
18665;61;140;255;sea;true;ocean;0
18666;138;155;255;sea;false;ocean;0
18667;89;123;255;sea;false;ocean;0
18668;106;102;255;sea;true;ocean;0
18669;152;114;255;sea;false;ocean;0
18670;114;87;255;sea;false;ocean;0
18671;68;39;255;sea;false;ocean;0
18672;61;6;255;sea;false;ocean;0
18673;40;49;255;sea;true;ocean;0
18674;73;41;255;sea;true;ocean;0
18675;85;2;255;sea;true;ocean;0
18676;102;37;255;sea;false;ocean;0
18677;61;14;255;sea;false;ocean;0
18678;97;12;255;sea;false;ocean;0
18679;138;102;255;sea;true;ocean;0
18680;111;157;255;sea;true;ocean;0
18681;106;109;255;sea;false;ocean;0
18682;111;132;255;sea;false;ocean;0
18683;146;93;255;sea;false;ocean;0
18684;74;103;255;sea;false;ocean;0
18685;151;88;255;sea;true;ocean;0
18686;125;79;255;sea;false;ocean;0
18687;74;126;255;sea;false;ocean;0
18688;91;88;255;sea;true;ocean;0
18689;85;82;255;sea;false;ocean;0
18690;76;141;255;sea;false;ocean;0
18691;126;130;255;sea;false;ocean;0
18692;114;131;255;sea;true;ocean;0
18693;142;106;255;sea;false;ocean;0
18694;98;149;255;sea;true;ocean;0
18695;145;88;255;sea;true;ocean;0
18696;100;142;255;sea;false;ocean;0
18697;33;61;255;sea;true;ocean;0
18698;76;80;255;sea;true;ocean;0
18699;121;65;255;sea;false;ocean;0
18700;115;41;255;sea;false;ocean;0
18701;118;33;255;sea;false;ocean;0
18702;100;74;255;sea;false;ocean;0
18703;73;67;255;sea;false;ocean;0
18704;60;40;255;sea;false;ocean;0
18705;62;22;255;sea;false;ocean;0
18706;128;55;255;sea;false;ocean;0
18707;108;34;255;sea;false;ocean;0
18708;86;5;255;sea;false;ocean;0
18709;35;146;255;sea;false;ocean;0
18710;35;91;255;sea;false;ocean;0
18711;24;147;255;sea;true;ocean;0
18712;22;127;255;sea;true;ocean;0
18713;65;78;255;sea;false;ocean;0
18714;86;18;255;sea;false;ocean;0
18715;56;51;255;sea;true;ocean;0
18716;113;64;255;sea;true;ocean;0
18717;41;19;255;sea;true;ocean;0
18718;109;58;255;sea;true;ocean;0
18719;63;44;255;sea;false;ocean;0
18720;51;7;255;sea;true;ocean;0
18721;25;72;255;sea;true;ocean;0
18722;1;81;255;sea;true;ocean;0
18723;49;62;255;sea;true;ocean;0
18724;4;63;255;sea;true;ocean;0
18725;48;53;255;sea;true;ocean;0
18726;4;58;255;sea;false;ocean;0
18727;44;10;255;sea;true;ocean;0
18728;57;25;255;sea;true;ocean;0
18729;88;12;255;sea;true;ocean;0
18730;92;29;255;sea;true;ocean;0
18731;64;16;255;sea;true;ocean;0
18732;93;32;255;sea;false;ocean;0
18733;118;4;255;sea;true;ocean;0
18734;40;26;255;sea;true;ocean;0
18735;76;20;255;sea;true;ocean;0
18736;60;22;255;sea;true;ocean;0
18737;39;128;255;sea;false;ocean;0
18738;66;123;255;sea;false;ocean;0
18739;34;67;255;sea;false;ocean;0
18740;20;128;255;sea;false;ocean;0
18741;51;136;255;sea;false;ocean;0
18742;46;128;255;sea;false;ocean;0
18743;41;115;255;sea;true;ocean;0
18744;51;80;255;sea;true;ocean;0
18745;100;105;255;sea;true;ocean;0
18746;113;71;255;sea;true;ocean;0
18747;21;19;255;sea;true;ocean;0
18748;9;20;255;sea;false;ocean;0
18749;34;24;255;sea;true;ocean;0
18750;22;1;255;sea;true;ocean;0
18751;7;36;255;sea;true;ocean;0
18752;41;13;255;sea;true;ocean;0
18753;27;7;255;sea;false;ocean;0
18754;133;133;255;sea;false;ocean;0
18755;116;117;255;sea;true;ocean;0
18756;149;141;255;sea;true;ocean;0
18757;91;142;255;sea;false;ocean;0
18758;98;98;255;sea;true;ocean;0
18759;92;142;255;sea;false;ocean;0
18760;130;100;255;sea;false;ocean;0
18761;148;105;255;sea;false;ocean;0
18762;126;122;255;sea;false;ocean;0
18763;86;155;255;sea;false;ocean;0
18764;36;99;255;sea;true;ocean;0
18765;36;39;255;sea;false;ocean;0
18766;73;53;255;sea;false;ocean;0
18767;46;84;255;sea;false;ocean;0
18768;23;89;255;sea;true;ocean;0
18769;48;93;255;sea;false;ocean;0
18770;10;73;255;sea;false;ocean;0
18771;22;63;255;sea;false;ocean;0
18772;9;83;255;sea;false;ocean;0
18773;48;83;255;sea;false;ocean;0
18774;50;113;255;sea;false;ocean;0
18775;21;31;255;sea;true;ocean;0
18776;48;17;255;sea;true;ocean;0
18777;42;33;255;sea;false;ocean;0
18778;40;56;255;sea;false;ocean;0
18779;158;111;255;sea;false;ocean;0
18780;159;94;255;sea;false;ocean;0
18781;132;88;255;sea;false;ocean;0
18782;158;91;255;sea;false;ocean;0
18783;101;138;255;sea;false;ocean;0
18784;143;103;255;sea;false;ocean;0
18785;160;72;255;sea;false;ocean;0
18786;61;110;255;sea;false;ocean;0
18787;30;63;255;sea;false;ocean;0
18788;11;78;255;sea;false;ocean;0
18789;64;110;255;sea;false;ocean;0
18790;4;62;255;sea;false;ocean;0
18791;9;120;255;sea;false;ocean;0
18792;13;134;255;sea;false;ocean;0
18793;26;86;255;sea;false;ocean;0
18794;42;102;255;sea;false;ocean;0
18795;10;103;255;sea;false;ocean;0
18796;43;133;255;sea;false;ocean;0
18797;71;93;255;sea;false;ocean;0
18798;59;75;255;sea;false;ocean;0
18799;19;89;255;sea;false;ocean;0
18800;153;40;255;sea;false;ocean;0
18801;124;42;255;sea;false;ocean;0
18802;118;55;255;sea;false;ocean;0
18803;126;86;255;sea;false;ocean;0
18804;144;74;255;sea;false;ocean;0
18805;117;24;255;sea;false;ocean;0
18806;95;27;255;sea;false;ocean;0
18807;91;49;255;sea;true;ocean;0
18808;97;20;255;sea;true;ocean;0
18809;108;84;255;sea;true;ocean;0
18810;29;113;255;sea;false;ocean;0
18811;68;151;255;sea;false;ocean;0
18812;74;157;255;sea;false;ocean;0
18813;28;91;255;sea;false;ocean;0
18814;31;128;255;sea;true;ocean;0
18815;74;100;255;sea;true;ocean;0
18816;62;92;255;sea;true;ocean;0
18817;85;136;255;sea;false;ocean;0
18818;93;72;255;sea;true;ocean;0
18819;121;146;255;sea;false;ocean;0
18820;82;105;255;sea;false;ocean;0
18821;104;99;255;sea;true;ocean;0
18822;83;122;255;sea;true;ocean;0
18823;58;133;255;sea;false;ocean;0
18824;97;78;255;sea;false;ocean;0
18825;107;97;255;sea;false;ocean;0
18826;77;140;255;sea;false;ocean;0
18827;43;27;255;sea;true;ocean;0
18828;91;133;255;sea;true;ocean;0
18829;65;127;255;sea;true;ocean;0
18830;92;91;255;sea;true;ocean;0
18831;86;60;255;sea;true;ocean;0
18832;121;107;255;sea;true;ocean;0
18833;101;76;255;sea;true;ocean;0
18834;64;82;255;sea;true;ocean;0
18835;67;226;128;lake;false;lakes;0
18836;64;200;128;lake;false;lakes;0
18837;80;228;128;lake;false;lakes;0
18838;129;247;128;lake;false;lakes;0
18839;78;221;128;lake;false;lakes;0
18840;92;229;128;lake;false;lakes;0
18841;92;223;128;lake;false;lakes;0
18842;129;229;128;lake;false;lakes;0
18843;108;228;128;lake;false;lakes;0
18844;110;222;128;lake;false;lakes;0
18845;126;199;128;lake;false;lakes;0
18846;92;195;128;lake;false;lakes;0
18847;127;248;128;lake;false;lakes;0
18848;111;80;128;lake;false;lakes;0
18849;66;91;128;lake;false;lakes;0
18850;118;72;128;lake;false;lakes;0
18851;53;71;128;lake;false;lakes;0
18852;120;71;128;lake;false;lakes;0
18853;116;60;128;lake;false;lakes;0
18854;60;85;128;lake;false;lakes;0
18855;58;99;128;lake;false;lakes;0
18856;58;65;128;lake;false;lakes;0
18857;106;89;128;lake;false;lakes;0
18858;89;55;128;lake;false;lakes;0
18859;117;98;128;lake;false;lakes;0
18860;81;73;128;lake;false;lakes;0
18861;124;7;128;lake;false;lakes;0
18862;60;34;128;lake;false;lakes;0
18863;60;64;128;lake;false;lakes;0
18864;126;3;128;lake;false;lakes;0
18865;66;68;128;lake;false;lakes;0
18866;50;74;128;lake;false;lakes;0
18867;102;73;128;lake;false;lakes;0
18868;113;55;128;lake;false;lakes;0
18869;125;24;128;lake;false;lakes;0
18870;75;27;128;lake;false;lakes;0
18871;88;3;128;lake;false;lakes;0
18872;110;37;128;lake;false;lakes;0
18873;78;24;128;lake;false;lakes;0
18874;101;47;128;lake;false;lakes;0
18875;73;70;128;lake;false;lakes;0
18876;118;47;128;lake;false;lakes;0
18877;117;31;128;lake;false;lakes;0
18878;127;56;128;lake;false;lakes;0
18879;96;72;128;lake;false;lakes;0
18880;88;71;128;lake;false;lakes;0
18881;93;53;128;lake;false;lakes;0
18882;67;11;128;lake;false;lakes;0
18883;98;57;128;lake;false;lakes;0
18884;72;1;128;lake;false;lakes;0
18885;81;59;128;lake;false;lakes;0
18886;67;55;128;lake;false;lakes;0
18887;124;23;128;lake;false;lakes;0
18888;58;61;128;lake;false;lakes;0
18889;58;76;128;lake;false;lakes;0
18890;66;56;128;lake;false;lakes;0
18891;109;79;128;lake;false;lakes;0
18892;106;93;128;lake;false;lakes;0
18893;84;32;128;lake;false;lakes;0
18894;102;79;128;lake;false;lakes;0
18895;61;57;128;lake;false;lakes;0
18896;59;88;128;lake;false;lakes;0
18897;7;54;128;lake;false;lakes;0
18898;48;80;128;lake;false;lakes;0
18899;7;29;128;lake;false;lakes;0
18900;51;58;128;lake;false;lakes;0
18901;46;80;128;lake;false;lakes;0
18902;61;35;128;lake;false;lakes;0
18903;51;100;128;lake;false;lakes;0
18904;33;51;128;lake;false;lakes;0
18905;27;29;128;lake;false;lakes;0
18906;45;94;128;lake;false;lakes;0
18907;50;39;128;lake;false;lakes;0
18908;3;25;128;lake;false;lakes;0
18909;33;54;128;lake;false;lakes;0
18910;44;83;128;lake;false;lakes;0
18911;44;98;128;lake;false;lakes;0
18912;17;80;128;lake;false;lakes;0
18913;116;109;128;lake;false;lakes;0
18914;84;108;128;lake;false;lakes;0
18915;89;105;128;lake;false;lakes;0
18916;109;128;128;lake;false;lakes;0
18917;97;72;128;lake;false;lakes;0
18918;62;70;128;lake;false;lakes;0
18919;55;115;128;lake;false;lakes;0
18920;111;102;128;lake;false;lakes;0
18921;106;81;128;lake;false;lakes;0
18922;77;85;128;lake;false;lakes;0
18923;105;108;128;lake;false;lakes;0
18924;120;55;128;lake;false;lakes;0
18925;74;59;128;lake;false;lakes;0
18926;64;105;128;lake;false;lakes;0
18927;80;118;128;lake;false;lakes;0
18928;97;93;128;lake;false;lakes;0
18929;77;116;128;lake;false;lakes;0
18930;106;69;128;lake;false;lakes;0
18931;101;55;128;lake;false;lakes;0
18932;67;96;128;lake;false;lakes;0
18933;56;56;128;lake;false;lakes;0
18934;115;127;128;lake;false;lakes;0
18935;61;88;128;lake;false;lakes;0
18936;101;92;128;lake;false;lakes;0
18937;81;53;128;lake;false;lakes;0
18938;122;128;128;lake;false;lakes;0
18939;121;148;128;lake;false;lakes;0
18940;106;80;128;lake;false;lakes;0
18941;152;76;128;lake;false;lakes;0
18942;153;101;128;lake;false;lakes;0
18943;105;87;128;lake;false;lakes;0
18944;121;85;128;lake;false;lakes;0
18945;155;98;128;lake;false;lakes;0
18946;104;81;128;lake;false;lakes;0
18947;146;136;128;lake;false;lakes;0
18948;110;116;128;lake;false;lakes;0
18949;115;117;128;lake;false;lakes;0
18950;137;130;128;lake;false;lakes;0
18951;129;145;128;lake;false;lakes;0
18952;95;76;128;lake;false;lakes;0
18953;140;131;128;lake;false;lakes;0
18954;163;106;128;lake;false;lakes;0
18955;129;88;128;lake;false;lakes;0
18956;111;119;128;lake;false;lakes;0
18957;166;119;128;lake;false;lakes;0
18958;123;81;128;lake;false;lakes;0
18959;93;84;128;lake;false;lakes;0
18960;113;102;128;lake;false;lakes;0
18961;145;79;128;lake;false;lakes;0
18962;111;84;128;lake;false;lakes;0
18963;121;83;128;lake;false;lakes;0
18964;46;96;128;lake;false;lakes;0
18965;78;100;128;lake;false;lakes;0
18966;94;93;128;lake;false;lakes;0
18967;57;111;128;lake;false;lakes;0
18968;55;116;128;lake;false;lakes;0
18969;62;65;128;lake;false;lakes;0
18970;67;76;128;lake;false;lakes;0
18971;102;62;128;lake;false;lakes;0
18972;75;80;128;lake;false;lakes;0
18973;117;102;128;lake;false;lakes;0
18974;50;72;128;lake;false;lakes;0
18975;53;30;128;lake;false;lakes;0
18976;87;66;128;lake;false;lakes;0
18977;88;26;128;lake;false;lakes;0
18978;50;66;128;lake;false;lakes;0
18979;80;42;128;lake;false;lakes;0
18980;79;70;128;lake;false;lakes;0
18981;30;21;128;lake;false;lakes;0
18982;31;83;128;lake;false;lakes;0
18983;75;35;128;lake;false;lakes;0
18984;46;94;128;lake;false;lakes;0
18985;51;45;128;lake;false;lakes;0
18986;75;7;128;lake;false;lakes;0
18987;56;8;128;lake;false;lakes;0
18988;70;11;128;lake;false;lakes;0
18989;110;3;128;lake;false;lakes;0
18990;85;12;128;lake;false;lakes;0
18991;58;68;128;lake;false;lakes;0
18992;97;5;128;lake;false;lakes;0
18993;98;39;128;lake;false;lakes;0
18994;123;48;128;lake;false;lakes;0
18995;100;0;128;lake;false;lakes;0
18996;117;29;128;lake;false;lakes;0
18997;113;12;128;lake;false;lakes;0
18998;61;8;128;lake;false;lakes;0
18999;94;36;128;lake;false;lakes;0
19000;98;43;128;lake;false;lakes;0
19001;47;134;128;lake;false;lakes;0
19002;35;98;128;lake;false;lakes;0
19003;31;131;128;lake;false;lakes;0
19004;36;94;128;lake;false;lakes;0
19005;62;132;128;lake;false;lakes;0
19006;37;139;128;lake;false;lakes;0
19007;66;147;128;lake;false;lakes;0
19008;55;111;128;lake;false;lakes;0
19009;50;98;128;lake;false;lakes;0
19010;68;132;128;lake;false;lakes;0
19011;1;46;128;lake;false;lakes;0
19012;28;80;128;lake;false;lakes;0
19013;14;93;128;lake;false;lakes;0
19014;11;53;128;lake;false;lakes;0
19015;22;40;128;lake;false;lakes;0
19016;1;115;128;lake;false;lakes;0
19017;22;108;128;lake;false;lakes;0
19018;29;50;128;lake;false;lakes;0
19019;36;116;128;lake;false;lakes;0
19020;25;115;128;lake;false;lakes;0
19021;14;104;128;lake;false;lakes;0
19022;64;4;128;lake;false;lakes;0
19023;131;1;128;lake;false;lakes;0
19024;86;13;128;lake;false;lakes;0
19025;84;25;128;lake;false;lakes;0
19026;54;30;128;lake;false;lakes;0
19027;2;6;128;lake;false;lakes;0
19028;57;49;128;lake;false;lakes;0
19029;58;42;128;lake;false;lakes;0
19030;8;34;128;lake;false;lakes;0
19031;32;7;128;lake;false;lakes;0
19032;3;38;128;lake;false;lakes;0
19033;3;7;128;lake;false;lakes;0
19034;8;40;128;lake;false;lakes;0
19035;41;118;128;lake;false;lakes;0
19036;33;108;128;lake;false;lakes;0
19037;44;150;128;lake;false;lakes;0
19038;74;147;128;lake;false;lakes;0
19039;85;144;128;lake;false;lakes;0
19040;27;106;128;lake;false;lakes;0
19041;76;90;128;lake;false;lakes;0
19042;67;126;128;lake;false;lakes;0
19043;27;101;128;lake;false;lakes;0
19044;23;139;128;lake;false;lakes;0
19045;79;159;128;lake;false;lakes;0
19046;82;163;128;lake;false;lakes;0
19047;85;146;128;lake;false;lakes;0
19048;136;254;128;lake;false;lakes;0
19049;153;215;128;lake;false;lakes;0
19050;125;229;128;lake;false;lakes;0
19051;101;212;128;lake;false;lakes;0
19052;124;230;128;lake;false;lakes;0
19053;112;154;128;lake;false;lakes;0
19054;105;104;128;lake;false;lakes;0
19055;90;127;128;lake;false;lakes;0
19056;133;133;128;lake;false;lakes;0
19057;165;149;128;lake;false;lakes;0
19058;125;151;128;lake;false;lakes;0
19059;164;144;128;lake;false;lakes;0
19060;134;115;128;lake;false;lakes;0
19061;150;116;128;lake;false;lakes;0
19062;152;131;128;lake;false;lakes;0
19063;108;84;128;lake;false;lakes;0
19064;90;110;128;lake;false;lakes;0
19065;156;115;128;lake;false;lakes;0
19066;110;122;128;lake;false;lakes;0
19067;121;119;128;lake;false;lakes;0
19068;116;130;128;lake;false;lakes;0
19069;104;136;128;lake;false;lakes;0
19070;59;51;128;lake;false;lakes;0
19071;12;58;128;lake;false;lakes;0
19072;26;90;128;lake;false;lakes;0
19073;21;32;128;lake;false;lakes;0
19074;44;20;128;lake;false;lakes;0
19075;55;58;128;lake;false;lakes;0
19076;52;73;128;lake;false;lakes;0
19077;53;66;128;lake;false;lakes;0
19078;58;90;128;lake;false;lakes;0
19079;20;76;128;lake;false;lakes;0
19080;13;36;128;lake;false;lakes;0
19081;26;62;128;lake;false;lakes;0
19082;45;95;128;lake;false;lakes;0
19083;13;90;128;lake;false;lakes;0
19084;14;92;128;lake;false;lakes;0
19085;52;91;128;lake;false;lakes;0
19086;27;63;128;lake;false;lakes;0
19087;59;74;128;lake;false;lakes;0
19088;203;56;128;lake;false;lakes;0
19089;204;105;128;lake;false;lakes;0
19090;141;103;128;lake;false;lakes;0
19091;184;68;128;lake;false;lakes;0
19092;162;64;128;lake;false;lakes;0
19093;196;111;128;lake;false;lakes;0
19094;153;53;128;lake;false;lakes;0
19095;142;52;128;lake;false;lakes;0
19096;188;111;128;lake;false;lakes;0
19097;174;113;128;lake;false;lakes;0
19098;173;102;128;lake;false;lakes;0
19099;178;122;128;lake;false;lakes;0
19100;171;90;128;lake;false;lakes;0
19101;193;105;128;lake;false;lakes;0
19102;178;54;128;lake;false;lakes;0
19103;180;57;128;lake;false;lakes;0
19104;132;66;128;lake;false;lakes;0
19105;141;100;128;lake;false;lakes;0
19106;188;59;128;lake;false;lakes;0
19107;194;93;128;lake;false;lakes;0
19108;197;56;128;lake;false;lakes;0
19109;187;120;128;lake;false;lakes;0
19110;51;210;128;lake;false;lakes;0
19111;32;178;128;lake;false;lakes;0
19112;43;209;128;lake;false;lakes;0
19113;44;183;128;lake;false;lakes;0
19114;29;196;128;lake;false;lakes;0
19115;32;168;128;lake;false;lakes;0
19116;15;200;128;lake;false;lakes;0
19117;50;230;128;lake;false;lakes;0
19118;23;243;128;lake;false;lakes;0
19119;7;181;128;lake;false;lakes;0
19120;50;101;128;lake;false;lakes;0
19121;72;82;128;lake;false;lakes;0
19122;81;139;128;lake;false;lakes;0
19123;42;111;128;lake;false;lakes;0
19124;210;111;128;lake;false;lakes;0
19125;240;129;128;lake;false;lakes;0
19126;216;127;128;lake;false;lakes;0
19127;225;63;128;lake;false;lakes;0
19128;200;71;128;lake;false;lakes;0
19129;101;67;128;lake;false;lakes;0
19130;58;112;128;lake;false;lakes;0
19131;84;129;128;lake;false;lakes;0
19132;75;111;128;lake;false;lakes;0
19133;28;204;128;lake;false;lakes;0
19134;86;189;128;lake;false;lakes;0
19135;46;231;128;lake;false;lakes;0
19136;85;236;128;lake;false;lakes;0
19137;77;234;128;lake;false;lakes;0
19138;37;67;128;lake;false;lakes;0
19139;158;61;128;lake;false;lakes;0
19140;197;53;128;lake;false;lakes;0
19141;234;112;128;lake;false;lakes;0
19142;84;200;128;lake;false;lakes;0
19143;61;239;128;lake;false;lakes;0
19144;55;247;128;lake;false;lakes;0
19145;203;143;128;lake;false;lakes;0
19146;69;252;128;lake;false;lakes;0
19147;137;86;128;lake;false;lakes;0
19148;199;152;128;lake;false;lakes;0
19149;158;86;128;lake;false;lakes;0
19150;28;219;128;lake;false;lakes;0
19151;29;69;128;lake;false;lakes;0
19152;135;155;128;lake;false;lakes;0
19153;100;58;128;lake;false;lakes;0
19154;158;144;128;lake;false;lakes;0
19155;181;20;128;lake;false;lakes;0
19156;86;156;128;lake;false;lakes;0
19157;210;22;128;lake;false;lakes;0
19158;112;107;128;lake;false;lakes;0
19159;43;218;128;lake;false;lakes;0
19160;105;96;128;lake;false;lakes;0
19161;89;218;128;lake;false;lakes;0
19162;43;40;128;lake;false;lakes;0
19163;180;72;128;lake;false;lakes;0
19164;174;186;128;lake;false;lakes;0
19165;47;74;128;lake;false;lakes;0
19166;198;225;128;lake;false;lakes;0
19167;93;19;128;lake;false;lakes;0
19168;100;171;128;lake;false;lakes;0
19169;251;19;128;lake;false;lakes;0
19170;147;163;128;lake;false;lakes;0
19171;225;47;128;lake;false;lakes;0
19172;21;89;128;lake;false;lakes;0
19173;148;223;128;lake;false;lakes;0
19174;73;131;128;lake;false;lakes;0
19175;156;17;128;lake;false;lakes;0
19176;21;132;128;lake;false;lakes;0
19177;169;234;128;lake;false;lakes;0
19178;111;162;128;lake;false;lakes;0
19179;224;17;128;lake;false;lakes;0
19180;208;100;128;lake;false;lakes;0
19181;105;226;128;lake;false;lakes;0
19182;41;120;128;lake;false;lakes;0
19183;128;220;128;lake;false;lakes;0
19184;125;63;128;lake;false;lakes;0
19185;239;159;128;lake;false;lakes;0
19186;195;66;128;lake;false;lakes;0
19187;46;190;128;lake;false;lakes;0
19188;27;42;128;lake;false;lakes;0
19189;185;154;128;lake;false;lakes;0
19190;87;24;128;lake;false;lakes;0
19191;183;183;128;lake;false;lakes;0
19192;154;215;128;lake;false;lakes;0
19193;242;112;128;lake;false;lakes;0
19194;124;213;128;lake;false;lakes;0
19195;51;109;128;lake;false;lakes;0
19196;64;243;128;lake;false;lakes;0
19197;130;116;128;lake;false;lakes;0
19198;80;233;128;lake;false;lakes;0
19199;150;103;128;lake;false;lakes;0
19200;200;197;128;lake;false;lakes;0
19201;87;28;128;lake;false;lakes;0
19202;31;161;128;lake;false;lakes;0
19203;74;71;128;lake;false;lakes;0
19204;102;165;128;lake;false;lakes;0
19205;209;11;128;lake;false;lakes;0
19206;173;189;128;lake;false;lakes;0
19207;28;16;128;lake;false;lakes;0
19208;216;3;128;lake;false;lakes;0
19209;27;103;128;lake;false;lakes;0
19210;20;70;128;lake;false;lakes;0
19211;40;188;128;lake;false;lakes;0
19212;197;239;128;lake;false;lakes;0
19213;172;98;128;lake;false;lakes;0
19214;191;36;128;lake;false;lakes;0
19215;186;158;128;lake;false;lakes;0
19216;56;249;128;lake;false;lakes;0
19217;102;80;128;lake;false;lakes;0
19218;168;224;128;lake;false;lakes;0
19219;170;60;128;lake;false;lakes;0
19220;13;171;128;lake;false;lakes;0
19221;8;69;128;lake;false;lakes;0
19222;75;240;128;lake;false;lakes;0
19223;38;70;128;lake;false;lakes;0
19224;75;161;128;lake;false;lakes;0
19225;50;253;128;lake;false;lakes;0
19226;77;132;128;lake;false;lakes;0
19227;148;27;128;lake;false;lakes;0
19228;243;86;128;lake;false;lakes;0
19229;240;181;128;lake;false;lakes;0
19230;31;129;128;lake;false;lakes;0
19231;52;221;128;lake;false;lakes;0
19232;186;38;128;lake;false;lakes;0
19233;143;209;128;lake;false;lakes;0
19234;241;89;128;lake;false;lakes;0
19235;229;208;128;lake;false;lakes;0
19236;95;31;128;lake;false;lakes;0
19237;65;198;128;lake;false;lakes;0
19238;118;42;128;lake;false;lakes;0
19239;105;209;128;lake;false;lakes;0
19240;148;42;128;lake;false;lakes;0
19241;148;169;128;lake;false;lakes;0
19242;113;50;128;lake;false;lakes;0
19243;144;222;128;lake;false;lakes;0
19244;44;28;128;lake;false;lakes;0
19245;42;135;128;lake;false;lakes;0
19246;107;21;128;lake;false;lakes;0
19247;89;174;128;lake;false;lakes;0
19248;179;4;128;lake;false;lakes;0
19249;237;138;128;lake;false;lakes;0
19250;246;25;128;lake;false;lakes;0
19251;253;121;128;lake;false;lakes;0
19252;79;252;128;lake;false;lakes;0
19253;140;71;128;lake;false;lakes;0
19254;142;222;128;lake;false;lakes;0
19255;191;97;128;lake;false;lakes;0
19256;214;162;128;lake;false;lakes;0
19257;202;50;128;lake;false;lakes;0
19258;246;169;128;lake;false;lakes;0
19259;253;31;128;lake;false;lakes;0
19260;117;139;128;lake;false;lakes;0
19261;96;3;128;lake;false;lakes;0
19262;106;120;128;lake;false;lakes;0
19263;135;12;128;lake;false;lakes;0
19264;45;135;128;lake;false;lakes;0
19265;19;238;128;lake;false;lakes;0
19266;64;124;128;lake;false;lakes;0
19267;38;205;128;lake;false;lakes;0
19268;229;112;128;lake;false;lakes;0
19269;212;182;128;lake;false;lakes;0
19270;241;135;128;lake;false;lakes;0
19271;218;189;128;lake;false;lakes;0
19272;193;64;128;lake;false;lakes;0
19273;234;225;128;lake;false;lakes;0
19274;12;139;128;lake;false;lakes;0
19275;15;251;128;lake;false;lakes;0
19276;99;78;128;lake;false;lakes;0
19277;175;195;128;lake;false;lakes;0
19278;156;86;128;lake;false;lakes;0
19279;228;172;128;lake;false;lakes;0
19280;28;29;128;lake;false;lakes;0
19281;98;169;128;lake;false;lakes;0
19282;61;34;128;lake;false;lakes;0
19283;139;207;128;lake;false;lakes;0
19284;212;3;128;lake;false;lakes;0
19285;241;139;128;lake;false;lakes;0
19286;45;35;128;lake;false;lakes;0
19287;7;134;128;lake;false;lakes;0
19288;51;216;128;lake;false;lakes;0
19289;64;49;128;lake;false;lakes;0
19290;92;208;128;lake;false;lakes;0
19291;108;97;128;lake;false;lakes;0
19292;185;196;128;lake;false;lakes;0
